iteration,expanded_state,parent,action,generated_successors,frontier_before,frontier_after,explored,g,h,f
1,"((5, 1), ())",,,"[((5, 2), ())]","[((5, 1), ())]","[((5, 2), ())]",1,0,53,53
2,"((5, 2), ())","((5, 1), ())",North,"[((5, 1), ()), ((6, 2), ())]","[((5, 2), ())]","[((6, 2), ())]",2,1,54,55
3,"((6, 2), ())","((5, 2), ())",East,"[((7, 2), ()), ((5, 2), ())]","[((6, 2), ())]","[((7, 2), ())]",3,2,55,57
4,"((7, 2), ())","((6, 2), ())",East,"[((8, 2), ()), ((6, 2), ())]","[((7, 2), ())]","[((8, 2), ())]",4,3,56,59
5,"((8, 2), ())","((7, 2), ())",East,"[((9, 2), ()), ((7, 2), ())]","[((8, 2), ())]","[((9, 2), ())]",5,4,57,61
6,"((9, 2), ())","((8, 2), ())",East,"[((9, 3), ()), ((8, 2), ())]","[((9, 2), ())]","[((9, 3), ())]",6,5,58,63
7,"((9, 3), ())","((9, 2), ())",North,"[((9, 4), ()), ((9, 2), ())]","[((9, 3), ())]","[((9, 4), ())]",7,6,59,65
8,"((9, 4), ())","((9, 3), ())",North,"[((9, 3), ()), ((10, 4), ()), ((8, 4), ())]","[((9, 4), ())]","[((8, 4), ()), ((10, 4), ())]",8,7,60,67
9,"((8, 4), ())","((9, 4), ())",West,"[((9, 4), ()), ((7, 4), ())]","[((8, 4), ()), ((10, 4), ())]","[((7, 4), ()), ((10, 4), ())]",9,8,59,67
10,"((7, 4), ())","((8, 4), ())",West,"[((8, 4), ()), ((6, 4), ())]","[((7, 4), ()), ((10, 4), ())]","[((6, 4), ()), ((10, 4), ())]",10,9,58,67
11,"((6, 4), ())","((7, 4), ())",West,"[((7, 4), ()), ((5, 4), ())]","[((6, 4), ()), ((10, 4), ())]","[((5, 4), ()), ((10, 4), ())]",11,10,57,67
12,"((5, 4), ())","((6, 4), ())",West,"[((5, 5), ()), ((6, 4), ()), ((4, 4), ())]","[((5, 4), ()), ((10, 4), ())]","[((4, 4), ()), ((5, 5), ()), ((10, 4), ())]",12,11,56,67
13,"((4, 4), ())","((5, 4), ())",West,"[((5, 4), ()), ((3, 4), ())]","[((4, 4), ()), ((5, 5), ()), ((10, 4), ())]","[((3, 4), ()), ((5, 5), ()), ((10, 4), ())]",13,12,55,67
14,"((3, 4), ())","((4, 4), ())",West,"[((3, 5), ()), ((3, 3), ()), ((4, 4), ())]","[((3, 4), ()), ((5, 5), ()), ((10, 4), ())]","[((3, 3), ()), ((10, 4), ()), ((3, 5), ()), ((5, 5), ())]",14,13,54,67
15,"((3, 3), ())","((3, 4), ())",South,"[((3, 4), ()), ((3, 2), ())]","[((3, 3), ()), ((10, 4), ()), ((3, 5), ()), ((5, 5), ())]","[((3, 2), ()), ((10, 4), ()), ((3, 5), ()), ((5, 5), ())]",15,14,53,67
16,"((3, 2), ())","((3, 3), ())",South,"[((3, 3), ()), ((3, 1), ()), ((2, 2), ())]","[((3, 2), ()), ((10, 4), ()), ((3, 5), ()), ((5, 5), ())]","[((3, 1), ()), ((2, 2), ()), ((3, 5), ()), ((5, 5), ()), ((10, 4), ())]",16,15,52,67
17,"((3, 1), ())","((3, 2), ())",South,"[((3, 2), ()), ((2, 1), ())]","[((3, 1), ()), ((2, 2), ()), ((3, 5), ()), ((5, 5), ()), ((10, 4), ())]","[((2, 2), ()), ((2, 1), ()), ((3, 5), ()), ((5, 5), ()), ((10, 4), ())]",17,16,51,67
18,"((2, 2), ())","((3, 2), ())",West,"[((2, 1), ()), ((3, 2), ()), ((1, 2), ())]","[((2, 2), ()), ((2, 1), ()), ((3, 5), ()), ((5, 5), ()), ((10, 4), ())]","[((2, 1), ()), ((1, 2), ()), ((3, 5), ()), ((5, 5), ()), ((10, 4), ())]",18,16,51,67
19,"((2, 1), ())","((3, 1), ())",West,"[((2, 2), ()), ((3, 1), ()), ((1, 1), ((1, 1),))]","[((2, 1), ()), ((1, 2), ()), ((3, 5), ()), ((5, 5), ()), ((10, 4), ())]","[((1, 2), ()), ((1, 1), ((1, 1),)), ((3, 5), ()), ((5, 5), ()), ((10, 4), ())]",19,17,50,67
20,"((1, 2), ())","((2, 2), ())",West,"[((1, 3), ()), ((1, 1), ((1, 1),)), ((2, 2), ())]","[((1, 2), ()), ((1, 1), ((1, 1),)), ((3, 5), ()), ((5, 5), ()), ((10, 4), ())]","[((1, 1), ((1, 1),)), ((10, 4), ()), ((3, 5), ()), ((5, 5), ()), ((1, 3), ())]",20,17,50,67
21,"((1, 1), ((1, 1),))","((2, 1), ())",West,"[((1, 2), ((1, 1),)), ((2, 1), ((1, 1),))]","[((1, 1), ((1, 1),)), ((10, 4), ()), ((3, 5), ()), ((5, 5), ()), ((1, 3), ())]","[((1, 2), ((1, 1),)), ((10, 4), ()), ((3, 5), ()), ((1, 3), ()), ((5, 5), ()), ((2, 1), ((1, 1),))]",21,18,49,67
22,"((1, 2), ((1, 1),))","((1, 1), ((1, 1),))",North,"[((1, 3), ((1, 1),)), ((1, 1), ((1, 1),)), ((2, 2), ((1, 1),))]","[((1, 2), ((1, 1),)), ((10, 4), ()), ((3, 5), ()), ((1, 3), ()), ((5, 5), ()), ((2, 1), ((1, 1),))]","[((1, 3), ((1, 1),)), ((5, 5), ()), ((10, 4), ()), ((1, 3), ()), ((2, 1), ((1, 1),)), ((3, 5), ()), ((2, 2), ((1, 1),))]",22,19,48,67
23,"((1, 3), ((1, 1),))","((1, 2), ((1, 1),))",North,"[((1, 4), ((1, 1),)), ((1, 2), ((1, 1),))]","[((1, 3), ((1, 1),)), ((5, 5), ()), ((10, 4), ()), ((1, 3), ()), ((2, 1), ((1, 1),)), ((3, 5), ()), ((2, 2), ((1, 1),))]","[((1, 4), ((1, 1),)), ((5, 5), ()), ((10, 4), ()), ((1, 3), ()), ((2, 1), ((1, 1),)), ((2, 2), ((1, 1),)), ((3, 5), ())]",23,20,47,67
24,"((1, 4), ((1, 1),))","((1, 3), ((1, 1),))",North,"[((1, 3), ((1, 1),))]","[((1, 4), ((1, 1),)), ((5, 5), ()), ((10, 4), ()), ((1, 3), ()), ((2, 1), ((1, 1),)), ((2, 2), ((1, 1),)), ((3, 5), ())]","[((10, 4), ()), ((5, 5), ()), ((3, 5), ()), ((1, 3), ()), ((2, 1), ((1, 1),)), ((2, 2), ((1, 1),))]",24,21,46,67
25,"((10, 4), ())","((9, 4), ())",East,"[((11, 4), ()), ((9, 4), ())]","[((10, 4), ()), ((5, 5), ()), ((3, 5), ()), ((1, 3), ()), ((2, 1), ((1, 1),)), ((2, 2), ((1, 1),))]","[((5, 5), ()), ((1, 3), ()), ((3, 5), ()), ((2, 2), ((1, 1),)), ((2, 1), ((1, 1),)), ((11, 4), ())]",25,8,61,69
26,"((5, 5), ())","((5, 4), ())",North,"[((5, 6), ()), ((5, 4), ())]","[((5, 5), ()), ((1, 3), ()), ((3, 5), ()), ((2, 2), ((1, 1),)), ((2, 1), ((1, 1),)), ((11, 4), ())]","[((3, 5), ()), ((1, 3), ()), ((11, 4), ()), ((2, 2), ((1, 1),)), ((2, 1), ((1, 1),)), ((5, 6), ())]",26,12,57,69
27,"((3, 5), ())","((3, 4), ())",North,"[((3, 6), ()), ((3, 4), ())]","[((3, 5), ()), ((1, 3), ()), ((11, 4), ()), ((2, 2), ((1, 1),)), ((2, 1), ((1, 1),)), ((5, 6), ())]","[((1, 3), ()), ((2, 1), ((1, 1),)), ((11, 4), ()), ((2, 2), ((1, 1),)), ((5, 6), ()), ((3, 6), ())]",27,14,55,69
28,"((1, 3), ())","((1, 2), ())",North,"[((1, 4), ()), ((1, 2), ())]","[((1, 3), ()), ((2, 1), ((1, 1),)), ((11, 4), ()), ((2, 2), ((1, 1),)), ((5, 6), ()), ((3, 6), ())]","[((2, 1), ((1, 1),)), ((2, 2), ((1, 1),)), ((11, 4), ()), ((3, 6), ()), ((5, 6), ()), ((1, 4), ())]",28,18,51,69
29,"((2, 1), ((1, 1),))","((1, 1), ((1, 1),))",East,"[((2, 2), ((1, 1),)), ((3, 1), ((1, 1),)), ((1, 1), ((1, 1),))]","[((2, 1), ((1, 1),)), ((2, 2), ((1, 1),)), ((11, 4), ()), ((3, 6), ()), ((5, 6), ()), ((1, 4), ())]","[((2, 2), ((1, 1),)), ((5, 6), ()), ((11, 4), ()), ((3, 6), ()), ((1, 4), ()), ((3, 1), ((1, 1),))]",29,19,50,69
30,"((2, 2), ((1, 1),))","((1, 2), ((1, 1),))",East,"[((2, 1), ((1, 1),)), ((3, 2), ((1, 1),)), ((1, 2), ((1, 1),))]","[((2, 2), ((1, 1),)), ((5, 6), ()), ((11, 4), ()), ((3, 6), ()), ((1, 4), ()), ((3, 1), ((1, 1),))]","[((11, 4), ()), ((5, 6), ()), ((3, 1), ((1, 1),)), ((3, 6), ()), ((1, 4), ()), ((3, 2), ((1, 1),))]",30,20,49,69
31,"((11, 4), ())","((10, 4), ())",East,"[((11, 3), ()), ((12, 4), ()), ((10, 4), ())]","[((11, 4), ()), ((5, 6), ()), ((3, 1), ((1, 1),)), ((3, 6), ()), ((1, 4), ()), ((3, 2), ((1, 1),))]","[((5, 6), ()), ((3, 6), ()), ((3, 1), ((1, 1),)), ((3, 2), ((1, 1),)), ((1, 4), ()), ((11, 3), ()), ((12, 4), ())]",31,9,62,71
32,"((5, 6), ())","((5, 5), ())",North,"[((5, 7), ()), ((5, 5), ()), ((6, 6), ()), ((4, 6), ())]","[((5, 6), ()), ((3, 6), ()), ((3, 1), ((1, 1),)), ((3, 2), ((1, 1),)), ((1, 4), ()), ((11, 3), ()), ((12, 4), ())]","[((3, 6), ()), ((1, 4), ()), ((3, 1), ((1, 1),)), ((3, 2), ((1, 1),)), ((12, 4), ()), ((11, 3), ()), ((5, 7), ()), ((6, 6), ()), ((4, 6), ())]",32,13,58,71
33,"((3, 6), ())","((3, 5), ())",North,"[((3, 5), ()), ((4, 6), ()), ((2, 6), ())]","[((3, 6), ()), ((1, 4), ()), ((3, 1), ((1, 1),)), ((3, 2), ((1, 1),)), ((12, 4), ()), ((11, 3), ()), ((5, 7), ()), ((6, 6), ()), ((4, 6), ())]","[((1, 4), ()), ((3, 2), ((1, 1),)), ((3, 1), ((1, 1),)), ((4, 6), ()), ((12, 4), ()), ((11, 3), ()), ((5, 7), ()), ((6, 6), ()), ((2, 6), ())]",33,15,56,71
34,"((1, 4), ())","((1, 3), ())",North,"[((1, 3), ())]","[((1, 4), ()), ((3, 2), ((1, 1),)), ((3, 1), ((1, 1),)), ((4, 6), ()), ((12, 4), ()), ((11, 3), ()), ((5, 7), ()), ((6, 6), ()), ((2, 6), ())]","[((3, 1), ((1, 1),)), ((3, 2), ((1, 1),)), ((11, 3), ()), ((4, 6), ()), ((12, 4), ()), ((2, 6), ()), ((5, 7), ()), ((6, 6), ())]",34,19,52,71
35,"((3, 1), ((1, 1),))","((2, 1), ((1, 1),))",East,"[((3, 2), ((1, 1),)), ((2, 1), ((1, 1),))]","[((3, 1), ((1, 1),)), ((3, 2), ((1, 1),)), ((11, 3), ()), ((4, 6), ()), ((12, 4), ()), ((2, 6), ()), ((5, 7), ()), ((6, 6), ())]","[((3, 2), ((1, 1),)), ((4, 6), ()), ((11, 3), ()), ((6, 6), ()), ((12, 4), ()), ((2, 6), ()), ((5, 7), ())]",35,20,51,71
36,"((3, 2), ((1, 1),))","((2, 2), ((1, 1),))",East,"[((3, 3), ((1, 1),)), ((3, 1), ((1, 1),)), ((2, 2), ((1, 1),))]","[((3, 2), ((1, 1),)), ((4, 6), ()), ((11, 3), ()), ((6, 6), ()), ((12, 4), ()), ((2, 6), ()), ((5, 7), ())]","[((11, 3), ()), ((4, 6), ()), ((2, 6), ()), ((6, 6), ()), ((12, 4), ()), ((5, 7), ()), ((3, 3), ((1, 1),))]",36,21,50,71
37,"((11, 3), ())","((11, 4), ())",South,"[((11, 4), ()), ((11, 2), ())]","[((11, 3), ()), ((4, 6), ()), ((2, 6), ()), ((6, 6), ()), ((12, 4), ()), ((5, 7), ()), ((3, 3), ((1, 1),))]","[((4, 6), ()), ((3, 3), ((1, 1),)), ((2, 6), ()), ((6, 6), ()), ((12, 4), ()), ((5, 7), ()), ((11, 2), ())]",37,10,61,71
38,"((4, 6), ())","((5, 6), ())",West,"[((5, 6), ()), ((3, 6), ())]","[((4, 6), ()), ((3, 3), ((1, 1),)), ((2, 6), ()), ((6, 6), ()), ((12, 4), ()), ((5, 7), ()), ((11, 2), ())]","[((2, 6), ()), ((3, 3), ((1, 1),)), ((11, 2), ()), ((6, 6), ()), ((12, 4), ()), ((5, 7), ())]",38,14,57,71
39,"((2, 6), ())","((3, 6), ())",West,"[((3, 6), ()), ((1, 6), ())]","[((2, 6), ()), ((3, 3), ((1, 1),)), ((11, 2), ()), ((6, 6), ()), ((12, 4), ()), ((5, 7), ())]","[((3, 3), ((1, 1),)), ((5, 7), ()), ((11, 2), ()), ((6, 6), ()), ((12, 4), ()), ((1, 6), ())]",39,16,55,71
40,"((3, 3), ((1, 1),))","((3, 2), ((1, 1),))",North,"[((3, 4), ((1, 1),)), ((3, 2), ((1, 1),))]","[((3, 3), ((1, 1),)), ((5, 7), ()), ((11, 2), ()), ((6, 6), ()), ((12, 4), ()), ((1, 6), ())]","[((11, 2), ()), ((5, 7), ()), ((1, 6), ()), ((6, 6), ()), ((12, 4), ()), ((3, 4), ((1, 1),))]",40,22,49,71
41,"((11, 2), ())","((11, 3), ())",South,"[((11, 3), ()), ((11, 1), ()), ((12, 2), ())]","[((11, 2), ()), ((5, 7), ()), ((1, 6), ()), ((6, 6), ()), ((12, 4), ()), ((3, 4), ((1, 1),))]","[((1, 6), ()), ((5, 7), ()), ((3, 4), ((1, 1),)), ((6, 6), ()), ((12, 4), ()), ((11, 1), ()), ((12, 2), ())]",41,11,60,71
42,"((1, 6), ())","((2, 6), ())",West,"[((1, 7), ()), ((2, 6), ())]","[((1, 6), ()), ((5, 7), ()), ((3, 4), ((1, 1),)), ((6, 6), ()), ((12, 4), ()), ((11, 1), ()), ((12, 2), ())]","[((3, 4), ((1, 1),)), ((5, 7), ()), ((11, 1), ()), ((6, 6), ()), ((12, 4), ()), ((12, 2), ()), ((1, 7), ())]",42,17,54,71
43,"((3, 4), ((1, 1),))","((3, 3), ((1, 1),))",North,"[((3, 5), ((1, 1),)), ((3, 3), ((1, 1),)), ((4, 4), ((1, 1),))]","[((3, 4), ((1, 1),)), ((5, 7), ()), ((11, 1), ()), ((6, 6), ()), ((12, 4), ()), ((12, 2), ()), ((1, 7), ())]","[((11, 1), ()), ((5, 7), ()), ((3, 5), ((1, 1),)), ((6, 6), ()), ((12, 4), ()), ((12, 2), ()), ((1, 7), ()), ((4, 4), ((1, 1),))]",43,23,48,71
44,"((11, 1), ())","((11, 2), ())",South,"[((11, 2), ()), ((12, 1), ())]","[((11, 1), ()), ((5, 7), ()), ((3, 5), ((1, 1),)), ((6, 6), ()), ((12, 4), ()), ((12, 2), ()), ((1, 7), ()), ((4, 4), ((1, 1),))]","[((3, 5), ((1, 1),)), ((5, 7), ()), ((1, 7), ()), ((6, 6), ()), ((12, 4), ()), ((12, 2), ()), ((4, 4), ((1, 1),)), ((12, 1), ())]",44,12,59,71
45,"((3, 5), ((1, 1),))","((3, 4), ((1, 1),))",North,"[((3, 6), ((1, 1),)), ((3, 4), ((1, 1),))]","[((3, 5), ((1, 1),)), ((5, 7), ()), ((1, 7), ()), ((6, 6), ()), ((12, 4), ()), ((12, 2), ()), ((4, 4), ((1, 1),)), ((12, 1), ())]","[((3, 6), ((1, 1),)), ((5, 7), ()), ((1, 7), ()), ((12, 4), ()), ((12, 1), ()), ((12, 2), ()), ((4, 4), ((1, 1),)), ((6, 6), ())]",45,24,47,71
46,"((3, 6), ((1, 1),))","((3, 5), ((1, 1),))",North,"[((3, 5), ((1, 1),)), ((4, 6), ((1, 1),)), ((2, 6), ((1, 1),))]","[((3, 6), ((1, 1),)), ((5, 7), ()), ((1, 7), ()), ((12, 4), ()), ((12, 1), ()), ((12, 2), ()), ((4, 4), ((1, 1),)), ((6, 6), ())]","[((2, 6), ((1, 1),)), ((5, 7), ()), ((1, 7), ()), ((12, 4), ()), ((12, 1), ()), ((12, 2), ()), ((4, 4), ((1, 1),)), ((4, 6), ((1, 1),)), ((6, 6), ())]",46,25,46,71
47,"((2, 6), ((1, 1),))","((3, 6), ((1, 1),))",West,"[((3, 6), ((1, 1),)), ((1, 6), ((1, 1),))]","[((2, 6), ((1, 1),)), ((5, 7), ()), ((1, 7), ()), ((12, 4), ()), ((12, 1), ()), ((12, 2), ()), ((4, 4), ((1, 1),)), ((4, 6), ((1, 1),)), ((6, 6), ())]","[((1, 6), ((1, 1),)), ((5, 7), ()), ((1, 7), ()), ((12, 4), ()), ((12, 1), ()), ((12, 2), ()), ((4, 4), ((1, 1),)), ((4, 6), ((1, 1),)), ((6, 6), ())]",47,26,45,71
48,"((1, 6), ((1, 1),))","((2, 6), ((1, 1),))",West,"[((1, 7), ((1, 1),)), ((2, 6), ((1, 1),))]","[((1, 6), ((1, 1),)), ((5, 7), ()), ((1, 7), ()), ((12, 4), ()), ((12, 1), ()), ((12, 2), ()), ((4, 4), ((1, 1),)), ((4, 6), ((1, 1),)), ((6, 6), ())]","[((1, 7), ((1, 1),)), ((5, 7), ()), ((1, 7), ()), ((12, 4), ()), ((12, 1), ()), ((12, 2), ()), ((4, 4), ((1, 1),)), ((4, 6), ((1, 1),)), ((6, 6), ())]",48,27,44,71
49,"((1, 7), ((1, 1),))","((1, 6), ((1, 1),))",North,"[((1, 8), ((1, 1),)), ((1, 6), ((1, 1),))]","[((1, 7), ((1, 1),)), ((5, 7), ()), ((1, 7), ()), ((12, 4), ()), ((12, 1), ()), ((12, 2), ()), ((4, 4), ((1, 1),)), ((4, 6), ((1, 1),)), ((6, 6), ())]","[((1, 8), ((1, 1),)), ((5, 7), ()), ((1, 7), ()), ((12, 4), ()), ((12, 1), ()), ((12, 2), ()), ((4, 4), ((1, 1),)), ((4, 6), ((1, 1),)), ((6, 6), ())]",49,28,43,71
50,"((1, 8), ((1, 1),))","((1, 7), ((1, 1),))",North,"[((1, 7), ((1, 1),)), ((2, 8), ((1, 1),))]","[((1, 8), ((1, 1),)), ((5, 7), ()), ((1, 7), ()), ((12, 4), ()), ((12, 1), ()), ((12, 2), ()), ((4, 4), ((1, 1),)), ((4, 6), ((1, 1),)), ((6, 6), ())]","[((5, 7), ()), ((12, 4), ()), ((1, 7), ()), ((6, 6), ()), ((12, 1), ()), ((12, 2), ()), ((4, 4), ((1, 1),)), ((4, 6), ((1, 1),)), ((2, 8), ((1, 1),))]",50,29,42,71
51,"((5, 7), ())","((5, 6), ())",North,"[((5, 8), ()), ((5, 6), ())]","[((5, 7), ()), ((12, 4), ()), ((1, 7), ()), ((6, 6), ()), ((12, 1), ()), ((12, 2), ()), ((4, 4), ((1, 1),)), ((4, 6), ((1, 1),)), ((2, 8), ((1, 1),))]","[((1, 7), ()), ((5, 8), ()), ((12, 2), ()), ((12, 4), ()), ((12, 1), ()), ((2, 8), ((1, 1),)), ((4, 4), ((1, 1),)), ((4, 6), ((1, 1),)), ((6, 6), ())]",51,14,58,72
52,"((1, 7), ())","((1, 6), ())",North,"[((1, 8), ()), ((1, 6), ())]","[((1, 7), ()), ((5, 8), ()), ((12, 2), ()), ((12, 4), ()), ((12, 1), ()), ((2, 8), ((1, 1),)), ((4, 4), ((1, 1),)), ((4, 6), ((1, 1),)), ((6, 6), ())]","[((5, 8), ()), ((1, 8), ()), ((12, 2), ()), ((12, 4), ()), ((12, 1), ()), ((2, 8), ((1, 1),)), ((4, 4), ((1, 1),)), ((4, 6), ((1, 1),)), ((6, 6), ())]",52,18,54,72
53,"((5, 8), ())","((5, 7), ())",North,"[((5, 9), ()), ((5, 7), ())]","[((5, 8), ()), ((1, 8), ()), ((12, 2), ()), ((12, 4), ()), ((12, 1), ()), ((2, 8), ((1, 1),)), ((4, 4), ((1, 1),)), ((4, 6), ((1, 1),)), ((6, 6), ())]","[((1, 8), ()), ((5, 9), ()), ((12, 2), ()), ((12, 4), ()), ((12, 1), ()), ((2, 8), ((1, 1),)), ((4, 4), ((1, 1),)), ((4, 6), ((1, 1),)), ((6, 6), ())]",53,15,57,72
54,"((1, 8), ())","((1, 7), ())",North,"[((1, 7), ()), ((2, 8), ())]","[((1, 8), ()), ((5, 9), ()), ((12, 2), ()), ((12, 4), ()), ((12, 1), ()), ((2, 8), ((1, 1),)), ((4, 4), ((1, 1),)), ((4, 6), ((1, 1),)), ((6, 6), ())]","[((5, 9), ()), ((12, 4), ()), ((12, 2), ()), ((6, 6), ()), ((12, 1), ()), ((2, 8), ((1, 1),)), ((4, 4), ((1, 1),)), ((4, 6), ((1, 1),)), ((2, 8), ())]",54,19,53,72
55,"((5, 9), ())","((5, 8), ())",North,"[((5, 10), ()), ((5, 8), ())]","[((5, 9), ()), ((12, 4), ()), ((12, 2), ()), ((6, 6), ()), ((12, 1), ()), ((2, 8), ((1, 1),)), ((4, 4), ((1, 1),)), ((4, 6), ((1, 1),)), ((2, 8), ())]","[((5, 10), ()), ((12, 4), ()), ((12, 2), ()), ((6, 6), ()), ((12, 1), ()), ((2, 8), ((1, 1),)), ((4, 4), ((1, 1),)), ((2, 8), ()), ((4, 6), ((1, 1),))]",55,16,56,72
56,"((5, 10), ())","((5, 9), ())",North,"[((5, 11), ()), ((5, 9), ()), ((6, 10), ()), ((4, 10), ())]","[((5, 10), ()), ((12, 4), ()), ((12, 2), ()), ((6, 6), ()), ((12, 1), ()), ((2, 8), ((1, 1),)), ((4, 4), ((1, 1),)), ((2, 8), ()), ((4, 6), ((1, 1),))]","[((5, 11), ()), ((4, 10), ()), ((12, 2), ()), ((6, 6), ()), ((12, 4), ()), ((2, 8), ((1, 1),)), ((4, 4), ((1, 1),)), ((2, 8), ()), ((4, 6), ((1, 1),)), ((6, 10), ()), ((12, 1), ())]",56,17,55,72
57,"((5, 11), ())","((5, 10), ())",North,"[((5, 12), ()), ((5, 10), ()), ((6, 11), ()), ((4, 11), ())]","[((5, 11), ()), ((4, 10), ()), ((12, 2), ()), ((6, 6), ()), ((12, 4), ()), ((2, 8), ((1, 1),)), ((4, 4), ((1, 1),)), ((2, 8), ()), ((4, 6), ((1, 1),)), ((6, 10), ()), ((12, 1), ())]","[((4, 10), ()), ((5, 12), ()), ((4, 11), ()), ((6, 6), ()), ((12, 4), ()), ((12, 2), ()), ((4, 4), ((1, 1),)), ((2, 8), ()), ((4, 6), ((1, 1),)), ((6, 10), ()), ((12, 1), ()), ((6, 11), ()), ((2, 8), ((1, 1),))]",57,18,54,72
58,"((4, 10), ())","((5, 10), ())",West,"[((4, 11), ()), ((5, 10), ()), ((3, 10), ())]","[((4, 10), ()), ((5, 12), ()), ((4, 11), ()), ((6, 6), ()), ((12, 4), ()), ((12, 2), ()), ((4, 4), ((1, 1),)), ((2, 8), ()), ((4, 6), ((1, 1),)), ((6, 10), ()), ((12, 1), ()), ((6, 11), ()), ((2, 8), ((1, 1),))]","[((5, 12), ()), ((12, 4), ()), ((4, 11), ()), ((6, 6), ()), ((12, 1), ()), ((3, 10), ()), ((4, 4), ((1, 1),)), ((2, 8), ()), ((4, 6), ((1, 1),)), ((6, 10), ()), ((2, 8), ((1, 1),)), ((6, 11), ()), ((12, 2), ())]",58,18,54,72
59,"((5, 12), ())","((5, 11), ())",North,"[((5, 11), ()), ((6, 12), ()), ((4, 12), ())]","[((5, 12), ()), ((12, 4), ()), ((4, 11), ()), ((6, 6), ()), ((12, 1), ()), ((3, 10), ()), ((4, 4), ((1, 1),)), ((2, 8), ()), ((4, 6), ((1, 1),)), ((6, 10), ()), ((2, 8), ((1, 1),)), ((6, 11), ()), ((12, 2), ())]","[((4, 11), ()), ((12, 4), ()), ((3, 10), ()), ((6, 6), ()), ((12, 1), ()), ((12, 2), ()), ((4, 12), ()), ((2, 8), ()), ((4, 6), ((1, 1),)), ((6, 10), ()), ((2, 8), ((1, 1),)), ((6, 11), ()), ((6, 12), ()), ((4, 4), ((1, 1),))]",59,19,53,72
60,"((4, 11), ())","((5, 11), ())",West,"[((4, 12), ()), ((4, 10), ()), ((5, 11), ()), ((3, 11), ())]","[((4, 11), ()), ((12, 4), ()), ((3, 10), ()), ((6, 6), ()), ((12, 1), ()), ((12, 2), ()), ((4, 12), ()), ((2, 8), ()), ((4, 6), ((1, 1),)), ((6, 10), ()), ((2, 8), ((1, 1),)), ((6, 11), ()), ((6, 12), ()), ((4, 4), ((1, 1),))]","[((3, 10), ()), ((12, 4), ()), ((4, 12), ()), ((6, 6), ()), ((12, 1), ()), ((12, 2), ()), ((3, 11), ()), ((2, 8), ()), ((4, 6), ((1, 1),)), ((6, 10), ()), ((2, 8), ((1, 1),)), ((6, 11), ()), ((6, 12), ()), ((4, 4), ((1, 1),))]",60,19,53,72
61,"((3, 10), ())","((4, 10), ())",West,"[((3, 11), ()), ((4, 10), ()), ((2, 10), ())]","[((3, 10), ()), ((12, 4), ()), ((4, 12), ()), ((6, 6), ()), ((12, 1), ()), ((12, 2), ()), ((3, 11), ()), ((2, 8), ()), ((4, 6), ((1, 1),)), ((6, 10), ()), ((2, 8), ((1, 1),)), ((6, 11), ()), ((6, 12), ()), ((4, 4), ((1, 1),))]","[((4, 12), ()), ((12, 4), ()), ((3, 11), ()), ((6, 6), ()), ((12, 1), ()), ((12, 2), ()), ((2, 10), ()), ((2, 8), ()), ((4, 6), ((1, 1),)), ((6, 10), ()), ((2, 8), ((1, 1),)), ((6, 11), ()), ((6, 12), ()), ((4, 4), ((1, 1),))]",61,19,53,72
62,"((4, 12), ())","((5, 12), ())",West,"[((4, 11), ()), ((5, 12), ()), ((3, 12), ())]","[((4, 12), ()), ((12, 4), ()), ((3, 11), ()), ((6, 6), ()), ((12, 1), ()), ((12, 2), ()), ((2, 10), ()), ((2, 8), ()), ((4, 6), ((1, 1),)), ((6, 10), ()), ((2, 8), ((1, 1),)), ((6, 11), ()), ((6, 12), ()), ((4, 4), ((1, 1),))]","[((3, 11), ()), ((12, 4), ()), ((2, 10), ()), ((6, 6), ()), ((12, 1), ()), ((12, 2), ()), ((3, 12), ()), ((2, 8), ()), ((4, 6), ((1, 1),)), ((6, 10), ()), ((2, 8), ((1, 1),)), ((6, 11), ()), ((6, 12), ()), ((4, 4), ((1, 1),))]",62,20,52,72
63,"((3, 11), ())","((4, 11), ())",West,"[((3, 12), ()), ((3, 10), ()), ((4, 11), ()), ((2, 11), ())]","[((3, 11), ()), ((12, 4), ()), ((2, 10), ()), ((6, 6), ()), ((12, 1), ()), ((12, 2), ()), ((3, 12), ()), ((2, 8), ()), ((4, 6), ((1, 1),)), ((6, 10), ()), ((2, 8), ((1, 1),)), ((6, 11), ()), ((6, 12), ()), ((4, 4), ((1, 1),))]","[((2, 10), ()), ((12, 4), ()), ((3, 12), ()), ((6, 6), ()), ((12, 1), ()), ((12, 2), ()), ((2, 11), ()), ((2, 8), ()), ((4, 6), ((1, 1),)), ((6, 10), ()), ((2, 8), ((1, 1),)), ((6, 11), ()), ((6, 12), ()), ((4, 4), ((1, 1),))]",63,20,52,72
64,"((2, 10), ())","((3, 10), ())",West,"[((2, 11), ()), ((3, 10), ()), ((1, 10), ())]","[((2, 10), ()), ((12, 4), ()), ((3, 12), ()), ((6, 6), ()), ((12, 1), ()), ((12, 2), ()), ((2, 11), ()), ((2, 8), ()), ((4, 6), ((1, 1),)), ((6, 10), ()), ((2, 8), ((1, 1),)), ((6, 11), ()), ((6, 12), ()), ((4, 4), ((1, 1),))]","[((3, 12), ()), ((12, 4), ()), ((2, 11), ()), ((6, 6), ()), ((12, 1), ()), ((12, 2), ()), ((1, 10), ()), ((2, 8), ()), ((4, 6), ((1, 1),)), ((6, 10), ()), ((2, 8), ((1, 1),)), ((6, 11), ()), ((6, 12), ()), ((4, 4), ((1, 1),))]",64,20,52,72
65,"((3, 12), ())","((4, 12), ())",West,"[((3, 11), ()), ((4, 12), ()), ((2, 12), ())]","[((3, 12), ()), ((12, 4), ()), ((2, 11), ()), ((6, 6), ()), ((12, 1), ()), ((12, 2), ()), ((1, 10), ()), ((2, 8), ()), ((4, 6), ((1, 1),)), ((6, 10), ()), ((2, 8), ((1, 1),)), ((6, 11), ()), ((6, 12), ()), ((4, 4), ((1, 1),))]","[((2, 11), ()), ((12, 4), ()), ((1, 10), ()), ((6, 6), ()), ((12, 1), ()), ((12, 2), ()), ((2, 12), ()), ((2, 8), ()), ((4, 6), ((1, 1),)), ((6, 10), ()), ((2, 8), ((1, 1),)), ((6, 11), ()), ((6, 12), ()), ((4, 4), ((1, 1),))]",65,21,51,72
66,"((2, 11), ())","((3, 11), ())",West,"[((2, 12), ()), ((2, 10), ()), ((3, 11), ()), ((1, 11), ())]","[((2, 11), ()), ((12, 4), ()), ((1, 10), ()), ((6, 6), ()), ((12, 1), ()), ((12, 2), ()), ((2, 12), ()), ((2, 8), ()), ((4, 6), ((1, 1),)), ((6, 10), ()), ((2, 8), ((1, 1),)), ((6, 11), ()), ((6, 12), ()), ((4, 4), ((1, 1),))]","[((1, 10), ()), ((12, 4), ()), ((2, 12), ()), ((6, 6), ()), ((12, 1), ()), ((12, 2), ()), ((1, 11), ()), ((2, 8), ()), ((4, 6), ((1, 1),)), ((6, 10), ()), ((2, 8), ((1, 1),)), ((6, 11), ()), ((6, 12), ()), ((4, 4), ((1, 1),))]",66,21,51,72
67,"((1, 10), ())","((2, 10), ())",West,"[((1, 11), ()), ((2, 10), ())]","[((1, 10), ()), ((12, 4), ()), ((2, 12), ()), ((6, 6), ()), ((12, 1), ()), ((12, 2), ()), ((1, 11), ()), ((2, 8), ()), ((4, 6), ((1, 1),)), ((6, 10), ()), ((2, 8), ((1, 1),)), ((6, 11), ()), ((6, 12), ()), ((4, 4), ((1, 1),))]","[((2, 12), ()), ((12, 4), ()), ((1, 11), ()), ((6, 6), ()), ((12, 1), ()), ((12, 2), ()), ((4, 4), ((1, 1),)), ((2, 8), ()), ((4, 6), ((1, 1),)), ((6, 10), ()), ((2, 8), ((1, 1),)), ((6, 11), ()), ((6, 12), ())]",67,21,51,72
68,"((2, 12), ())","((3, 12), ())",West,"[((2, 11), ()), ((3, 12), ()), ((1, 12), ((1, 12),))]","[((2, 12), ()), ((12, 4), ()), ((1, 11), ()), ((6, 6), ()), ((12, 1), ()), ((12, 2), ()), ((4, 4), ((1, 1),)), ((2, 8), ()), ((4, 6), ((1, 1),)), ((6, 10), ()), ((2, 8), ((1, 1),)), ((6, 11), ()), ((6, 12), ())]","[((1, 11), ()), ((12, 4), ()), ((1, 12), ((1, 12),)), ((6, 6), ()), ((12, 1), ()), ((12, 2), ()), ((4, 4), ((1, 1),)), ((2, 8), ()), ((4, 6), ((1, 1),)), ((6, 10), ()), ((2, 8), ((1, 1),)), ((6, 12), ()), ((6, 11), ())]",68,22,50,72
69,"((1, 11), ())","((2, 11), ())",West,"[((1, 12), ((1, 12),)), ((1, 10), ()), ((2, 11), ())]","[((1, 11), ()), ((12, 4), ()), ((1, 12), ((1, 12),)), ((6, 6), ()), ((12, 1), ()), ((12, 2), ()), ((4, 4), ((1, 1),)), ((2, 8), ()), ((4, 6), ((1, 1),)), ((6, 10), ()), ((2, 8), ((1, 1),)), ((6, 12), ()), ((6, 11), ())]","[((1, 12), ((1, 12),)), ((12, 4), ()), ((12, 2), ()), ((6, 6), ()), ((12, 1), ()), ((6, 11), ()), ((4, 4), ((1, 1),)), ((2, 8), ()), ((4, 6), ((1, 1),)), ((6, 10), ()), ((2, 8), ((1, 1),)), ((6, 12), ())]",69,22,50,72
70,"((1, 12), ((1, 12),))","((2, 12), ())",West,"[((1, 11), ((1, 12),)), ((2, 12), ((1, 12),))]","[((1, 12), ((1, 12),)), ((12, 4), ()), ((12, 2), ()), ((6, 6), ()), ((12, 1), ()), ((6, 11), ()), ((4, 4), ((1, 1),)), ((2, 8), ()), ((4, 6), ((1, 1),)), ((6, 10), ()), ((2, 8), ((1, 1),)), ((6, 12), ())]","[((1, 11), ((1, 12),)), ((6, 6), ()), ((12, 4), ()), ((4, 6), ((1, 1),)), ((12, 1), ()), ((12, 2), ()), ((4, 4), ((1, 1),)), ((2, 8), ()), ((6, 12), ()), ((6, 10), ()), ((2, 8), ((1, 1),)), ((6, 11), ()), ((2, 12), ((1, 12),))]",70,23,49,72
71,"((1, 11), ((1, 12),))","((1, 12), ((1, 12),))",South,"[((1, 12), ((1, 12),)), ((1, 10), ((1, 12),)), ((2, 11), ((1, 12),))]","[((1, 11), ((1, 12),)), ((6, 6), ()), ((12, 4), ()), ((4, 6), ((1, 1),)), ((12, 1), ()), ((12, 2), ()), ((4, 4), ((1, 1),)), ((2, 8), ()), ((6, 12), ()), ((6, 10), ()), ((2, 8), ((1, 1),)), ((6, 11), ()), ((2, 12), ((1, 12),))]","[((1, 10), ((1, 12),)), ((6, 6), ()), ((12, 4), ()), ((4, 6), ((1, 1),)), ((12, 1), ()), ((12, 2), ()), ((4, 4), ((1, 1),)), ((2, 8), ()), ((6, 12), ()), ((6, 10), ()), ((2, 8), ((1, 1),)), ((2, 12), ((1, 12),)), ((6, 11), ()), ((2, 11), ((1, 12),))]",71,24,48,72
72,"((1, 10), ((1, 12),))","((1, 11), ((1, 12),))",South,"[((1, 11), ((1, 12),)), ((2, 10), ((1, 12),))]","[((1, 10), ((1, 12),)), ((6, 6), ()), ((12, 4), ()), ((4, 6), ((1, 1),)), ((12, 1), ()), ((12, 2), ()), ((4, 4), ((1, 1),)), ((2, 8), ()), ((6, 12), ()), ((6, 10), ()), ((2, 8), ((1, 1),)), ((2, 12), ((1, 12),)), ((6, 11), ()), ((2, 11), ((1, 12),))]","[((12, 4), ()), ((6, 6), ()), ((12, 2), ()), ((4, 6), ((1, 1),)), ((12, 1), ()), ((6, 11), ()), ((4, 4), ((1, 1),)), ((2, 8), ()), ((6, 12), ()), ((6, 10), ()), ((2, 8), ((1, 1),)), ((2, 12), ((1, 12),)), ((2, 11), ((1, 12),)), ((2, 10), ((1, 12),))]",72,25,47,72
73,"((12, 4), ())","((11, 4), ())",East,"[((13, 4), ()), ((11, 4), ())]","[((12, 4), ()), ((6, 6), ()), ((12, 2), ()), ((4, 6), ((1, 1),)), ((12, 1), ()), ((6, 11), ()), ((4, 4), ((1, 1),)), ((2, 8), ()), ((6, 12), ()), ((6, 10), ()), ((2, 8), ((1, 1),)), ((2, 12), ((1, 12),)), ((2, 11), ((1, 12),)), ((2, 10), ((1, 12),))]","[((6, 6), ()), ((12, 1), ()), ((12, 2), ()), ((4, 6), ((1, 1),)), ((2, 8), ((1, 1),)), ((6, 11), ()), ((4, 4), ((1, 1),)), ((2, 8), ()), ((6, 12), ()), ((6, 10), ()), ((2, 10), ((1, 12),)), ((2, 12), ((1, 12),)), ((2, 11), ((1, 12),)), ((13, 4), ())]",73,10,63,73
74,"((6, 6), ())","((5, 6), ())",East,"[((7, 6), ()), ((5, 6), ())]","[((6, 6), ()), ((12, 1), ()), ((12, 2), ()), ((4, 6), ((1, 1),)), ((2, 8), ((1, 1),)), ((6, 11), ()), ((4, 4), ((1, 1),)), ((2, 8), ()), ((6, 12), ()), ((6, 10), ()), ((2, 10), ((1, 12),)), ((2, 12), ((1, 12),)), ((2, 11), ((1, 12),)), ((13, 4), ())]","[((12, 2), ()), ((12, 1), ()), ((4, 4), ((1, 1),)), ((4, 6), ((1, 1),)), ((2, 8), ((1, 1),)), ((6, 11), ()), ((13, 4), ()), ((2, 8), ()), ((6, 12), ()), ((6, 10), ()), ((2, 10), ((1, 12),)), ((2, 12), ((1, 12),)), ((2, 11), ((1, 12),)), ((7, 6), ())]",74,14,59,73
75,"((12, 2), ())","((11, 2), ())",East,"[((12, 1), ()), ((13, 2), ()), ((11, 2), ())]","[((12, 2), ()), ((12, 1), ()), ((4, 4), ((1, 1),)), ((4, 6), ((1, 1),)), ((2, 8), ((1, 1),)), ((6, 11), ()), ((13, 4), ()), ((2, 8), ()), ((6, 12), ()), ((6, 10), ()), ((2, 10), ((1, 12),)), ((2, 12), ((1, 12),)), ((2, 11), ((1, 12),)), ((7, 6), ())]","[((4, 4), ((1, 1),)), ((12, 1), ()), ((6, 11), ()), ((4, 6), ((1, 1),)), ((2, 8), ((1, 1),)), ((2, 12), ((1, 12),)), ((13, 4), ()), ((2, 8), ()), ((6, 12), ()), ((6, 10), ()), ((2, 10), ((1, 12),)), ((7, 6), ()), ((2, 11), ((1, 12),)), ((13, 2), ())]",75,12,61,73
76,"((4, 4), ((1, 1),))","((3, 4), ((1, 1),))",East,"[((5, 4), ((1, 1),)), ((3, 4), ((1, 1),))]","[((4, 4), ((1, 1),)), ((12, 1), ()), ((6, 11), ()), ((4, 6), ((1, 1),)), ((2, 8), ((1, 1),)), ((2, 12), ((1, 12),)), ((13, 4), ()), ((2, 8), ()), ((6, 12), ()), ((6, 10), ()), ((2, 10), ((1, 12),)), ((7, 6), ()), ((2, 11), ((1, 12),)), ((13, 2), ())]","[((12, 1), ()), ((4, 6), ((1, 1),)), ((6, 11), ()), ((2, 8), ()), ((2, 8), ((1, 1),)), ((2, 12), ((1, 12),)), ((13, 4), ()), ((13, 2), ()), ((6, 12), ()), ((6, 10), ()), ((2, 10), ((1, 12),)), ((7, 6), ()), ((2, 11), ((1, 12),)), ((5, 4), ((1, 1),))]",76,24,49,73
77,"((12, 1), ())","((11, 1), ())",East,"[((12, 2), ()), ((13, 1), ()), ((11, 1), ())]","[((12, 1), ()), ((4, 6), ((1, 1),)), ((6, 11), ()), ((2, 8), ()), ((2, 8), ((1, 1),)), ((2, 12), ((1, 12),)), ((13, 4), ()), ((13, 2), ()), ((6, 12), ()), ((6, 10), ()), ((2, 10), ((1, 12),)), ((7, 6), ()), ((2, 11), ((1, 12),)), ((5, 4), ((1, 1),))]","[((4, 6), ((1, 1),)), ((2, 8), ((1, 1),)), ((6, 11), ()), ((2, 8), ()), ((6, 10), ()), ((2, 12), ((1, 12),)), ((13, 4), ()), ((13, 2), ()), ((6, 12), ()), ((5, 4), ((1, 1),)), ((2, 10), ((1, 12),)), ((7, 6), ()), ((2, 11), ((1, 12),)), ((13, 1), ())]",77,13,60,73
78,"((4, 6), ((1, 1),))","((3, 6), ((1, 1),))",East,"[((5, 6), ((1, 1),)), ((3, 6), ((1, 1),))]","[((4, 6), ((1, 1),)), ((2, 8), ((1, 1),)), ((6, 11), ()), ((2, 8), ()), ((6, 10), ()), ((2, 12), ((1, 12),)), ((13, 4), ()), ((13, 2), ()), ((6, 12), ()), ((5, 4), ((1, 1),)), ((2, 10), ((1, 12),)), ((7, 6), ()), ((2, 11), ((1, 12),)), ((13, 1), ())]","[((2, 8), ((1, 1),)), ((2, 8), ()), ((6, 11), ()), ((6, 12), ()), ((6, 10), ()), ((2, 12), ((1, 12),)), ((13, 4), ()), ((13, 2), ()), ((13, 1), ()), ((5, 4), ((1, 1),)), ((2, 10), ((1, 12),)), ((7, 6), ()), ((2, 11), ((1, 12),)), ((5, 6), ((1, 1),))]",78,26,47,73
79,"((2, 8), ((1, 1),))","((1, 8), ((1, 1),))",East,"[((3, 8), ((1, 1),)), ((1, 8), ((1, 1),))]","[((2, 8), ((1, 1),)), ((2, 8), ()), ((6, 11), ()), ((6, 12), ()), ((6, 10), ()), ((2, 12), ((1, 12),)), ((13, 4), ()), ((13, 2), ()), ((13, 1), ()), ((5, 4), ((1, 1),)), ((2, 10), ((1, 12),)), ((7, 6), ()), ((2, 11), ((1, 12),)), ((5, 6), ((1, 1),))]","[((2, 8), ()), ((6, 10), ()), ((6, 11), ()), ((6, 12), ()), ((2, 10), ((1, 12),)), ((2, 12), ((1, 12),)), ((13, 4), ()), ((13, 2), ()), ((13, 1), ()), ((5, 4), ((1, 1),)), ((5, 6), ((1, 1),)), ((7, 6), ()), ((2, 11), ((1, 12),)), ((3, 8), ((1, 1),))]",79,30,43,73
80,"((2, 8), ())","((1, 8), ())",East,"[((3, 8), ()), ((1, 8), ())]","[((2, 8), ()), ((6, 10), ()), ((6, 11), ()), ((6, 12), ()), ((2, 10), ((1, 12),)), ((2, 12), ((1, 12),)), ((13, 4), ()), ((13, 2), ()), ((13, 1), ()), ((5, 4), ((1, 1),)), ((5, 6), ((1, 1),)), ((7, 6), ()), ((2, 11), ((1, 12),)), ((3, 8), ((1, 1),))]","[((6, 10), ()), ((6, 12), ()), ((6, 11), ()), ((13, 2), ()), ((2, 10), ((1, 12),)), ((2, 12), ((1, 12),)), ((13, 4), ()), ((3, 8), ((1, 1),)), ((13, 1), ()), ((5, 4), ((1, 1),)), ((5, 6), ((1, 1),)), ((7, 6), ()), ((2, 11), ((1, 12),)), ((3, 8), ())]",80,20,54,74
81,"((6, 10), ())","((5, 10), ())",East,"[((6, 11), ()), ((7, 10), ()), ((5, 10), ())]","[((6, 10), ()), ((6, 12), ()), ((6, 11), ()), ((13, 2), ()), ((2, 10), ((1, 12),)), ((2, 12), ((1, 12),)), ((13, 4), ()), ((3, 8), ((1, 1),)), ((13, 1), ()), ((5, 4), ((1, 1),)), ((5, 6), ((1, 1),)), ((7, 6), ()), ((2, 11), ((1, 12),)), ((3, 8), ())]","[((6, 11), ()), ((6, 12), ()), ((2, 12), ((1, 12),)), ((13, 2), ()), ((2, 10), ((1, 12),)), ((2, 11), ((1, 12),)), ((13, 4), ()), ((3, 8), ((1, 1),)), ((13, 1), ()), ((5, 4), ((1, 1),)), ((5, 6), ((1, 1),)), ((7, 6), ()), ((3, 8), ()), ((7, 10), ())]",81,18,56,74
82,"((6, 11), ())","((5, 11), ())",East,"[((6, 12), ()), ((6, 10), ()), ((7, 11), ()), ((5, 11), ())]","[((6, 11), ()), ((6, 12), ()), ((2, 12), ((1, 12),)), ((13, 2), ()), ((2, 10), ((1, 12),)), ((2, 11), ((1, 12),)), ((13, 4), ()), ((3, 8), ((1, 1),)), ((13, 1), ()), ((5, 4), ((1, 1),)), ((5, 6), ((1, 1),)), ((7, 6), ()), ((3, 8), ()), ((7, 10), ())]","[((6, 12), ()), ((2, 10), ((1, 12),)), ((2, 12), ((1, 12),)), ((13, 2), ()), ((5, 4), ((1, 1),)), ((2, 11), ((1, 12),)), ((13, 4), ()), ((3, 8), ((1, 1),)), ((13, 1), ()), ((7, 10), ()), ((5, 6), ((1, 1),)), ((7, 6), ()), ((3, 8), ()), ((7, 11), ())]",82,19,55,74
83,"((6, 12), ())","((5, 12), ())",East,"[((6, 11), ()), ((7, 12), ()), ((5, 12), ())]","[((6, 12), ()), ((2, 10), ((1, 12),)), ((2, 12), ((1, 12),)), ((13, 2), ()), ((5, 4), ((1, 1),)), ((2, 11), ((1, 12),)), ((13, 4), ()), ((3, 8), ((1, 1),)), ((13, 1), ()), ((7, 10), ()), ((5, 6), ((1, 1),)), ((7, 6), ()), ((3, 8), ()), ((7, 11), ())]","[((2, 12), ((1, 12),)), ((2, 10), ((1, 12),)), ((2, 11), ((1, 12),)), ((13, 2), ()), ((5, 4), ((1, 1),)), ((7, 6), ()), ((13, 4), ()), ((3, 8), ((1, 1),)), ((13, 1), ()), ((7, 10), ()), ((5, 6), ((1, 1),)), ((7, 11), ()), ((3, 8), ()), ((7, 12), ())]",83,20,54,74
84,"((2, 12), ((1, 12),))","((1, 12), ((1, 12),))",East,"[((2, 11), ((1, 12),)), ((3, 12), ((1, 12),)), ((1, 12), ((1, 12),))]","[((2, 12), ((1, 12),)), ((2, 10), ((1, 12),)), ((2, 11), ((1, 12),)), ((13, 2), ()), ((5, 4), ((1, 1),)), ((7, 6), ()), ((13, 4), ()), ((3, 8), ((1, 1),)), ((13, 1), ()), ((7, 10), ()), ((5, 6), ((1, 1),)), ((7, 11), ()), ((3, 8), ()), ((7, 12), ())]","[((2, 11), ((1, 12),)), ((2, 10), ((1, 12),)), ((13, 4), ()), ((13, 2), ()), ((5, 4), ((1, 1),)), ((7, 6), ()), ((7, 12), ()), ((3, 8), ((1, 1),)), ((13, 1), ()), ((7, 10), ()), ((5, 6), ((1, 1),)), ((7, 11), ()), ((3, 8), ()), ((3, 12), ((1, 12),))]",84,24,50,74
85,"((2, 11), ((1, 12),))","((1, 11), ((1, 12),))",East,"[((2, 12), ((1, 12),)), ((2, 10), ((1, 12),)), ((3, 11), ((1, 12),)), ((1, 11), ((1, 12),))]","[((2, 11), ((1, 12),)), ((2, 10), ((1, 12),)), ((13, 4), ()), ((13, 2), ()), ((5, 4), ((1, 1),)), ((7, 6), ()), ((7, 12), ()), ((3, 8), ((1, 1),)), ((13, 1), ()), ((7, 10), ()), ((5, 6), ((1, 1),)), ((7, 11), ()), ((3, 8), ()), ((3, 12), ((1, 12),))]","[((2, 10), ((1, 12),)), ((13, 2), ()), ((13, 4), ()), ((13, 1), ()), ((5, 4), ((1, 1),)), ((7, 6), ()), ((7, 12), ()), ((3, 8), ((1, 1),)), ((3, 12), ((1, 12),)), ((7, 10), ()), ((5, 6), ((1, 1),)), ((7, 11), ()), ((3, 8), ()), ((3, 11), ((1, 12),))]",85,25,49,74
86,"((2, 10), ((1, 12),))","((1, 10), ((1, 12),))",East,"[((2, 11), ((1, 12),)), ((3, 10), ((1, 12),)), ((1, 10), ((1, 12),))]","[((2, 10), ((1, 12),)), ((13, 2), ()), ((13, 4), ()), ((13, 1), ()), ((5, 4), ((1, 1),)), ((7, 6), ()), ((7, 12), ()), ((3, 8), ((1, 1),)), ((3, 12), ((1, 12),)), ((7, 10), ()), ((5, 6), ((1, 1),)), ((7, 11), ()), ((3, 8), ()), ((3, 11), ((1, 12),))]","[((13, 4), ()), ((13, 2), ()), ((7, 6), ()), ((13, 1), ()), ((5, 4), ((1, 1),)), ((3, 8), ()), ((7, 12), ()), ((3, 8), ((1, 1),)), ((3, 12), ((1, 12),)), ((7, 10), ()), ((5, 6), ((1, 1),)), ((7, 11), ()), ((3, 11), ((1, 12),)), ((3, 10), ((1, 12),))]",86,26,48,74
87,"((13, 4), ())","((12, 4), ())",East,"[((13, 5), ()), ((12, 4), ())]","[((13, 4), ()), ((13, 2), ()), ((7, 6), ()), ((13, 1), ()), ((5, 4), ((1, 1),)), ((3, 8), ()), ((7, 12), ()), ((3, 8), ((1, 1),)), ((3, 12), ((1, 12),)), ((7, 10), ()), ((5, 6), ((1, 1),)), ((7, 11), ()), ((3, 11), ((1, 12),)), ((3, 10), ((1, 12),))]","[((7, 6), ()), ((13, 2), ()), ((3, 8), ()), ((13, 1), ()), ((5, 4), ((1, 1),)), ((7, 11), ()), ((7, 12), ()), ((3, 8), ((1, 1),)), ((3, 12), ((1, 12),)), ((7, 10), ()), ((5, 6), ((1, 1),)), ((3, 10), ((1, 12),)), ((3, 11), ((1, 12),)), ((13, 5), ())]",87,11,64,75
88,"((7, 6), ())","((6, 6), ())",East,"[((7, 7), ()), ((6, 6), ())]","[((7, 6), ()), ((13, 2), ()), ((3, 8), ()), ((13, 1), ()), ((5, 4), ((1, 1),)), ((7, 11), ()), ((7, 12), ()), ((3, 8), ((1, 1),)), ((3, 12), ((1, 12),)), ((7, 10), ()), ((5, 6), ((1, 1),)), ((3, 10), ((1, 12),)), ((3, 11), ((1, 12),)), ((13, 5), ())]","[((13, 2), ()), ((5, 4), ((1, 1),)), ((3, 8), ()), ((13, 1), ()), ((5, 6), ((1, 1),)), ((7, 11), ()), ((7, 12), ()), ((3, 8), ((1, 1),)), ((3, 12), ((1, 12),)), ((7, 10), ()), ((13, 5), ()), ((3, 10), ((1, 12),)), ((3, 11), ((1, 12),)), ((7, 7), ())]",88,15,60,75
89,"((13, 2), ())","((12, 2), ())",East,"[((13, 1), ()), ((14, 2), ()), ((12, 2), ())]","[((13, 2), ()), ((5, 4), ((1, 1),)), ((3, 8), ()), ((13, 1), ()), ((5, 6), ((1, 1),)), ((7, 11), ()), ((7, 12), ()), ((3, 8), ((1, 1),)), ((3, 12), ((1, 12),)), ((7, 10), ()), ((13, 5), ()), ((3, 10), ((1, 12),)), ((3, 11), ((1, 12),)), ((7, 7), ())]","[((5, 4), ((1, 1),)), ((13, 1), ()), ((3, 8), ()), ((3, 8), ((1, 1),)), ((5, 6), ((1, 1),)), ((7, 11), ()), ((7, 12), ()), ((7, 7), ()), ((3, 12), ((1, 12),)), ((7, 10), ()), ((13, 5), ()), ((3, 10), ((1, 12),)), ((3, 11), ((1, 12),)), ((14, 2), ())]",89,13,62,75
90,"((5, 4), ((1, 1),))","((4, 4), ((1, 1),))",East,"[((5, 5), ((1, 1),)), ((6, 4), ((1, 1),)), ((4, 4), ((1, 1),))]","[((5, 4), ((1, 1),)), ((13, 1), ()), ((3, 8), ()), ((3, 8), ((1, 1),)), ((5, 6), ((1, 1),)), ((7, 11), ()), ((7, 12), ()), ((7, 7), ()), ((3, 12), ((1, 12),)), ((7, 10), ()), ((13, 5), ()), ((3, 10), ((1, 12),)), ((3, 11), ((1, 12),)), ((14, 2), ())]","[((13, 1), ()), ((5, 6), ((1, 1),)), ((5, 5), ((1, 1),)), ((3, 8), ((1, 1),)), ((7, 10), ()), ((7, 11), ()), ((3, 8), ()), ((7, 7), ()), ((3, 12), ((1, 12),)), ((14, 2), ()), ((13, 5), ()), ((3, 10), ((1, 12),)), ((3, 11), ((1, 12),)), ((7, 12), ()), ((6, 4), ((1, 1),))]",90,25,50,75
91,"((13, 1), ())","((12, 1), ())",East,"[((13, 2), ()), ((14, 1), ()), ((12, 1), ())]","[((13, 1), ()), ((5, 6), ((1, 1),)), ((5, 5), ((1, 1),)), ((3, 8), ((1, 1),)), ((7, 10), ()), ((7, 11), ()), ((3, 8), ()), ((7, 7), ()), ((3, 12), ((1, 12),)), ((14, 2), ()), ((13, 5), ()), ((3, 10), ((1, 12),)), ((3, 11), ((1, 12),)), ((7, 12), ()), ((6, 4), ((1, 1),))]","[((5, 6), ((1, 1),)), ((3, 8), ((1, 1),)), ((5, 5), ((1, 1),)), ((3, 12), ((1, 12),)), ((7, 10), ()), ((7, 11), ()), ((3, 8), ()), ((7, 7), ()), ((6, 4), ((1, 1),)), ((14, 2), ()), ((13, 5), ()), ((3, 10), ((1, 12),)), ((3, 11), ((1, 12),)), ((7, 12), ()), ((14, 1), ())]",91,14,61,75
92,"((5, 6), ((1, 1),))","((4, 6), ((1, 1),))",East,"[((5, 7), ((1, 1),)), ((5, 5), ((1, 1),)), ((6, 6), ((1, 1),)), ((4, 6), ((1, 1),))]","[((5, 6), ((1, 1),)), ((3, 8), ((1, 1),)), ((5, 5), ((1, 1),)), ((3, 12), ((1, 12),)), ((7, 10), ()), ((7, 11), ()), ((3, 8), ()), ((7, 7), ()), ((6, 4), ((1, 1),)), ((14, 2), ()), ((13, 5), ()), ((3, 10), ((1, 12),)), ((3, 11), ((1, 12),)), ((7, 12), ()), ((14, 1), ())]","[((3, 8), ((1, 1),)), ((7, 10), ()), ((5, 5), ((1, 1),)), ((3, 12), ((1, 12),)), ((13, 5), ()), ((7, 11), ()), ((5, 7), ((1, 1),)), ((7, 7), ()), ((6, 4), ((1, 1),)), ((14, 2), ()), ((14, 1), ()), ((3, 10), ((1, 12),)), ((3, 11), ((1, 12),)), ((7, 12), ()), ((3, 8), ()), ((6, 6), ((1, 1),))]",92,27,48,75
93,"((3, 8), ((1, 1),))","((2, 8), ((1, 1),))",East,"[((2, 8), ((1, 1),))]","[((3, 8), ((1, 1),)), ((7, 10), ()), ((5, 5), ((1, 1),)), ((3, 12), ((1, 12),)), ((13, 5), ()), ((7, 11), ()), ((5, 7), ((1, 1),)), ((7, 7), ()), ((6, 4), ((1, 1),)), ((14, 2), ()), ((14, 1), ()), ((3, 10), ((1, 12),)), ((3, 11), ((1, 12),)), ((7, 12), ()), ((3, 8), ()), ((6, 6), ((1, 1),))]","[((5, 5), ((1, 1),)), ((7, 10), ()), ((5, 7), ((1, 1),)), ((3, 12), ((1, 12),)), ((13, 5), ()), ((7, 11), ()), ((3, 8), ()), ((7, 7), ()), ((6, 4), ((1, 1),)), ((14, 2), ()), ((14, 1), ()), ((3, 10), ((1, 12),)), ((3, 11), ((1, 12),)), ((7, 12), ()), ((6, 6), ((1, 1),))]",93,31,44,75
94,"((5, 5), ((1, 1),))","((5, 4), ((1, 1),))",North,"[((5, 6), ((1, 1),)), ((5, 4), ((1, 1),))]","[((5, 5), ((1, 1),)), ((7, 10), ()), ((5, 7), ((1, 1),)), ((3, 12), ((1, 12),)), ((13, 5), ()), ((7, 11), ()), ((3, 8), ()), ((7, 7), ()), ((6, 4), ((1, 1),)), ((14, 2), ()), ((14, 1), ()), ((3, 10), ((1, 12),)), ((3, 11), ((1, 12),)), ((7, 12), ()), ((6, 6), ((1, 1),))]","[((5, 7), ((1, 1),)), ((7, 10), ()), ((3, 8), ()), ((3, 12), ((1, 12),)), ((13, 5), ()), ((7, 11), ()), ((7, 12), ()), ((7, 7), ()), ((6, 4), ((1, 1),)), ((14, 2), ()), ((14, 1), ()), ((3, 10), ((1, 12),)), ((3, 11), ((1, 12),)), ((6, 6), ((1, 1),))]",94,26,49,75
95,"((5, 7), ((1, 1),))","((5, 6), ((1, 1),))",North,"[((5, 8), ((1, 1),)), ((5, 6), ((1, 1),))]","[((5, 7), ((1, 1),)), ((7, 10), ()), ((3, 8), ()), ((3, 12), ((1, 12),)), ((13, 5), ()), ((7, 11), ()), ((7, 12), ()), ((7, 7), ()), ((6, 4), ((1, 1),)), ((14, 2), ()), ((14, 1), ()), ((3, 10), ((1, 12),)), ((3, 11), ((1, 12),)), ((6, 6), ((1, 1),))]","[((5, 8), ((1, 1),)), ((7, 10), ()), ((3, 8), ()), ((3, 12), ((1, 12),)), ((13, 5), ()), ((3, 11), ((1, 12),)), ((7, 11), ()), ((7, 7), ()), ((6, 4), ((1, 1),)), ((14, 2), ()), ((14, 1), ()), ((3, 10), ((1, 12),)), ((6, 6), ((1, 1),)), ((7, 12), ())]",95,28,47,75
96,"((5, 8), ((1, 1),))","((5, 7), ((1, 1),))",North,"[((5, 9), ((1, 1),)), ((5, 7), ((1, 1),))]","[((5, 8), ((1, 1),)), ((7, 10), ()), ((3, 8), ()), ((3, 12), ((1, 12),)), ((13, 5), ()), ((3, 11), ((1, 12),)), ((7, 11), ()), ((7, 7), ()), ((6, 4), ((1, 1),)), ((14, 2), ()), ((14, 1), ()), ((3, 10), ((1, 12),)), ((6, 6), ((1, 1),)), ((7, 12), ())]","[((5, 9), ((1, 1),)), ((7, 10), ()), ((3, 8), ()), ((3, 12), ((1, 12),)), ((13, 5), ()), ((3, 11), ((1, 12),)), ((7, 11), ()), ((7, 7), ()), ((6, 4), ((1, 1),)), ((14, 2), ()), ((14, 1), ()), ((3, 10), ((1, 12),)), ((6, 6), ((1, 1),)), ((7, 12), ())]",96,29,46,75
97,"((5, 9), ((1, 1),))","((5, 8), ((1, 1),))",North,"[((5, 10), ((1, 1),)), ((5, 8), ((1, 1),))]","[((5, 9), ((1, 1),)), ((7, 10), ()), ((3, 8), ()), ((3, 12), ((1, 12),)), ((13, 5), ()), ((3, 11), ((1, 12),)), ((7, 11), ()), ((7, 7), ()), ((6, 4), ((1, 1),)), ((14, 2), ()), ((14, 1), ()), ((3, 10), ((1, 12),)), ((6, 6), ((1, 1),)), ((7, 12), ())]","[((5, 10), ((1, 1),)), ((7, 10), ()), ((3, 8), ()), ((3, 12), ((1, 12),)), ((13, 5), ()), ((3, 11), ((1, 12),)), ((7, 11), ()), ((7, 7), ()), ((6, 4), ((1, 1),)), ((14, 2), ()), ((14, 1), ()), ((3, 10), ((1, 12),)), ((6, 6), ((1, 1),)), ((7, 12), ())]",97,30,45,75
98,"((5, 10), ((1, 1),))","((5, 9), ((1, 1),))",North,"[((5, 11), ((1, 1),)), ((5, 9), ((1, 1),)), ((6, 10), ((1, 1),)), ((4, 10), ((1, 1),))]","[((5, 10), ((1, 1),)), ((7, 10), ()), ((3, 8), ()), ((3, 12), ((1, 12),)), ((13, 5), ()), ((3, 11), ((1, 12),)), ((7, 11), ()), ((7, 7), ()), ((6, 4), ((1, 1),)), ((14, 2), ()), ((14, 1), ()), ((3, 10), ((1, 12),)), ((6, 6), ((1, 1),)), ((7, 12), ())]","[((5, 11), ((1, 1),)), ((4, 10), ((1, 1),)), ((3, 8), ()), ((7, 10), ()), ((13, 5), ()), ((3, 11), ((1, 12),)), ((7, 11), ()), ((3, 12), ((1, 12),)), ((6, 4), ((1, 1),)), ((14, 2), ()), ((14, 1), ()), ((3, 10), ((1, 12),)), ((6, 6), ((1, 1),)), ((7, 12), ()), ((6, 10), ((1, 1),)), ((7, 7), ())]",98,31,44,75
99,"((5, 11), ((1, 1),))","((5, 10), ((1, 1),))",North,"[((5, 12), ((1, 1),)), ((5, 10), ((1, 1),)), ((6, 11), ((1, 1),)), ((4, 11), ((1, 1),))]","[((5, 11), ((1, 1),)), ((4, 10), ((1, 1),)), ((3, 8), ()), ((7, 10), ()), ((13, 5), ()), ((3, 11), ((1, 12),)), ((7, 11), ()), ((3, 12), ((1, 12),)), ((6, 4), ((1, 1),)), ((14, 2), ()), ((14, 1), ()), ((3, 10), ((1, 12),)), ((6, 6), ((1, 1),)), ((7, 12), ()), ((6, 10), ((1, 1),)), ((7, 7), ())]","[((4, 10), ((1, 1),)), ((5, 12), ((1, 1),)), ((3, 8), ()), ((4, 11), ((1, 1),)), ((13, 5), ()), ((3, 11), ((1, 12),)), ((7, 11), ()), ((3, 12), ((1, 12),)), ((7, 10), ()), ((14, 2), ()), ((14, 1), ()), ((3, 10), ((1, 12),)), ((6, 6), ((1, 1),)), ((7, 12), ()), ((6, 10), ((1, 1),)), ((7, 7), ()), ((6, 11), ((1, 1),)), ((6, 4), ((1, 1),))]",99,32,43,75
100,"((4, 10), ((1, 1),))","((5, 10), ((1, 1),))",West,"[((4, 11), ((1, 1),)), ((5, 10), ((1, 1),)), ((3, 10), ((1, 1),))]","[((4, 10), ((1, 1),)), ((5, 12), ((1, 1),)), ((3, 8), ()), ((4, 11), ((1, 1),)), ((13, 5), ()), ((3, 11), ((1, 12),)), ((7, 11), ()), ((3, 12), ((1, 12),)), ((7, 10), ()), ((14, 2), ()), ((14, 1), ()), ((3, 10), ((1, 12),)), ((6, 6), ((1, 1),)), ((7, 12), ()), ((6, 10), ((1, 1),)), ((7, 7), ()), ((6, 11), ((1, 1),)), ((6, 4), ((1, 1),))]","[((5, 12), ((1, 1),)), ((4, 11), ((1, 1),)), ((3, 8), ()), ((3, 10), ((1, 1),)), ((13, 5), ()), ((3, 11), ((1, 12),)), ((7, 11), ()), ((3, 12), ((1, 12),)), ((7, 10), ()), ((14, 2), ()), ((14, 1), ()), ((3, 10), ((1, 12),)), ((6, 6), ((1, 1),)), ((7, 12), ()), ((6, 10), ((1, 1),)), ((7, 7), ()), ((6, 11), ((1, 1),)), ((6, 4), ((1, 1),))]",100,32,43,75
101,"((5, 12), ((1, 1),))","((5, 11), ((1, 1),))",North,"[((5, 11), ((1, 1),)), ((6, 12), ((1, 1),)), ((4, 12), ((1, 1),))]","[((5, 12), ((1, 1),)), ((4, 11), ((1, 1),)), ((3, 8), ()), ((3, 10), ((1, 1),)), ((13, 5), ()), ((3, 11), ((1, 12),)), ((7, 11), ()), ((3, 12), ((1, 12),)), ((7, 10), ()), ((14, 2), ()), ((14, 1), ()), ((3, 10), ((1, 12),)), ((6, 6), ((1, 1),)), ((7, 12), ()), ((6, 10), ((1, 1),)), ((7, 7), ()), ((6, 11), ((1, 1),)), ((6, 4), ((1, 1),))]","[((4, 11), ((1, 1),)), ((3, 10), ((1, 1),)), ((3, 8), ()), ((4, 12), ((1, 1),)), ((13, 5), ()), ((3, 11), ((1, 12),)), ((7, 11), ()), ((3, 12), ((1, 12),)), ((7, 10), ()), ((14, 2), ()), ((14, 1), ()), ((3, 10), ((1, 12),)), ((6, 6), ((1, 1),)), ((7, 12), ()), ((6, 10), ((1, 1),)), ((7, 7), ()), ((6, 11), ((1, 1),)), ((6, 12), ((1, 1),)), ((6, 4), ((1, 1),))]",101,33,42,75
102,"((4, 11), ((1, 1),))","((5, 11), ((1, 1),))",West,"[((4, 12), ((1, 1),)), ((4, 10), ((1, 1),)), ((5, 11), ((1, 1),)), ((3, 11), ((1, 1),))]","[((4, 11), ((1, 1),)), ((3, 10), ((1, 1),)), ((3, 8), ()), ((4, 12), ((1, 1),)), ((13, 5), ()), ((3, 11), ((1, 12),)), ((7, 11), ()), ((3, 12), ((1, 12),)), ((7, 10), ()), ((14, 2), ()), ((14, 1), ()), ((3, 10), ((1, 12),)), ((6, 6), ((1, 1),)), ((7, 12), ()), ((6, 10), ((1, 1),)), ((7, 7), ()), ((6, 11), ((1, 1),)), ((6, 12), ((1, 1),)), ((6, 4), ((1, 1),))]","[((3, 10), ((1, 1),)), ((4, 12), ((1, 1),)), ((3, 8), ()), ((3, 11), ((1, 1),)), ((13, 5), ()), ((3, 11), ((1, 12),)), ((7, 11), ()), ((3, 12), ((1, 12),)), ((7, 10), ()), ((14, 2), ()), ((14, 1), ()), ((3, 10), ((1, 12),)), ((6, 6), ((1, 1),)), ((7, 12), ()), ((6, 10), ((1, 1),)), ((7, 7), ()), ((6, 11), ((1, 1),)), ((6, 12), ((1, 1),)), ((6, 4), ((1, 1),))]",102,33,42,75
103,"((3, 10), ((1, 1),))","((4, 10), ((1, 1),))",West,"[((3, 11), ((1, 1),)), ((4, 10), ((1, 1),)), ((2, 10), ((1, 1),))]","[((3, 10), ((1, 1),)), ((4, 12), ((1, 1),)), ((3, 8), ()), ((3, 11), ((1, 1),)), ((13, 5), ()), ((3, 11), ((1, 12),)), ((7, 11), ()), ((3, 12), ((1, 12),)), ((7, 10), ()), ((14, 2), ()), ((14, 1), ()), ((3, 10), ((1, 12),)), ((6, 6), ((1, 1),)), ((7, 12), ()), ((6, 10), ((1, 1),)), ((7, 7), ()), ((6, 11), ((1, 1),)), ((6, 12), ((1, 1),)), ((6, 4), ((1, 1),))]","[((4, 12), ((1, 1),)), ((3, 11), ((1, 1),)), ((3, 8), ()), ((2, 10), ((1, 1),)), ((13, 5), ()), ((3, 11), ((1, 12),)), ((7, 11), ()), ((3, 12), ((1, 12),)), ((7, 10), ()), ((14, 2), ()), ((14, 1), ()), ((3, 10), ((1, 12),)), ((6, 6), ((1, 1),)), ((7, 12), ()), ((6, 10), ((1, 1),)), ((7, 7), ()), ((6, 11), ((1, 1),)), ((6, 12), ((1, 1),)), ((6, 4), ((1, 1),))]",103,33,42,75
104,"((4, 12), ((1, 1),))","((5, 12), ((1, 1),))",West,"[((4, 11), ((1, 1),)), ((5, 12), ((1, 1),)), ((3, 12), ((1, 1),))]","[((4, 12), ((1, 1),)), ((3, 11), ((1, 1),)), ((3, 8), ()), ((2, 10), ((1, 1),)), ((13, 5), ()), ((3, 11), ((1, 12),)), ((7, 11), ()), ((3, 12), ((1, 12),)), ((7, 10), ()), ((14, 2), ()), ((14, 1), ()), ((3, 10), ((1, 12),)), ((6, 6), ((1, 1),)), ((7, 12), ()), ((6, 10), ((1, 1),)), ((7, 7), ()), ((6, 11), ((1, 1),)), ((6, 12), ((1, 1),)), ((6, 4), ((1, 1),))]","[((3, 11), ((1, 1),)), ((2, 10), ((1, 1),)), ((3, 8), ()), ((3, 12), ((1, 1),)), ((13, 5), ()), ((3, 11), ((1, 12),)), ((7, 11), ()), ((3, 12), ((1, 12),)), ((7, 10), ()), ((14, 2), ()), ((14, 1), ()), ((3, 10), ((1, 12),)), ((6, 6), ((1, 1),)), ((7, 12), ()), ((6, 10), ((1, 1),)), ((7, 7), ()), ((6, 11), ((1, 1),)), ((6, 12), ((1, 1),)), ((6, 4), ((1, 1),))]",104,34,41,75
105,"((3, 11), ((1, 1),))","((4, 11), ((1, 1),))",West,"[((3, 12), ((1, 1),)), ((3, 10), ((1, 1),)), ((4, 11), ((1, 1),)), ((2, 11), ((1, 1),))]","[((3, 11), ((1, 1),)), ((2, 10), ((1, 1),)), ((3, 8), ()), ((3, 12), ((1, 1),)), ((13, 5), ()), ((3, 11), ((1, 12),)), ((7, 11), ()), ((3, 12), ((1, 12),)), ((7, 10), ()), ((14, 2), ()), ((14, 1), ()), ((3, 10), ((1, 12),)), ((6, 6), ((1, 1),)), ((7, 12), ()), ((6, 10), ((1, 1),)), ((7, 7), ()), ((6, 11), ((1, 1),)), ((6, 12), ((1, 1),)), ((6, 4), ((1, 1),))]","[((2, 10), ((1, 1),)), ((3, 12), ((1, 1),)), ((3, 8), ()), ((2, 11), ((1, 1),)), ((13, 5), ()), ((3, 11), ((1, 12),)), ((7, 11), ()), ((3, 12), ((1, 12),)), ((7, 10), ()), ((14, 2), ()), ((14, 1), ()), ((3, 10), ((1, 12),)), ((6, 6), ((1, 1),)), ((7, 12), ()), ((6, 10), ((1, 1),)), ((7, 7), ()), ((6, 11), ((1, 1),)), ((6, 12), ((1, 1),)), ((6, 4), ((1, 1),))]",105,34,41,75
106,"((2, 10), ((1, 1),))","((3, 10), ((1, 1),))",West,"[((2, 11), ((1, 1),)), ((3, 10), ((1, 1),)), ((1, 10), ((1, 1),))]","[((2, 10), ((1, 1),)), ((3, 12), ((1, 1),)), ((3, 8), ()), ((2, 11), ((1, 1),)), ((13, 5), ()), ((3, 11), ((1, 12),)), ((7, 11), ()), ((3, 12), ((1, 12),)), ((7, 10), ()), ((14, 2), ()), ((14, 1), ()), ((3, 10), ((1, 12),)), ((6, 6), ((1, 1),)), ((7, 12), ()), ((6, 10), ((1, 1),)), ((7, 7), ()), ((6, 11), ((1, 1),)), ((6, 12), ((1, 1),)), ((6, 4), ((1, 1),))]","[((3, 12), ((1, 1),)), ((2, 11), ((1, 1),)), ((3, 8), ()), ((1, 10), ((1, 1),)), ((13, 5), ()), ((3, 11), ((1, 12),)), ((7, 11), ()), ((3, 12), ((1, 12),)), ((7, 10), ()), ((14, 2), ()), ((14, 1), ()), ((3, 10), ((1, 12),)), ((6, 6), ((1, 1),)), ((7, 12), ()), ((6, 10), ((1, 1),)), ((7, 7), ()), ((6, 11), ((1, 1),)), ((6, 12), ((1, 1),)), ((6, 4), ((1, 1),))]",106,34,41,75
107,"((3, 12), ((1, 1),))","((4, 12), ((1, 1),))",West,"[((3, 11), ((1, 1),)), ((4, 12), ((1, 1),)), ((2, 12), ((1, 1),))]","[((3, 12), ((1, 1),)), ((2, 11), ((1, 1),)), ((3, 8), ()), ((1, 10), ((1, 1),)), ((13, 5), ()), ((3, 11), ((1, 12),)), ((7, 11), ()), ((3, 12), ((1, 12),)), ((7, 10), ()), ((14, 2), ()), ((14, 1), ()), ((3, 10), ((1, 12),)), ((6, 6), ((1, 1),)), ((7, 12), ()), ((6, 10), ((1, 1),)), ((7, 7), ()), ((6, 11), ((1, 1),)), ((6, 12), ((1, 1),)), ((6, 4), ((1, 1),))]","[((2, 11), ((1, 1),)), ((1, 10), ((1, 1),)), ((3, 8), ()), ((2, 12), ((1, 1),)), ((13, 5), ()), ((3, 11), ((1, 12),)), ((7, 11), ()), ((3, 12), ((1, 12),)), ((7, 10), ()), ((14, 2), ()), ((14, 1), ()), ((3, 10), ((1, 12),)), ((6, 6), ((1, 1),)), ((7, 12), ()), ((6, 10), ((1, 1),)), ((7, 7), ()), ((6, 11), ((1, 1),)), ((6, 12), ((1, 1),)), ((6, 4), ((1, 1),))]",107,35,40,75
108,"((2, 11), ((1, 1),))","((3, 11), ((1, 1),))",West,"[((2, 12), ((1, 1),)), ((2, 10), ((1, 1),)), ((3, 11), ((1, 1),)), ((1, 11), ((1, 1),))]","[((2, 11), ((1, 1),)), ((1, 10), ((1, 1),)), ((3, 8), ()), ((2, 12), ((1, 1),)), ((13, 5), ()), ((3, 11), ((1, 12),)), ((7, 11), ()), ((3, 12), ((1, 12),)), ((7, 10), ()), ((14, 2), ()), ((14, 1), ()), ((3, 10), ((1, 12),)), ((6, 6), ((1, 1),)), ((7, 12), ()), ((6, 10), ((1, 1),)), ((7, 7), ()), ((6, 11), ((1, 1),)), ((6, 12), ((1, 1),)), ((6, 4), ((1, 1),))]","[((1, 10), ((1, 1),)), ((2, 12), ((1, 1),)), ((3, 8), ()), ((1, 11), ((1, 1),)), ((13, 5), ()), ((3, 11), ((1, 12),)), ((7, 11), ()), ((3, 12), ((1, 12),)), ((7, 10), ()), ((14, 2), ()), ((14, 1), ()), ((3, 10), ((1, 12),)), ((6, 6), ((1, 1),)), ((7, 12), ()), ((6, 10), ((1, 1),)), ((7, 7), ()), ((6, 11), ((1, 1),)), ((6, 12), ((1, 1),)), ((6, 4), ((1, 1),))]",108,35,40,75
109,"((1, 10), ((1, 1),))","((2, 10), ((1, 1),))",West,"[((1, 11), ((1, 1),)), ((2, 10), ((1, 1),))]","[((1, 10), ((1, 1),)), ((2, 12), ((1, 1),)), ((3, 8), ()), ((1, 11), ((1, 1),)), ((13, 5), ()), ((3, 11), ((1, 12),)), ((7, 11), ()), ((3, 12), ((1, 12),)), ((7, 10), ()), ((14, 2), ()), ((14, 1), ()), ((3, 10), ((1, 12),)), ((6, 6), ((1, 1),)), ((7, 12), ()), ((6, 10), ((1, 1),)), ((7, 7), ()), ((6, 11), ((1, 1),)), ((6, 12), ((1, 1),)), ((6, 4), ((1, 1),))]","[((2, 12), ((1, 1),)), ((1, 11), ((1, 1),)), ((3, 8), ()), ((7, 10), ()), ((13, 5), ()), ((3, 11), ((1, 12),)), ((7, 11), ()), ((3, 12), ((1, 12),)), ((6, 4), ((1, 1),)), ((14, 2), ()), ((14, 1), ()), ((3, 10), ((1, 12),)), ((6, 6), ((1, 1),)), ((7, 12), ()), ((6, 10), ((1, 1),)), ((7, 7), ()), ((6, 11), ((1, 1),)), ((6, 12), ((1, 1),))]",109,35,40,75
110,"((2, 12), ((1, 1),))","((3, 12), ((1, 1),))",West,"[((2, 11), ((1, 1),)), ((3, 12), ((1, 1),)), ((1, 12), ((1, 1), (1, 12)))]","[((2, 12), ((1, 1),)), ((1, 11), ((1, 1),)), ((3, 8), ()), ((7, 10), ()), ((13, 5), ()), ((3, 11), ((1, 12),)), ((7, 11), ()), ((3, 12), ((1, 12),)), ((6, 4), ((1, 1),)), ((14, 2), ()), ((14, 1), ()), ((3, 10), ((1, 12),)), ((6, 6), ((1, 1),)), ((7, 12), ()), ((6, 10), ((1, 1),)), ((7, 7), ()), ((6, 11), ((1, 1),)), ((6, 12), ((1, 1),))]","[((1, 11), ((1, 1),)), ((1, 12), ((1, 1), (1, 12))), ((3, 8), ()), ((7, 10), ()), ((13, 5), ()), ((3, 11), ((1, 12),)), ((7, 11), ()), ((7, 7), ()), ((3, 12), ((1, 12),)), ((14, 2), ()), ((14, 1), ()), ((3, 10), ((1, 12),)), ((6, 6), ((1, 1),)), ((7, 12), ()), ((6, 10), ((1, 1),)), ((6, 12), ((1, 1),)), ((6, 11), ((1, 1),)), ((6, 4), ((1, 1),))]",110,36,39,75
111,"((1, 11), ((1, 1),))","((2, 11), ((1, 1),))",West,"[((1, 12), ((1, 1), (1, 12))), ((1, 10), ((1, 1),)), ((2, 11), ((1, 1),))]","[((1, 11), ((1, 1),)), ((1, 12), ((1, 1), (1, 12))), ((3, 8), ()), ((7, 10), ()), ((13, 5), ()), ((3, 11), ((1, 12),)), ((7, 11), ()), ((7, 7), ()), ((3, 12), ((1, 12),)), ((14, 2), ()), ((14, 1), ()), ((3, 10), ((1, 12),)), ((6, 6), ((1, 1),)), ((7, 12), ()), ((6, 10), ((1, 1),)), ((6, 12), ((1, 1),)), ((6, 11), ((1, 1),)), ((6, 4), ((1, 1),))]","[((1, 12), ((1, 1), (1, 12))), ((7, 10), ()), ((3, 8), ()), ((3, 12), ((1, 12),)), ((13, 5), ()), ((3, 11), ((1, 12),)), ((7, 11), ()), ((7, 7), ()), ((6, 4), ((1, 1),)), ((14, 2), ()), ((14, 1), ()), ((3, 10), ((1, 12),)), ((6, 6), ((1, 1),)), ((7, 12), ()), ((6, 10), ((1, 1),)), ((6, 12), ((1, 1),)), ((6, 11), ((1, 1),))]",111,36,39,75
112,"((1, 12), ((1, 1), (1, 12)))","((2, 12), ((1, 1),))",West,"[((1, 11), ((1, 1), (1, 12))), ((2, 12), ((1, 1), (1, 12)))]","[((1, 12), ((1, 1), (1, 12))), ((7, 10), ()), ((3, 8), ()), ((3, 12), ((1, 12),)), ((13, 5), ()), ((3, 11), ((1, 12),)), ((7, 11), ()), ((7, 7), ()), ((6, 4), ((1, 1),)), ((14, 2), ()), ((14, 1), ()), ((3, 10), ((1, 12),)), ((6, 6), ((1, 1),)), ((7, 12), ()), ((6, 10), ((1, 1),)), ((6, 12), ((1, 1),)), ((6, 11), ((1, 1),))]","[((2, 12), ((1, 1), (1, 12))), ((3, 8), ()), ((7, 11), ()), ((7, 10), ()), ((13, 5), ()), ((3, 11), ((1, 12),)), ((7, 12), ()), ((7, 7), ()), ((3, 12), ((1, 12),)), ((14, 2), ()), ((14, 1), ()), ((3, 10), ((1, 12),)), ((6, 6), ((1, 1),)), ((6, 11), ((1, 1),)), ((6, 10), ((1, 1),)), ((6, 12), ((1, 1),)), ((1, 11), ((1, 1), (1, 12))), ((6, 4), ((1, 1),))]",112,37,38,75
113,"((2, 12), ((1, 1), (1, 12)))","((1, 12), ((1, 1), (1, 12)))",East,"[((2, 11), ((1, 1), (1, 12))), ((3, 12), ((1, 1), (1, 12))), ((1, 12), ((1, 1), (1, 12)))]","[((2, 12), ((1, 1), (1, 12))), ((3, 8), ()), ((7, 11), ()), ((7, 10), ()), ((13, 5), ()), ((3, 11), ((1, 12),)), ((7, 12), ()), ((7, 7), ()), ((3, 12), ((1, 12),)), ((14, 2), ()), ((14, 1), ()), ((3, 10), ((1, 12),)), ((6, 6), ((1, 1),)), ((6, 11), ((1, 1),)), ((6, 10), ((1, 1),)), ((6, 12), ((1, 1),)), ((1, 11), ((1, 1), (1, 12))), ((6, 4), ((1, 1),))]","[((3, 12), ((1, 1), (1, 12))), ((3, 8), ()), ((7, 11), ()), ((7, 10), ()), ((13, 5), ()), ((3, 11), ((1, 12),)), ((7, 12), ()), ((7, 7), ()), ((3, 12), ((1, 12),)), ((14, 2), ()), ((14, 1), ()), ((3, 10), ((1, 12),)), ((6, 6), ((1, 1),)), ((6, 11), ((1, 1),)), ((6, 10), ((1, 1),)), ((6, 12), ((1, 1),)), ((1, 11), ((1, 1), (1, 12))), ((2, 11), ((1, 1), (1, 12))), ((6, 4), ((1, 1),))]",113,38,37,75
114,"((3, 12), ((1, 1), (1, 12)))","((2, 12), ((1, 1), (1, 12)))",East,"[((3, 11), ((1, 1), (1, 12))), ((4, 12), ((1, 1), (1, 12))), ((2, 12), ((1, 1), (1, 12)))]","[((3, 12), ((1, 1), (1, 12))), ((3, 8), ()), ((7, 11), ()), ((7, 10), ()), ((13, 5), ()), ((3, 11), ((1, 12),)), ((7, 12), ()), ((7, 7), ()), ((3, 12), ((1, 12),)), ((14, 2), ()), ((14, 1), ()), ((3, 10), ((1, 12),)), ((6, 6), ((1, 1),)), ((6, 11), ((1, 1),)), ((6, 10), ((1, 1),)), ((6, 12), ((1, 1),)), ((1, 11), ((1, 1), (1, 12))), ((2, 11), ((1, 1), (1, 12))), ((6, 4), ((1, 1),))]","[((4, 12), ((1, 1), (1, 12))), ((3, 8), ()), ((7, 11), ()), ((3, 12), ((1, 12),)), ((7, 10), ()), ((3, 11), ((1, 12),)), ((7, 12), ()), ((7, 7), ()), ((6, 4), ((1, 1),)), ((13, 5), ()), ((14, 1), ()), ((3, 10), ((1, 12),)), ((6, 6), ((1, 1),)), ((6, 11), ((1, 1),)), ((6, 10), ((1, 1),)), ((6, 12), ((1, 1),)), ((1, 11), ((1, 1), (1, 12))), ((2, 11), ((1, 1), (1, 12))), ((3, 11), ((1, 1), (1, 12))), ((14, 2), ())]",114,39,36,75
115,"((4, 12), ((1, 1), (1, 12)))","((3, 12), ((1, 1), (1, 12)))",East,"[((4, 11), ((1, 1), (1, 12))), ((5, 12), ((1, 1), (1, 12))), ((3, 12), ((1, 1), (1, 12)))]","[((4, 12), ((1, 1), (1, 12))), ((3, 8), ()), ((7, 11), ()), ((3, 12), ((1, 12),)), ((7, 10), ()), ((3, 11), ((1, 12),)), ((7, 12), ()), ((7, 7), ()), ((6, 4), ((1, 1),)), ((13, 5), ()), ((14, 1), ()), ((3, 10), ((1, 12),)), ((6, 6), ((1, 1),)), ((6, 11), ((1, 1),)), ((6, 10), ((1, 1),)), ((6, 12), ((1, 1),)), ((1, 11), ((1, 1), (1, 12))), ((2, 11), ((1, 1), (1, 12))), ((3, 11), ((1, 1), (1, 12))), ((14, 2), ())]","[((5, 12), ((1, 1), (1, 12))), ((3, 8), ()), ((7, 11), ()), ((3, 12), ((1, 12),)), ((7, 10), ()), ((3, 11), ((1, 12),)), ((7, 12), ()), ((7, 7), ()), ((6, 4), ((1, 1),)), ((13, 5), ()), ((14, 1), ()), ((3, 10), ((1, 12),)), ((6, 6), ((1, 1),)), ((6, 11), ((1, 1),)), ((6, 10), ((1, 1),)), ((6, 12), ((1, 1),)), ((1, 11), ((1, 1), (1, 12))), ((2, 11), ((1, 1), (1, 12))), ((3, 11), ((1, 1), (1, 12))), ((4, 11), ((1, 1), (1, 12))), ((14, 2), ())]",115,40,35,75
116,"((5, 12), ((1, 1), (1, 12)))","((4, 12), ((1, 1), (1, 12)))",East,"[((5, 11), ((1, 1), (1, 12))), ((6, 12), ((1, 1), (1, 12))), ((4, 12), ((1, 1), (1, 12)))]","[((5, 12), ((1, 1), (1, 12))), ((3, 8), ()), ((7, 11), ()), ((3, 12), ((1, 12),)), ((7, 10), ()), ((3, 11), ((1, 12),)), ((7, 12), ()), ((7, 7), ()), ((6, 4), ((1, 1),)), ((13, 5), ()), ((14, 1), ()), ((3, 10), ((1, 12),)), ((6, 6), ((1, 1),)), ((6, 11), ((1, 1),)), ((6, 10), ((1, 1),)), ((6, 12), ((1, 1),)), ((1, 11), ((1, 1), (1, 12))), ((2, 11), ((1, 1), (1, 12))), ((3, 11), ((1, 1), (1, 12))), ((4, 11), ((1, 1), (1, 12))), ((14, 2), ())]","[((6, 12), ((1, 1), (1, 12))), ((3, 8), ()), ((7, 11), ()), ((3, 12), ((1, 12),)), ((7, 10), ()), ((3, 11), ((1, 12),)), ((7, 12), ()), ((7, 7), ()), ((6, 4), ((1, 1),)), ((14, 2), ()), ((13, 5), ()), ((3, 10), ((1, 12),)), ((6, 6), ((1, 1),)), ((6, 11), ((1, 1),)), ((6, 10), ((1, 1),)), ((6, 12), ((1, 1),)), ((1, 11), ((1, 1), (1, 12))), ((2, 11), ((1, 1), (1, 12))), ((3, 11), ((1, 1), (1, 12))), ((4, 11), ((1, 1), (1, 12))), ((5, 11), ((1, 1), (1, 12))), ((14, 1), ())]",116,41,34,75
117,"((6, 12), ((1, 1), (1, 12)))","((5, 12), ((1, 1), (1, 12)))",East,"[((6, 11), ((1, 1), (1, 12))), ((7, 12), ((1, 1), (1, 12))), ((5, 12), ((1, 1), (1, 12)))]","[((6, 12), ((1, 1), (1, 12))), ((3, 8), ()), ((7, 11), ()), ((3, 12), ((1, 12),)), ((7, 10), ()), ((3, 11), ((1, 12),)), ((7, 12), ()), ((7, 7), ()), ((6, 4), ((1, 1),)), ((14, 2), ()), ((13, 5), ()), ((3, 10), ((1, 12),)), ((6, 6), ((1, 1),)), ((6, 11), ((1, 1),)), ((6, 10), ((1, 1),)), ((6, 12), ((1, 1),)), ((1, 11), ((1, 1), (1, 12))), ((2, 11), ((1, 1), (1, 12))), ((3, 11), ((1, 1), (1, 12))), ((4, 11), ((1, 1), (1, 12))), ((5, 11), ((1, 1), (1, 12))), ((14, 1), ())]","[((7, 12), ((1, 1), (1, 12))), ((3, 8), ()), ((7, 11), ()), ((3, 12), ((1, 12),)), ((7, 10), ()), ((3, 11), ((1, 12),)), ((7, 12), ()), ((7, 7), ()), ((6, 4), ((1, 1),)), ((14, 2), ()), ((13, 5), ()), ((3, 10), ((1, 12),)), ((6, 6), ((1, 1),)), ((6, 11), ((1, 1),)), ((6, 10), ((1, 1),)), ((6, 12), ((1, 1),)), ((1, 11), ((1, 1), (1, 12))), ((2, 11), ((1, 1), (1, 12))), ((3, 11), ((1, 1), (1, 12))), ((4, 11), ((1, 1), (1, 12))), ((5, 11), ((1, 1), (1, 12))), ((6, 11), ((1, 1), (1, 12))), ((14, 1), ())]",117,42,33,75
118,"((7, 12), ((1, 1), (1, 12)))","((6, 12), ((1, 1), (1, 12)))",East,"[((7, 11), ((1, 1), (1, 12))), ((6, 12), ((1, 1), (1, 12)))]","[((7, 12), ((1, 1), (1, 12))), ((3, 8), ()), ((7, 11), ()), ((3, 12), ((1, 12),)), ((7, 10), ()), ((3, 11), ((1, 12),)), ((7, 12), ()), ((7, 7), ()), ((6, 4), ((1, 1),)), ((14, 2), ()), ((13, 5), ()), ((3, 10), ((1, 12),)), ((6, 6), ((1, 1),)), ((6, 11), ((1, 1),)), ((6, 10), ((1, 1),)), ((6, 12), ((1, 1),)), ((1, 11), ((1, 1), (1, 12))), ((2, 11), ((1, 1), (1, 12))), ((3, 11), ((1, 1), (1, 12))), ((4, 11), ((1, 1), (1, 12))), ((5, 11), ((1, 1), (1, 12))), ((6, 11), ((1, 1), (1, 12))), ((14, 1), ())]","[((3, 8), ()), ((7, 10), ()), ((7, 11), ()), ((3, 12), ((1, 12),)), ((13, 5), ()), ((3, 11), ((1, 12),)), ((7, 12), ()), ((7, 7), ()), ((6, 4), ((1, 1),)), ((14, 2), ()), ((14, 1), ()), ((3, 10), ((1, 12),)), ((6, 6), ((1, 1),)), ((6, 11), ((1, 1),)), ((6, 10), ((1, 1),)), ((6, 12), ((1, 1),)), ((1, 11), ((1, 1), (1, 12))), ((2, 11), ((1, 1), (1, 12))), ((3, 11), ((1, 1), (1, 12))), ((4, 11), ((1, 1), (1, 12))), ((5, 11), ((1, 1), (1, 12))), ((6, 11), ((1, 1), (1, 12))), ((7, 11), ((1, 1), (1, 12)))]",118,43,32,75
119,"((3, 8), ())","((2, 8), ())",East,"[((2, 8), ())]","[((3, 8), ()), ((7, 10), ()), ((7, 11), ()), ((3, 12), ((1, 12),)), ((13, 5), ()), ((3, 11), ((1, 12),)), ((7, 12), ()), ((7, 7), ()), ((6, 4), ((1, 1),)), ((14, 2), ()), ((14, 1), ()), ((3, 10), ((1, 12),)), ((6, 6), ((1, 1),)), ((6, 11), ((1, 1),)), ((6, 10), ((1, 1),)), ((6, 12), ((1, 1),)), ((1, 11), ((1, 1), (1, 12))), ((2, 11), ((1, 1), (1, 12))), ((3, 11), ((1, 1), (1, 12))), ((4, 11), ((1, 1), (1, 12))), ((5, 11), ((1, 1), (1, 12))), ((6, 11), ((1, 1), (1, 12))), ((7, 11), ((1, 1), (1, 12)))]","[((7, 10), ()), ((3, 12), ((1, 12),)), ((7, 11), ()), ((7, 7), ()), ((13, 5), ()), ((3, 11), ((1, 12),)), ((7, 12), ()), ((6, 12), ((1, 1),)), ((6, 4), ((1, 1),)), ((14, 2), ()), ((14, 1), ()), ((3, 10), ((1, 12),)), ((6, 6), ((1, 1),)), ((6, 11), ((1, 1),)), ((6, 10), ((1, 1),)), ((7, 11), ((1, 1), (1, 12))), ((1, 11), ((1, 1), (1, 12))), ((2, 11), ((1, 1), (1, 12))), ((3, 11), ((1, 1), (1, 12))), ((4, 11), ((1, 1), (1, 12))), ((5, 11), ((1, 1), (1, 12))), ((6, 11), ((1, 1), (1, 12)))]",119,21,55,76
120,"((7, 10), ())","((6, 10), ())",East,"[((7, 11), ()), ((6, 10), ())]","[((7, 10), ()), ((3, 12), ((1, 12),)), ((7, 11), ()), ((7, 7), ()), ((13, 5), ()), ((3, 11), ((1, 12),)), ((7, 12), ()), ((6, 12), ((1, 1),)), ((6, 4), ((1, 1),)), ((14, 2), ()), ((14, 1), ()), ((3, 10), ((1, 12),)), ((6, 6), ((1, 1),)), ((6, 11), ((1, 1),)), ((6, 10), ((1, 1),)), ((7, 11), ((1, 1), (1, 12))), ((1, 11), ((1, 1), (1, 12))), ((2, 11), ((1, 1), (1, 12))), ((3, 11), ((1, 1), (1, 12))), ((4, 11), ((1, 1), (1, 12))), ((5, 11), ((1, 1), (1, 12))), ((6, 11), ((1, 1), (1, 12)))]","[((7, 11), ()), ((3, 12), ((1, 12),)), ((7, 12), ()), ((7, 7), ()), ((13, 5), ()), ((3, 11), ((1, 12),)), ((6, 10), ((1, 1),)), ((6, 12), ((1, 1),)), ((6, 4), ((1, 1),)), ((14, 2), ()), ((14, 1), ()), ((3, 10), ((1, 12),)), ((6, 6), ((1, 1),)), ((6, 11), ((1, 1),)), ((6, 11), ((1, 1), (1, 12))), ((7, 11), ((1, 1), (1, 12))), ((1, 11), ((1, 1), (1, 12))), ((2, 11), ((1, 1), (1, 12))), ((3, 11), ((1, 1), (1, 12))), ((4, 11), ((1, 1), (1, 12))), ((5, 11), ((1, 1), (1, 12)))]",120,19,57,76
121,"((7, 11), ())","((6, 11), ())",East,"[((7, 12), ()), ((7, 10), ()), ((6, 11), ())]","[((7, 11), ()), ((3, 12), ((1, 12),)), ((7, 12), ()), ((7, 7), ()), ((13, 5), ()), ((3, 11), ((1, 12),)), ((6, 10), ((1, 1),)), ((6, 12), ((1, 1),)), ((6, 4), ((1, 1),)), ((14, 2), ()), ((14, 1), ()), ((3, 10), ((1, 12),)), ((6, 6), ((1, 1),)), ((6, 11), ((1, 1),)), ((6, 11), ((1, 1), (1, 12))), ((7, 11), ((1, 1), (1, 12))), ((1, 11), ((1, 1), (1, 12))), ((2, 11), ((1, 1), (1, 12))), ((3, 11), ((1, 1), (1, 12))), ((4, 11), ((1, 1), (1, 12))), ((5, 11), ((1, 1), (1, 12)))]","[((7, 12), ()), ((3, 12), ((1, 12),)), ((3, 11), ((1, 12),)), ((7, 7), ()), ((13, 5), ()), ((3, 10), ((1, 12),)), ((6, 10), ((1, 1),)), ((6, 12), ((1, 1),)), ((6, 4), ((1, 1),)), ((14, 2), ()), ((14, 1), ()), ((5, 11), ((1, 1), (1, 12))), ((6, 6), ((1, 1),)), ((6, 11), ((1, 1),)), ((6, 11), ((1, 1), (1, 12))), ((7, 11), ((1, 1), (1, 12))), ((1, 11), ((1, 1), (1, 12))), ((2, 11), ((1, 1), (1, 12))), ((3, 11), ((1, 1), (1, 12))), ((4, 11), ((1, 1), (1, 12)))]",121,20,56,76
122,"((7, 12), ())","((6, 12), ())",East,"[((7, 11), ()), ((6, 12), ())]","[((7, 12), ()), ((3, 12), ((1, 12),)), ((3, 11), ((1, 12),)), ((7, 7), ()), ((13, 5), ()), ((3, 10), ((1, 12),)), ((6, 10), ((1, 1),)), ((6, 12), ((1, 1),)), ((6, 4), ((1, 1),)), ((14, 2), ()), ((14, 1), ()), ((5, 11), ((1, 1), (1, 12))), ((6, 6), ((1, 1),)), ((6, 11), ((1, 1),)), ((6, 11), ((1, 1), (1, 12))), ((7, 11), ((1, 1), (1, 12))), ((1, 11), ((1, 1), (1, 12))), ((2, 11), ((1, 1), (1, 12))), ((3, 11), ((1, 1), (1, 12))), ((4, 11), ((1, 1), (1, 12)))]","[((3, 12), ((1, 12),)), ((7, 7), ()), ((3, 11), ((1, 12),)), ((6, 4), ((1, 1),)), ((13, 5), ()), ((3, 10), ((1, 12),)), ((6, 10), ((1, 1),)), ((6, 12), ((1, 1),)), ((2, 11), ((1, 1), (1, 12))), ((14, 2), ()), ((14, 1), ()), ((5, 11), ((1, 1), (1, 12))), ((6, 6), ((1, 1),)), ((6, 11), ((1, 1),)), ((6, 11), ((1, 1), (1, 12))), ((7, 11), ((1, 1), (1, 12))), ((1, 11), ((1, 1), (1, 12))), ((4, 11), ((1, 1), (1, 12))), ((3, 11), ((1, 1), (1, 12)))]",122,21,55,76
123,"((3, 12), ((1, 12),))","((2, 12), ((1, 12),))",East,"[((3, 11), ((1, 12),)), ((4, 12), ((1, 12),)), ((2, 12), ((1, 12),))]","[((3, 12), ((1, 12),)), ((7, 7), ()), ((3, 11), ((1, 12),)), ((6, 4), ((1, 1),)), ((13, 5), ()), ((3, 10), ((1, 12),)), ((6, 10), ((1, 1),)), ((6, 12), ((1, 1),)), ((2, 11), ((1, 1), (1, 12))), ((14, 2), ()), ((14, 1), ()), ((5, 11), ((1, 1), (1, 12))), ((6, 6), ((1, 1),)), ((6, 11), ((1, 1),)), ((6, 11), ((1, 1), (1, 12))), ((7, 11), ((1, 1), (1, 12))), ((1, 11), ((1, 1), (1, 12))), ((4, 11), ((1, 1), (1, 12))), ((3, 11), ((1, 1), (1, 12)))]","[((3, 11), ((1, 12),)), ((7, 7), ()), ((3, 10), ((1, 12),)), ((6, 4), ((1, 1),)), ((13, 5), ()), ((6, 6), ((1, 1),)), ((6, 10), ((1, 1),)), ((6, 12), ((1, 1),)), ((2, 11), ((1, 1), (1, 12))), ((14, 2), ()), ((14, 1), ()), ((5, 11), ((1, 1), (1, 12))), ((3, 11), ((1, 1), (1, 12))), ((6, 11), ((1, 1),)), ((6, 11), ((1, 1), (1, 12))), ((7, 11), ((1, 1), (1, 12))), ((1, 11), ((1, 1), (1, 12))), ((4, 11), ((1, 1), (1, 12))), ((4, 12), ((1, 12),))]",123,25,51,76
124,"((3, 11), ((1, 12),))","((2, 11), ((1, 12),))",East,"[((3, 12), ((1, 12),)), ((3, 10), ((1, 12),)), ((4, 11), ((1, 12),)), ((2, 11), ((1, 12),))]","[((3, 11), ((1, 12),)), ((7, 7), ()), ((3, 10), ((1, 12),)), ((6, 4), ((1, 1),)), ((13, 5), ()), ((6, 6), ((1, 1),)), ((6, 10), ((1, 1),)), ((6, 12), ((1, 1),)), ((2, 11), ((1, 1), (1, 12))), ((14, 2), ()), ((14, 1), ()), ((5, 11), ((1, 1), (1, 12))), ((3, 11), ((1, 1), (1, 12))), ((6, 11), ((1, 1),)), ((6, 11), ((1, 1), (1, 12))), ((7, 11), ((1, 1), (1, 12))), ((1, 11), ((1, 1), (1, 12))), ((4, 11), ((1, 1), (1, 12))), ((4, 12), ((1, 12),))]","[((3, 10), ((1, 12),)), ((7, 7), ()), ((6, 6), ((1, 1),)), ((6, 4), ((1, 1),)), ((13, 5), ()), ((3, 11), ((1, 1), (1, 12))), ((6, 10), ((1, 1),)), ((6, 12), ((1, 1),)), ((2, 11), ((1, 1), (1, 12))), ((14, 2), ()), ((14, 1), ()), ((5, 11), ((1, 1), (1, 12))), ((4, 12), ((1, 12),)), ((6, 11), ((1, 1),)), ((6, 11), ((1, 1), (1, 12))), ((7, 11), ((1, 1), (1, 12))), ((1, 11), ((1, 1), (1, 12))), ((4, 11), ((1, 1), (1, 12))), ((4, 11), ((1, 12),))]",124,26,50,76
125,"((3, 10), ((1, 12),))","((2, 10), ((1, 12),))",East,"[((3, 11), ((1, 12),)), ((4, 10), ((1, 12),)), ((2, 10), ((1, 12),))]","[((3, 10), ((1, 12),)), ((7, 7), ()), ((6, 6), ((1, 1),)), ((6, 4), ((1, 1),)), ((13, 5), ()), ((3, 11), ((1, 1), (1, 12))), ((6, 10), ((1, 1),)), ((6, 12), ((1, 1),)), ((2, 11), ((1, 1), (1, 12))), ((14, 2), ()), ((14, 1), ()), ((5, 11), ((1, 1), (1, 12))), ((4, 12), ((1, 12),)), ((6, 11), ((1, 1),)), ((6, 11), ((1, 1), (1, 12))), ((7, 11), ((1, 1), (1, 12))), ((1, 11), ((1, 1), (1, 12))), ((4, 11), ((1, 1), (1, 12))), ((4, 11), ((1, 12),))]","[((7, 7), ()), ((13, 5), ()), ((6, 6), ((1, 1),)), ((6, 4), ((1, 1),)), ((14, 2), ()), ((3, 11), ((1, 1), (1, 12))), ((6, 10), ((1, 1),)), ((6, 12), ((1, 1),)), ((2, 11), ((1, 1), (1, 12))), ((4, 11), ((1, 12),)), ((14, 1), ()), ((5, 11), ((1, 1), (1, 12))), ((4, 12), ((1, 12),)), ((6, 11), ((1, 1),)), ((6, 11), ((1, 1), (1, 12))), ((7, 11), ((1, 1), (1, 12))), ((1, 11), ((1, 1), (1, 12))), ((4, 11), ((1, 1), (1, 12))), ((4, 10), ((1, 12),))]",125,27,49,76
126,"((7, 7), ())","((7, 6), ())",North,"[((7, 8), ()), ((7, 6), ())]","[((7, 7), ()), ((13, 5), ()), ((6, 6), ((1, 1),)), ((6, 4), ((1, 1),)), ((14, 2), ()), ((3, 11), ((1, 1), (1, 12))), ((6, 10), ((1, 1),)), ((6, 12), ((1, 1),)), ((2, 11), ((1, 1), (1, 12))), ((4, 11), ((1, 12),)), ((14, 1), ()), ((5, 11), ((1, 1), (1, 12))), ((4, 12), ((1, 12),)), ((6, 11), ((1, 1),)), ((6, 11), ((1, 1), (1, 12))), ((7, 11), ((1, 1), (1, 12))), ((1, 11), ((1, 1), (1, 12))), ((4, 11), ((1, 1), (1, 12))), ((4, 10), ((1, 12),))]","[((7, 8), ()), ((13, 5), ()), ((6, 6), ((1, 1),)), ((14, 2), ()), ((14, 1), ()), ((3, 11), ((1, 1), (1, 12))), ((6, 10), ((1, 1),)), ((6, 12), ((1, 1),)), ((6, 4), ((1, 1),)), ((4, 11), ((1, 12),)), ((4, 10), ((1, 12),)), ((5, 11), ((1, 1), (1, 12))), ((4, 12), ((1, 12),)), ((6, 11), ((1, 1),)), ((6, 11), ((1, 1), (1, 12))), ((7, 11), ((1, 1), (1, 12))), ((1, 11), ((1, 1), (1, 12))), ((4, 11), ((1, 1), (1, 12))), ((2, 11), ((1, 1), (1, 12)))]",126,16,60,76
127,"((7, 8), ())","((7, 7), ())",North,"[((7, 7), ())]","[((7, 8), ()), ((13, 5), ()), ((6, 6), ((1, 1),)), ((14, 2), ()), ((14, 1), ()), ((3, 11), ((1, 1), (1, 12))), ((6, 10), ((1, 1),)), ((6, 12), ((1, 1),)), ((6, 4), ((1, 1),)), ((4, 11), ((1, 12),)), ((4, 10), ((1, 12),)), ((5, 11), ((1, 1), (1, 12))), ((4, 12), ((1, 12),)), ((6, 11), ((1, 1),)), ((6, 11), ((1, 1), (1, 12))), ((7, 11), ((1, 1), (1, 12))), ((1, 11), ((1, 1), (1, 12))), ((4, 11), ((1, 1), (1, 12))), ((2, 11), ((1, 1), (1, 12)))]","[((13, 5), ()), ((14, 2), ()), ((6, 6), ((1, 1),)), ((6, 4), ((1, 1),)), ((14, 1), ()), ((3, 11), ((1, 1), (1, 12))), ((6, 10), ((1, 1),)), ((6, 12), ((1, 1),)), ((2, 11), ((1, 1), (1, 12))), ((4, 11), ((1, 12),)), ((4, 10), ((1, 12),)), ((5, 11), ((1, 1), (1, 12))), ((4, 12), ((1, 12),)), ((6, 11), ((1, 1),)), ((6, 11), ((1, 1), (1, 12))), ((7, 11), ((1, 1), (1, 12))), ((1, 11), ((1, 1), (1, 12))), ((4, 11), ((1, 1), (1, 12)))]",127,17,59,76
128,"((13, 5), ())","((13, 4), ())",North,"[((13, 6), ()), ((13, 4), ())]","[((13, 5), ()), ((14, 2), ()), ((6, 6), ((1, 1),)), ((6, 4), ((1, 1),)), ((14, 1), ()), ((3, 11), ((1, 1), (1, 12))), ((6, 10), ((1, 1),)), ((6, 12), ((1, 1),)), ((2, 11), ((1, 1), (1, 12))), ((4, 11), ((1, 12),)), ((4, 10), ((1, 12),)), ((5, 11), ((1, 1), (1, 12))), ((4, 12), ((1, 12),)), ((6, 11), ((1, 1),)), ((6, 11), ((1, 1), (1, 12))), ((7, 11), ((1, 1), (1, 12))), ((1, 11), ((1, 1), (1, 12))), ((4, 11), ((1, 1), (1, 12)))]","[((14, 2), ()), ((6, 4), ((1, 1),)), ((6, 6), ((1, 1),)), ((6, 12), ((1, 1),)), ((14, 1), ()), ((3, 11), ((1, 1), (1, 12))), ((6, 10), ((1, 1),)), ((1, 11), ((1, 1), (1, 12))), ((2, 11), ((1, 1), (1, 12))), ((4, 11), ((1, 12),)), ((4, 10), ((1, 12),)), ((5, 11), ((1, 1), (1, 12))), ((4, 12), ((1, 12),)), ((6, 11), ((1, 1),)), ((6, 11), ((1, 1), (1, 12))), ((7, 11), ((1, 1), (1, 12))), ((4, 11), ((1, 1), (1, 12))), ((13, 6), ())]",128,12,65,77
129,"((14, 2), ())","((13, 2), ())",East,"[((14, 1), ()), ((15, 2), ()), ((13, 2), ())]","[((14, 2), ()), ((6, 4), ((1, 1),)), ((6, 6), ((1, 1),)), ((6, 12), ((1, 1),)), ((14, 1), ()), ((3, 11), ((1, 1), (1, 12))), ((6, 10), ((1, 1),)), ((1, 11), ((1, 1), (1, 12))), ((2, 11), ((1, 1), (1, 12))), ((4, 11), ((1, 12),)), ((4, 10), ((1, 12),)), ((5, 11), ((1, 1), (1, 12))), ((4, 12), ((1, 12),)), ((6, 11), ((1, 1),)), ((6, 11), ((1, 1), (1, 12))), ((7, 11), ((1, 1), (1, 12))), ((4, 11), ((1, 1), (1, 12))), ((13, 6), ())]","[((6, 4), ((1, 1),)), ((14, 1), ()), ((6, 6), ((1, 1),)), ((6, 12), ((1, 1),)), ((4, 11), ((1, 12),)), ((3, 11), ((1, 1), (1, 12))), ((6, 10), ((1, 1),)), ((1, 11), ((1, 1), (1, 12))), ((2, 11), ((1, 1), (1, 12))), ((13, 6), ()), ((4, 10), ((1, 12),)), ((5, 11), ((1, 1), (1, 12))), ((4, 12), ((1, 12),)), ((6, 11), ((1, 1),)), ((6, 11), ((1, 1), (1, 12))), ((7, 11), ((1, 1), (1, 12))), ((4, 11), ((1, 1), (1, 12))), ((15, 2), ())]",129,14,63,77
130,"((6, 4), ((1, 1),))","((5, 4), ((1, 1),))",East,"[((7, 4), ((1, 1),)), ((5, 4), ((1, 1),))]","[((6, 4), ((1, 1),)), ((14, 1), ()), ((6, 6), ((1, 1),)), ((6, 12), ((1, 1),)), ((4, 11), ((1, 12),)), ((3, 11), ((1, 1), (1, 12))), ((6, 10), ((1, 1),)), ((1, 11), ((1, 1), (1, 12))), ((2, 11), ((1, 1), (1, 12))), ((13, 6), ()), ((4, 10), ((1, 12),)), ((5, 11), ((1, 1), (1, 12))), ((4, 12), ((1, 12),)), ((6, 11), ((1, 1),)), ((6, 11), ((1, 1), (1, 12))), ((7, 11), ((1, 1), (1, 12))), ((4, 11), ((1, 1), (1, 12))), ((15, 2), ())]","[((14, 1), ()), ((6, 12), ((1, 1),)), ((6, 6), ((1, 1),)), ((1, 11), ((1, 1), (1, 12))), ((4, 11), ((1, 12),)), ((3, 11), ((1, 1), (1, 12))), ((6, 10), ((1, 1),)), ((4, 11), ((1, 1), (1, 12))), ((2, 11), ((1, 1), (1, 12))), ((13, 6), ()), ((4, 10), ((1, 12),)), ((5, 11), ((1, 1), (1, 12))), ((4, 12), ((1, 12),)), ((6, 11), ((1, 1),)), ((6, 11), ((1, 1), (1, 12))), ((7, 11), ((1, 1), (1, 12))), ((15, 2), ()), ((7, 4), ((1, 1),))]",130,26,51,77
131,"((14, 1), ())","((13, 1), ())",East,"[((14, 2), ()), ((15, 1), ()), ((13, 1), ())]","[((14, 1), ()), ((6, 12), ((1, 1),)), ((6, 6), ((1, 1),)), ((1, 11), ((1, 1), (1, 12))), ((4, 11), ((1, 12),)), ((3, 11), ((1, 1), (1, 12))), ((6, 10), ((1, 1),)), ((4, 11), ((1, 1), (1, 12))), ((2, 11), ((1, 1), (1, 12))), ((13, 6), ()), ((4, 10), ((1, 12),)), ((5, 11), ((1, 1), (1, 12))), ((4, 12), ((1, 12),)), ((6, 11), ((1, 1),)), ((6, 11), ((1, 1), (1, 12))), ((7, 11), ((1, 1), (1, 12))), ((15, 2), ()), ((7, 4), ((1, 1),))]","[((6, 6), ((1, 1),)), ((6, 12), ((1, 1),)), ((6, 10), ((1, 1),)), ((1, 11), ((1, 1), (1, 12))), ((4, 11), ((1, 12),)), ((3, 11), ((1, 1), (1, 12))), ((6, 11), ((1, 1),)), ((4, 11), ((1, 1), (1, 12))), ((2, 11), ((1, 1), (1, 12))), ((13, 6), ()), ((4, 10), ((1, 12),)), ((5, 11), ((1, 1), (1, 12))), ((4, 12), ((1, 12),)), ((7, 4), ((1, 1),)), ((6, 11), ((1, 1), (1, 12))), ((7, 11), ((1, 1), (1, 12))), ((15, 2), ()), ((15, 1), ())]",131,15,62,77
132,"((6, 6), ((1, 1),))","((5, 6), ((1, 1),))",East,"[((7, 6), ((1, 1),)), ((5, 6), ((1, 1),))]","[((6, 6), ((1, 1),)), ((6, 12), ((1, 1),)), ((6, 10), ((1, 1),)), ((1, 11), ((1, 1), (1, 12))), ((4, 11), ((1, 12),)), ((3, 11), ((1, 1), (1, 12))), ((6, 11), ((1, 1),)), ((4, 11), ((1, 1), (1, 12))), ((2, 11), ((1, 1), (1, 12))), ((13, 6), ()), ((4, 10), ((1, 12),)), ((5, 11), ((1, 1), (1, 12))), ((4, 12), ((1, 12),)), ((7, 4), ((1, 1),)), ((6, 11), ((1, 1), (1, 12))), ((7, 11), ((1, 1), (1, 12))), ((15, 2), ()), ((15, 1), ())]","[((6, 10), ((1, 1),)), ((6, 12), ((1, 1),)), ((6, 11), ((1, 1),)), ((1, 11), ((1, 1), (1, 12))), ((4, 11), ((1, 12),)), ((3, 11), ((1, 1), (1, 12))), ((6, 11), ((1, 1), (1, 12))), ((4, 11), ((1, 1), (1, 12))), ((2, 11), ((1, 1), (1, 12))), ((13, 6), ()), ((4, 10), ((1, 12),)), ((5, 11), ((1, 1), (1, 12))), ((4, 12), ((1, 12),)), ((7, 4), ((1, 1),)), ((15, 1), ()), ((7, 11), ((1, 1), (1, 12))), ((15, 2), ()), ((7, 6), ((1, 1),))]",132,28,49,77
133,"((6, 10), ((1, 1),))","((5, 10), ((1, 1),))",East,"[((6, 11), ((1, 1),)), ((7, 10), ((1, 1),)), ((5, 10), ((1, 1),))]","[((6, 10), ((1, 1),)), ((6, 12), ((1, 1),)), ((6, 11), ((1, 1),)), ((1, 11), ((1, 1), (1, 12))), ((4, 11), ((1, 12),)), ((3, 11), ((1, 1), (1, 12))), ((6, 11), ((1, 1), (1, 12))), ((4, 11), ((1, 1), (1, 12))), ((2, 11), ((1, 1), (1, 12))), ((13, 6), ()), ((4, 10), ((1, 12),)), ((5, 11), ((1, 1), (1, 12))), ((4, 12), ((1, 12),)), ((7, 4), ((1, 1),)), ((15, 1), ()), ((7, 11), ((1, 1), (1, 12))), ((15, 2), ()), ((7, 6), ((1, 1),))]","[((6, 11), ((1, 1),)), ((6, 12), ((1, 1),)), ((3, 11), ((1, 1), (1, 12))), ((1, 11), ((1, 1), (1, 12))), ((4, 11), ((1, 12),)), ((5, 11), ((1, 1), (1, 12))), ((6, 11), ((1, 1), (1, 12))), ((4, 11), ((1, 1), (1, 12))), ((2, 11), ((1, 1), (1, 12))), ((13, 6), ()), ((4, 10), ((1, 12),)), ((7, 6), ((1, 1),)), ((4, 12), ((1, 12),)), ((7, 4), ((1, 1),)), ((15, 1), ()), ((7, 11), ((1, 1), (1, 12))), ((15, 2), ()), ((7, 10), ((1, 1),))]",133,32,45,77
134,"((6, 11), ((1, 1),))","((5, 11), ((1, 1),))",East,"[((6, 12), ((1, 1),)), ((6, 10), ((1, 1),)), ((7, 11), ((1, 1),)), ((5, 11), ((1, 1),))]","[((6, 11), ((1, 1),)), ((6, 12), ((1, 1),)), ((3, 11), ((1, 1), (1, 12))), ((1, 11), ((1, 1), (1, 12))), ((4, 11), ((1, 12),)), ((5, 11), ((1, 1), (1, 12))), ((6, 11), ((1, 1), (1, 12))), ((4, 11), ((1, 1), (1, 12))), ((2, 11), ((1, 1), (1, 12))), ((13, 6), ()), ((4, 10), ((1, 12),)), ((7, 6), ((1, 1),)), ((4, 12), ((1, 12),)), ((7, 4), ((1, 1),)), ((15, 1), ()), ((7, 11), ((1, 1), (1, 12))), ((15, 2), ()), ((7, 10), ((1, 1),))]","[((6, 12), ((1, 1),)), ((1, 11), ((1, 1), (1, 12))), ((3, 11), ((1, 1), (1, 12))), ((2, 11), ((1, 1), (1, 12))), ((4, 11), ((1, 12),)), ((5, 11), ((1, 1), (1, 12))), ((6, 11), ((1, 1), (1, 12))), ((4, 11), ((1, 1), (1, 12))), ((7, 10), ((1, 1),)), ((13, 6), ()), ((4, 10), ((1, 12),)), ((7, 6), ((1, 1),)), ((4, 12), ((1, 12),)), ((7, 4), ((1, 1),)), ((15, 1), ()), ((7, 11), ((1, 1), (1, 12))), ((15, 2), ()), ((7, 11), ((1, 1),))]",134,33,44,77
135,"((6, 12), ((1, 1),))","((5, 12), ((1, 1),))",East,"[((6, 11), ((1, 1),)), ((7, 12), ((1, 1),)), ((5, 12), ((1, 1),))]","[((6, 12), ((1, 1),)), ((1, 11), ((1, 1), (1, 12))), ((3, 11), ((1, 1), (1, 12))), ((2, 11), ((1, 1), (1, 12))), ((4, 11), ((1, 12),)), ((5, 11), ((1, 1), (1, 12))), ((6, 11), ((1, 1), (1, 12))), ((4, 11), ((1, 1), (1, 12))), ((7, 10), ((1, 1),)), ((13, 6), ()), ((4, 10), ((1, 12),)), ((7, 6), ((1, 1),)), ((4, 12), ((1, 12),)), ((7, 4), ((1, 1),)), ((15, 1), ()), ((7, 11), ((1, 1), (1, 12))), ((15, 2), ()), ((7, 11), ((1, 1),))]","[((1, 11), ((1, 1), (1, 12))), ((2, 11), ((1, 1), (1, 12))), ((3, 11), ((1, 1), (1, 12))), ((4, 11), ((1, 1), (1, 12))), ((4, 11), ((1, 12),)), ((5, 11), ((1, 1), (1, 12))), ((6, 11), ((1, 1), (1, 12))), ((7, 11), ((1, 1), (1, 12))), ((7, 10), ((1, 1),)), ((13, 6), ()), ((4, 10), ((1, 12),)), ((7, 6), ((1, 1),)), ((4, 12), ((1, 12),)), ((7, 4), ((1, 1),)), ((15, 1), ()), ((7, 11), ((1, 1),)), ((15, 2), ()), ((7, 12), ((1, 1),))]",135,34,43,77
136,"((1, 11), ((1, 1), (1, 12)))","((1, 12), ((1, 1), (1, 12)))",South,"[((1, 12), ((1, 1), (1, 12))), ((1, 10), ((1, 1), (1, 12))), ((2, 11), ((1, 1), (1, 12)))]","[((1, 11), ((1, 1), (1, 12))), ((2, 11), ((1, 1), (1, 12))), ((3, 11), ((1, 1), (1, 12))), ((4, 11), ((1, 1), (1, 12))), ((4, 11), ((1, 12),)), ((5, 11), ((1, 1), (1, 12))), ((6, 11), ((1, 1), (1, 12))), ((7, 11), ((1, 1), (1, 12))), ((7, 10), ((1, 1),)), ((13, 6), ()), ((4, 10), ((1, 12),)), ((7, 6), ((1, 1),)), ((4, 12), ((1, 12),)), ((7, 4), ((1, 1),)), ((15, 1), ()), ((7, 11), ((1, 1),)), ((15, 2), ()), ((7, 12), ((1, 1),))]","[((2, 11), ((1, 1), (1, 12))), ((4, 11), ((1, 1), (1, 12))), ((3, 11), ((1, 1), (1, 12))), ((7, 11), ((1, 1), (1, 12))), ((4, 11), ((1, 12),)), ((5, 11), ((1, 1), (1, 12))), ((6, 11), ((1, 1), (1, 12))), ((15, 2), ()), ((7, 10), ((1, 1),)), ((13, 6), ()), ((4, 10), ((1, 12),)), ((7, 6), ((1, 1),)), ((4, 12), ((1, 12),)), ((7, 4), ((1, 1),)), ((15, 1), ()), ((7, 11), ((1, 1),)), ((7, 12), ((1, 1),)), ((1, 10), ((1, 1), (1, 12)))]",136,38,39,77
137,"((2, 11), ((1, 1), (1, 12)))","((2, 12), ((1, 1), (1, 12)))",South,"[((2, 12), ((1, 1), (1, 12))), ((2, 10), ((1, 1), (1, 12))), ((3, 11), ((1, 1), (1, 12))), ((1, 11), ((1, 1), (1, 12)))]","[((2, 11), ((1, 1), (1, 12))), ((4, 11), ((1, 1), (1, 12))), ((3, 11), ((1, 1), (1, 12))), ((7, 11), ((1, 1), (1, 12))), ((4, 11), ((1, 12),)), ((5, 11), ((1, 1), (1, 12))), ((6, 11), ((1, 1), (1, 12))), ((15, 2), ()), ((7, 10), ((1, 1),)), ((13, 6), ()), ((4, 10), ((1, 12),)), ((7, 6), ((1, 1),)), ((4, 12), ((1, 12),)), ((7, 4), ((1, 1),)), ((15, 1), ()), ((7, 11), ((1, 1),)), ((7, 12), ((1, 1),)), ((1, 10), ((1, 1), (1, 12)))]","[((3, 11), ((1, 1), (1, 12))), ((4, 11), ((1, 1), (1, 12))), ((5, 11), ((1, 1), (1, 12))), ((7, 11), ((1, 1), (1, 12))), ((4, 11), ((1, 12),)), ((4, 12), ((1, 12),)), ((6, 11), ((1, 1), (1, 12))), ((15, 2), ()), ((7, 10), ((1, 1),)), ((13, 6), ()), ((4, 10), ((1, 12),)), ((7, 6), ((1, 1),)), ((1, 10), ((1, 1), (1, 12))), ((7, 4), ((1, 1),)), ((15, 1), ()), ((7, 11), ((1, 1),)), ((7, 12), ((1, 1),)), ((2, 10), ((1, 1), (1, 12)))]",137,39,38,77
138,"((3, 11), ((1, 1), (1, 12)))","((3, 12), ((1, 1), (1, 12)))",South,"[((3, 12), ((1, 1), (1, 12))), ((3, 10), ((1, 1), (1, 12))), ((4, 11), ((1, 1), (1, 12))), ((2, 11), ((1, 1), (1, 12)))]","[((3, 11), ((1, 1), (1, 12))), ((4, 11), ((1, 1), (1, 12))), ((5, 11), ((1, 1), (1, 12))), ((7, 11), ((1, 1), (1, 12))), ((4, 11), ((1, 12),)), ((4, 12), ((1, 12),)), ((6, 11), ((1, 1), (1, 12))), ((15, 2), ()), ((7, 10), ((1, 1),)), ((13, 6), ()), ((4, 10), ((1, 12),)), ((7, 6), ((1, 1),)), ((1, 10), ((1, 1), (1, 12))), ((7, 4), ((1, 1),)), ((15, 1), ()), ((7, 11), ((1, 1),)), ((7, 12), ((1, 1),)), ((2, 10), ((1, 1), (1, 12)))]","[((4, 11), ((1, 1), (1, 12))), ((7, 11), ((1, 1), (1, 12))), ((5, 11), ((1, 1), (1, 12))), ((15, 2), ()), ((4, 11), ((1, 12),)), ((4, 12), ((1, 12),)), ((6, 11), ((1, 1), (1, 12))), ((7, 11), ((1, 1),)), ((7, 10), ((1, 1),)), ((13, 6), ()), ((4, 10), ((1, 12),)), ((7, 6), ((1, 1),)), ((1, 10), ((1, 1), (1, 12))), ((7, 4), ((1, 1),)), ((15, 1), ()), ((2, 10), ((1, 1), (1, 12))), ((7, 12), ((1, 1),)), ((3, 10), ((1, 1), (1, 12)))]",138,40,37,77
139,"((4, 11), ((1, 1), (1, 12)))","((4, 12), ((1, 1), (1, 12)))",South,"[((4, 12), ((1, 1), (1, 12))), ((4, 10), ((1, 1), (1, 12))), ((5, 11), ((1, 1), (1, 12))), ((3, 11), ((1, 1), (1, 12)))]","[((4, 11), ((1, 1), (1, 12))), ((7, 11), ((1, 1), (1, 12))), ((5, 11), ((1, 1), (1, 12))), ((15, 2), ()), ((4, 11), ((1, 12),)), ((4, 12), ((1, 12),)), ((6, 11), ((1, 1), (1, 12))), ((7, 11), ((1, 1),)), ((7, 10), ((1, 1),)), ((13, 6), ()), ((4, 10), ((1, 12),)), ((7, 6), ((1, 1),)), ((1, 10), ((1, 1), (1, 12))), ((7, 4), ((1, 1),)), ((15, 1), ()), ((2, 10), ((1, 1), (1, 12))), ((7, 12), ((1, 1),)), ((3, 10), ((1, 1), (1, 12)))]","[((5, 11), ((1, 1), (1, 12))), ((7, 11), ((1, 1), (1, 12))), ((6, 11), ((1, 1), (1, 12))), ((15, 2), ()), ((4, 11), ((1, 12),)), ((4, 12), ((1, 12),)), ((15, 1), ()), ((7, 11), ((1, 1),)), ((7, 10), ((1, 1),)), ((13, 6), ()), ((4, 10), ((1, 12),)), ((7, 6), ((1, 1),)), ((1, 10), ((1, 1), (1, 12))), ((7, 4), ((1, 1),)), ((3, 10), ((1, 1), (1, 12))), ((2, 10), ((1, 1), (1, 12))), ((7, 12), ((1, 1),)), ((4, 10), ((1, 1), (1, 12)))]",139,41,36,77
140,"((5, 11), ((1, 1), (1, 12)))","((5, 12), ((1, 1), (1, 12)))",South,"[((5, 12), ((1, 1), (1, 12))), ((5, 10), ((1, 1), (1, 12))), ((6, 11), ((1, 1), (1, 12))), ((4, 11), ((1, 1), (1, 12)))]","[((5, 11), ((1, 1), (1, 12))), ((7, 11), ((1, 1), (1, 12))), ((6, 11), ((1, 1), (1, 12))), ((15, 2), ()), ((4, 11), ((1, 12),)), ((4, 12), ((1, 12),)), ((15, 1), ()), ((7, 11), ((1, 1),)), ((7, 10), ((1, 1),)), ((13, 6), ()), ((4, 10), ((1, 12),)), ((7, 6), ((1, 1),)), ((1, 10), ((1, 1), (1, 12))), ((7, 4), ((1, 1),)), ((3, 10), ((1, 1), (1, 12))), ((2, 10), ((1, 1), (1, 12))), ((7, 12), ((1, 1),)), ((4, 10), ((1, 1), (1, 12)))]","[((6, 11), ((1, 1), (1, 12))), ((7, 11), ((1, 1), (1, 12))), ((4, 12), ((1, 12),)), ((15, 2), ()), ((4, 11), ((1, 12),)), ((7, 6), ((1, 1),)), ((15, 1), ()), ((7, 11), ((1, 1),)), ((7, 10), ((1, 1),)), ((13, 6), ()), ((4, 10), ((1, 12),)), ((4, 10), ((1, 1), (1, 12))), ((1, 10), ((1, 1), (1, 12))), ((7, 4), ((1, 1),)), ((3, 10), ((1, 1), (1, 12))), ((2, 10), ((1, 1), (1, 12))), ((7, 12), ((1, 1),)), ((5, 10), ((1, 1), (1, 12)))]",140,42,35,77
141,"((6, 11), ((1, 1), (1, 12)))","((6, 12), ((1, 1), (1, 12)))",South,"[((6, 12), ((1, 1), (1, 12))), ((6, 10), ((1, 1), (1, 12))), ((7, 11), ((1, 1), (1, 12))), ((5, 11), ((1, 1), (1, 12)))]","[((6, 11), ((1, 1), (1, 12))), ((7, 11), ((1, 1), (1, 12))), ((4, 12), ((1, 12),)), ((15, 2), ()), ((4, 11), ((1, 12),)), ((7, 6), ((1, 1),)), ((15, 1), ()), ((7, 11), ((1, 1),)), ((7, 10), ((1, 1),)), ((13, 6), ()), ((4, 10), ((1, 12),)), ((4, 10), ((1, 1), (1, 12))), ((1, 10), ((1, 1), (1, 12))), ((7, 4), ((1, 1),)), ((3, 10), ((1, 1), (1, 12))), ((2, 10), ((1, 1), (1, 12))), ((7, 12), ((1, 1),)), ((5, 10), ((1, 1), (1, 12)))]","[((7, 11), ((1, 1), (1, 12))), ((4, 11), ((1, 12),)), ((4, 12), ((1, 12),)), ((15, 2), ()), ((4, 10), ((1, 12),)), ((7, 6), ((1, 1),)), ((15, 1), ()), ((7, 11), ((1, 1),)), ((7, 10), ((1, 1),)), ((13, 6), ()), ((5, 10), ((1, 1), (1, 12))), ((4, 10), ((1, 1), (1, 12))), ((1, 10), ((1, 1), (1, 12))), ((7, 4), ((1, 1),)), ((3, 10), ((1, 1), (1, 12))), ((2, 10), ((1, 1), (1, 12))), ((7, 12), ((1, 1),)), ((6, 10), ((1, 1), (1, 12)))]",141,43,34,77
142,"((7, 11), ((1, 1), (1, 12)))","((7, 12), ((1, 1), (1, 12)))",South,"[((7, 12), ((1, 1), (1, 12))), ((7, 10), ((1, 1), (1, 12))), ((6, 11), ((1, 1), (1, 12)))]","[((7, 11), ((1, 1), (1, 12))), ((4, 11), ((1, 12),)), ((4, 12), ((1, 12),)), ((15, 2), ()), ((4, 10), ((1, 12),)), ((7, 6), ((1, 1),)), ((15, 1), ()), ((7, 11), ((1, 1),)), ((7, 10), ((1, 1),)), ((13, 6), ()), ((5, 10), ((1, 1), (1, 12))), ((4, 10), ((1, 1), (1, 12))), ((1, 10), ((1, 1), (1, 12))), ((7, 4), ((1, 1),)), ((3, 10), ((1, 1), (1, 12))), ((2, 10), ((1, 1), (1, 12))), ((7, 12), ((1, 1),)), ((6, 10), ((1, 1), (1, 12)))]","[((4, 12), ((1, 12),)), ((4, 11), ((1, 12),)), ((15, 1), ()), ((15, 2), ()), ((4, 10), ((1, 12),)), ((7, 6), ((1, 1),)), ((7, 4), ((1, 1),)), ((7, 11), ((1, 1),)), ((7, 10), ((1, 1),)), ((13, 6), ()), ((5, 10), ((1, 1), (1, 12))), ((4, 10), ((1, 1), (1, 12))), ((1, 10), ((1, 1), (1, 12))), ((6, 10), ((1, 1), (1, 12))), ((3, 10), ((1, 1), (1, 12))), ((2, 10), ((1, 1), (1, 12))), ((7, 12), ((1, 1),)), ((7, 10), ((1, 1), (1, 12)))]",142,44,33,77
143,"((4, 12), ((1, 12),))","((3, 12), ((1, 12),))",East,"[((4, 11), ((1, 12),)), ((5, 12), ((1, 12),)), ((3, 12), ((1, 12),))]","[((4, 12), ((1, 12),)), ((4, 11), ((1, 12),)), ((15, 1), ()), ((15, 2), ()), ((4, 10), ((1, 12),)), ((7, 6), ((1, 1),)), ((7, 4), ((1, 1),)), ((7, 11), ((1, 1),)), ((7, 10), ((1, 1),)), ((13, 6), ()), ((5, 10), ((1, 1), (1, 12))), ((4, 10), ((1, 1), (1, 12))), ((1, 10), ((1, 1), (1, 12))), ((6, 10), ((1, 1), (1, 12))), ((3, 10), ((1, 1), (1, 12))), ((2, 10), ((1, 1), (1, 12))), ((7, 12), ((1, 1),)), ((7, 10), ((1, 1), (1, 12)))]","[((4, 11), ((1, 12),)), ((4, 10), ((1, 12),)), ((15, 1), ()), ((15, 2), ()), ((13, 6), ()), ((7, 6), ((1, 1),)), ((7, 4), ((1, 1),)), ((7, 11), ((1, 1),)), ((7, 10), ((1, 1),)), ((7, 10), ((1, 1), (1, 12))), ((5, 10), ((1, 1), (1, 12))), ((4, 10), ((1, 1), (1, 12))), ((1, 10), ((1, 1), (1, 12))), ((6, 10), ((1, 1), (1, 12))), ((3, 10), ((1, 1), (1, 12))), ((2, 10), ((1, 1), (1, 12))), ((7, 12), ((1, 1),)), ((5, 12), ((1, 12),))]",143,26,52,78
144,"((4, 11), ((1, 12),))","((3, 11), ((1, 12),))",East,"[((4, 12), ((1, 12),)), ((4, 10), ((1, 12),)), ((5, 11), ((1, 12),)), ((3, 11), ((1, 12),))]","[((4, 11), ((1, 12),)), ((4, 10), ((1, 12),)), ((15, 1), ()), ((15, 2), ()), ((13, 6), ()), ((7, 6), ((1, 1),)), ((7, 4), ((1, 1),)), ((7, 11), ((1, 1),)), ((7, 10), ((1, 1),)), ((7, 10), ((1, 1), (1, 12))), ((5, 10), ((1, 1), (1, 12))), ((4, 10), ((1, 1), (1, 12))), ((1, 10), ((1, 1), (1, 12))), ((6, 10), ((1, 1), (1, 12))), ((3, 10), ((1, 1), (1, 12))), ((2, 10), ((1, 1), (1, 12))), ((7, 12), ((1, 1),)), ((5, 12), ((1, 12),))]","[((4, 10), ((1, 12),)), ((15, 2), ()), ((15, 1), ()), ((7, 10), ((1, 1),)), ((13, 6), ()), ((7, 6), ((1, 1),)), ((7, 4), ((1, 1),)), ((7, 11), ((1, 1),)), ((5, 12), ((1, 12),)), ((7, 10), ((1, 1), (1, 12))), ((5, 10), ((1, 1), (1, 12))), ((4, 10), ((1, 1), (1, 12))), ((1, 10), ((1, 1), (1, 12))), ((6, 10), ((1, 1), (1, 12))), ((3, 10), ((1, 1), (1, 12))), ((2, 10), ((1, 1), (1, 12))), ((7, 12), ((1, 1),)), ((5, 11), ((1, 12),))]",144,27,51,78
145,"((4, 10), ((1, 12),))","((3, 10), ((1, 12),))",East,"[((4, 11), ((1, 12),)), ((5, 10), ((1, 12),)), ((3, 10), ((1, 12),))]","[((4, 10), ((1, 12),)), ((15, 2), ()), ((15, 1), ()), ((7, 10), ((1, 1),)), ((13, 6), ()), ((7, 6), ((1, 1),)), ((7, 4), ((1, 1),)), ((7, 11), ((1, 1),)), ((5, 12), ((1, 12),)), ((7, 10), ((1, 1), (1, 12))), ((5, 10), ((1, 1), (1, 12))), ((4, 10), ((1, 1), (1, 12))), ((1, 10), ((1, 1), (1, 12))), ((6, 10), ((1, 1), (1, 12))), ((3, 10), ((1, 1), (1, 12))), ((2, 10), ((1, 1), (1, 12))), ((7, 12), ((1, 1),)), ((5, 11), ((1, 12),))]","[((15, 2), ()), ((13, 6), ()), ((15, 1), ()), ((7, 10), ((1, 1),)), ((5, 10), ((1, 1), (1, 12))), ((7, 6), ((1, 1),)), ((7, 4), ((1, 1),)), ((7, 11), ((1, 1),)), ((5, 12), ((1, 12),)), ((7, 10), ((1, 1), (1, 12))), ((5, 11), ((1, 12),)), ((4, 10), ((1, 1), (1, 12))), ((1, 10), ((1, 1), (1, 12))), ((6, 10), ((1, 1), (1, 12))), ((3, 10), ((1, 1), (1, 12))), ((2, 10), ((1, 1), (1, 12))), ((7, 12), ((1, 1),)), ((5, 10), ((1, 12),))]",145,28,50,78
146,"((15, 2), ())","((14, 2), ())",East,"[((15, 1), ()), ((16, 2), ()), ((14, 2), ())]","[((15, 2), ()), ((13, 6), ()), ((15, 1), ()), ((7, 10), ((1, 1),)), ((5, 10), ((1, 1), (1, 12))), ((7, 6), ((1, 1),)), ((7, 4), ((1, 1),)), ((7, 11), ((1, 1),)), ((5, 12), ((1, 12),)), ((7, 10), ((1, 1), (1, 12))), ((5, 11), ((1, 12),)), ((4, 10), ((1, 1), (1, 12))), ((1, 10), ((1, 1), (1, 12))), ((6, 10), ((1, 1), (1, 12))), ((3, 10), ((1, 1), (1, 12))), ((2, 10), ((1, 1), (1, 12))), ((7, 12), ((1, 1),)), ((5, 10), ((1, 12),))]","[((15, 1), ()), ((16, 2), ()), ((7, 4), ((1, 1),)), ((13, 6), ()), ((5, 10), ((1, 1), (1, 12))), ((7, 6), ((1, 1),)), ((3, 10), ((1, 1), (1, 12))), ((7, 11), ((1, 1),)), ((7, 10), ((1, 1),)), ((7, 10), ((1, 1), (1, 12))), ((5, 11), ((1, 12),)), ((4, 10), ((1, 1), (1, 12))), ((1, 10), ((1, 1), (1, 12))), ((6, 10), ((1, 1), (1, 12))), ((5, 10), ((1, 12),)), ((2, 10), ((1, 1), (1, 12))), ((7, 12), ((1, 1),)), ((5, 12), ((1, 12),))]",146,15,63,78
147,"((15, 1), ())","((14, 1), ())",East,"[((15, 2), ()), ((16, 1), ()), ((14, 1), ())]","[((15, 1), ()), ((16, 2), ()), ((7, 4), ((1, 1),)), ((13, 6), ()), ((5, 10), ((1, 1), (1, 12))), ((7, 6), ((1, 1),)), ((3, 10), ((1, 1), (1, 12))), ((7, 11), ((1, 1),)), ((7, 10), ((1, 1),)), ((7, 10), ((1, 1), (1, 12))), ((5, 11), ((1, 12),)), ((4, 10), ((1, 1), (1, 12))), ((1, 10), ((1, 1), (1, 12))), ((6, 10), ((1, 1), (1, 12))), ((5, 10), ((1, 12),)), ((2, 10), ((1, 1), (1, 12))), ((7, 12), ((1, 1),)), ((5, 12), ((1, 12),))]","[((16, 2), ()), ((16, 1), ()), ((7, 4), ((1, 1),)), ((13, 6), ()), ((5, 10), ((1, 1), (1, 12))), ((7, 6), ((1, 1),)), ((3, 10), ((1, 1), (1, 12))), ((7, 11), ((1, 1),)), ((7, 10), ((1, 1),)), ((7, 10), ((1, 1), (1, 12))), ((5, 11), ((1, 12),)), ((4, 10), ((1, 1), (1, 12))), ((1, 10), ((1, 1), (1, 12))), ((6, 10), ((1, 1), (1, 12))), ((5, 10), ((1, 12),)), ((2, 10), ((1, 1), (1, 12))), ((7, 12), ((1, 1),)), ((5, 12), ((1, 12),))]",147,16,62,78
148,"((16, 2), ())","((15, 2), ())",East,"[((16, 3), ()), ((16, 1), ()), ((15, 2), ())]","[((16, 2), ()), ((16, 1), ()), ((7, 4), ((1, 1),)), ((13, 6), ()), ((5, 10), ((1, 1), (1, 12))), ((7, 6), ((1, 1),)), ((3, 10), ((1, 1), (1, 12))), ((7, 11), ((1, 1),)), ((7, 10), ((1, 1),)), ((7, 10), ((1, 1), (1, 12))), ((5, 11), ((1, 12),)), ((4, 10), ((1, 1), (1, 12))), ((1, 10), ((1, 1), (1, 12))), ((6, 10), ((1, 1), (1, 12))), ((5, 10), ((1, 12),)), ((2, 10), ((1, 1), (1, 12))), ((7, 12), ((1, 1),)), ((5, 12), ((1, 12),))]","[((16, 1), ()), ((13, 6), ()), ((7, 4), ((1, 1),)), ((7, 10), ((1, 1),)), ((5, 10), ((1, 1), (1, 12))), ((7, 6), ((1, 1),)), ((3, 10), ((1, 1), (1, 12))), ((7, 11), ((1, 1),)), ((5, 12), ((1, 12),)), ((7, 10), ((1, 1), (1, 12))), ((5, 11), ((1, 12),)), ((4, 10), ((1, 1), (1, 12))), ((1, 10), ((1, 1), (1, 12))), ((6, 10), ((1, 1), (1, 12))), ((5, 10), ((1, 12),)), ((2, 10), ((1, 1), (1, 12))), ((7, 12), ((1, 1),)), ((16, 3), ())]",148,16,62,78
149,"((16, 1), ())","((15, 1), ())",East,"[((16, 2), ()), ((15, 1), ())]","[((16, 1), ()), ((13, 6), ()), ((7, 4), ((1, 1),)), ((7, 10), ((1, 1),)), ((5, 10), ((1, 1), (1, 12))), ((7, 6), ((1, 1),)), ((3, 10), ((1, 1), (1, 12))), ((7, 11), ((1, 1),)), ((5, 12), ((1, 12),)), ((7, 10), ((1, 1), (1, 12))), ((5, 11), ((1, 12),)), ((4, 10), ((1, 1), (1, 12))), ((1, 10), ((1, 1), (1, 12))), ((6, 10), ((1, 1), (1, 12))), ((5, 10), ((1, 12),)), ((2, 10), ((1, 1), (1, 12))), ((7, 12), ((1, 1),)), ((16, 3), ())]","[((13, 6), ()), ((7, 10), ((1, 1),)), ((7, 4), ((1, 1),)), ((7, 11), ((1, 1),)), ((5, 10), ((1, 1), (1, 12))), ((7, 6), ((1, 1),)), ((3, 10), ((1, 1), (1, 12))), ((7, 12), ((1, 1),)), ((5, 12), ((1, 12),)), ((7, 10), ((1, 1), (1, 12))), ((5, 11), ((1, 12),)), ((4, 10), ((1, 1), (1, 12))), ((1, 10), ((1, 1), (1, 12))), ((6, 10), ((1, 1), (1, 12))), ((5, 10), ((1, 12),)), ((2, 10), ((1, 1), (1, 12))), ((16, 3), ())]",149,17,61,78
150,"((13, 6), ())","((13, 5), ())",North,"[((13, 5), ()), ((12, 6), ())]","[((13, 6), ()), ((7, 10), ((1, 1),)), ((7, 4), ((1, 1),)), ((7, 11), ((1, 1),)), ((5, 10), ((1, 1), (1, 12))), ((7, 6), ((1, 1),)), ((3, 10), ((1, 1), (1, 12))), ((7, 12), ((1, 1),)), ((5, 12), ((1, 12),)), ((7, 10), ((1, 1), (1, 12))), ((5, 11), ((1, 12),)), ((4, 10), ((1, 1), (1, 12))), ((1, 10), ((1, 1), (1, 12))), ((6, 10), ((1, 1), (1, 12))), ((5, 10), ((1, 12),)), ((2, 10), ((1, 1), (1, 12))), ((16, 3), ())]","[((7, 4), ((1, 1),)), ((7, 10), ((1, 1),)), ((7, 6), ((1, 1),)), ((7, 11), ((1, 1),)), ((5, 10), ((1, 1), (1, 12))), ((1, 10), ((1, 1), (1, 12))), ((3, 10), ((1, 1), (1, 12))), ((7, 12), ((1, 1),)), ((5, 12), ((1, 12),)), ((7, 10), ((1, 1), (1, 12))), ((5, 11), ((1, 12),)), ((4, 10), ((1, 1), (1, 12))), ((16, 3), ()), ((6, 10), ((1, 1), (1, 12))), ((5, 10), ((1, 12),)), ((2, 10), ((1, 1), (1, 12))), ((12, 6), ())]",150,13,66,79
151,"((7, 4), ((1, 1),))","((6, 4), ((1, 1),))",East,"[((8, 4), ((1, 1),)), ((6, 4), ((1, 1),))]","[((7, 4), ((1, 1),)), ((7, 10), ((1, 1),)), ((7, 6), ((1, 1),)), ((7, 11), ((1, 1),)), ((5, 10), ((1, 1), (1, 12))), ((1, 10), ((1, 1), (1, 12))), ((3, 10), ((1, 1), (1, 12))), ((7, 12), ((1, 1),)), ((5, 12), ((1, 12),)), ((7, 10), ((1, 1), (1, 12))), ((5, 11), ((1, 12),)), ((4, 10), ((1, 1), (1, 12))), ((16, 3), ()), ((6, 10), ((1, 1), (1, 12))), ((5, 10), ((1, 12),)), ((2, 10), ((1, 1), (1, 12))), ((12, 6), ())]","[((7, 6), ((1, 1),)), ((7, 10), ((1, 1),)), ((1, 10), ((1, 1), (1, 12))), ((7, 11), ((1, 1),)), ((5, 10), ((1, 1), (1, 12))), ((4, 10), ((1, 1), (1, 12))), ((3, 10), ((1, 1), (1, 12))), ((7, 12), ((1, 1),)), ((5, 12), ((1, 12),)), ((7, 10), ((1, 1), (1, 12))), ((5, 11), ((1, 12),)), ((12, 6), ()), ((16, 3), ()), ((6, 10), ((1, 1), (1, 12))), ((5, 10), ((1, 12),)), ((2, 10), ((1, 1), (1, 12))), ((8, 4), ((1, 1),))]",151,27,52,79
152,"((7, 6), ((1, 1),))","((6, 6), ((1, 1),))",East,"[((7, 7), ((1, 1),)), ((6, 6), ((1, 1),))]","[((7, 6), ((1, 1),)), ((7, 10), ((1, 1),)), ((1, 10), ((1, 1), (1, 12))), ((7, 11), ((1, 1),)), ((5, 10), ((1, 1), (1, 12))), ((4, 10), ((1, 1), (1, 12))), ((3, 10), ((1, 1), (1, 12))), ((7, 12), ((1, 1),)), ((5, 12), ((1, 12),)), ((7, 10), ((1, 1), (1, 12))), ((5, 11), ((1, 12),)), ((12, 6), ()), ((16, 3), ()), ((6, 10), ((1, 1), (1, 12))), ((5, 10), ((1, 12),)), ((2, 10), ((1, 1), (1, 12))), ((8, 4), ((1, 1),))]","[((7, 10), ((1, 1),)), ((7, 11), ((1, 1),)), ((1, 10), ((1, 1), (1, 12))), ((7, 12), ((1, 1),)), ((5, 10), ((1, 1), (1, 12))), ((4, 10), ((1, 1), (1, 12))), ((3, 10), ((1, 1), (1, 12))), ((2, 10), ((1, 1), (1, 12))), ((5, 12), ((1, 12),)), ((7, 10), ((1, 1), (1, 12))), ((5, 11), ((1, 12),)), ((12, 6), ()), ((16, 3), ()), ((6, 10), ((1, 1), (1, 12))), ((5, 10), ((1, 12),)), ((8, 4), ((1, 1),)), ((7, 7), ((1, 1),))]",152,29,50,79
153,"((7, 10), ((1, 1),))","((6, 10), ((1, 1),))",East,"[((7, 11), ((1, 1),)), ((6, 10), ((1, 1),))]","[((7, 10), ((1, 1),)), ((7, 11), ((1, 1),)), ((1, 10), ((1, 1), (1, 12))), ((7, 12), ((1, 1),)), ((5, 10), ((1, 1), (1, 12))), ((4, 10), ((1, 1), (1, 12))), ((3, 10), ((1, 1), (1, 12))), ((2, 10), ((1, 1), (1, 12))), ((5, 12), ((1, 12),)), ((7, 10), ((1, 1), (1, 12))), ((5, 11), ((1, 12),)), ((12, 6), ()), ((16, 3), ()), ((6, 10), ((1, 1), (1, 12))), ((5, 10), ((1, 12),)), ((8, 4), ((1, 1),)), ((7, 7), ((1, 1),))]","[((7, 11), ((1, 1),)), ((7, 12), ((1, 1),)), ((1, 10), ((1, 1), (1, 12))), ((2, 10), ((1, 1), (1, 12))), ((5, 10), ((1, 1), (1, 12))), ((4, 10), ((1, 1), (1, 12))), ((3, 10), ((1, 1), (1, 12))), ((7, 7), ((1, 1),)), ((5, 12), ((1, 12),)), ((7, 10), ((1, 1), (1, 12))), ((5, 11), ((1, 12),)), ((12, 6), ()), ((16, 3), ()), ((6, 10), ((1, 1), (1, 12))), ((5, 10), ((1, 12),)), ((8, 4), ((1, 1),))]",153,33,46,79
154,"((7, 11), ((1, 1),))","((6, 11), ((1, 1),))",East,"[((7, 12), ((1, 1),)), ((7, 10), ((1, 1),)), ((6, 11), ((1, 1),))]","[((7, 11), ((1, 1),)), ((7, 12), ((1, 1),)), ((1, 10), ((1, 1), (1, 12))), ((2, 10), ((1, 1), (1, 12))), ((5, 10), ((1, 1), (1, 12))), ((4, 10), ((1, 1), (1, 12))), ((3, 10), ((1, 1), (1, 12))), ((7, 7), ((1, 1),)), ((5, 12), ((1, 12),)), ((7, 10), ((1, 1), (1, 12))), ((5, 11), ((1, 12),)), ((12, 6), ()), ((16, 3), ()), ((6, 10), ((1, 1), (1, 12))), ((5, 10), ((1, 12),)), ((8, 4), ((1, 1),))]","[((7, 12), ((1, 1),)), ((2, 10), ((1, 1), (1, 12))), ((1, 10), ((1, 1), (1, 12))), ((7, 7), ((1, 1),)), ((5, 10), ((1, 1), (1, 12))), ((4, 10), ((1, 1), (1, 12))), ((3, 10), ((1, 1), (1, 12))), ((8, 4), ((1, 1),)), ((5, 12), ((1, 12),)), ((7, 10), ((1, 1), (1, 12))), ((5, 11), ((1, 12),)), ((12, 6), ()), ((16, 3), ()), ((6, 10), ((1, 1), (1, 12))), ((5, 10), ((1, 12),))]",154,34,45,79
155,"((7, 12), ((1, 1),))","((6, 12), ((1, 1),))",East,"[((7, 11), ((1, 1),)), ((6, 12), ((1, 1),))]","[((7, 12), ((1, 1),)), ((2, 10), ((1, 1), (1, 12))), ((1, 10), ((1, 1), (1, 12))), ((7, 7), ((1, 1),)), ((5, 10), ((1, 1), (1, 12))), ((4, 10), ((1, 1), (1, 12))), ((3, 10), ((1, 1), (1, 12))), ((8, 4), ((1, 1),)), ((5, 12), ((1, 12),)), ((7, 10), ((1, 1), (1, 12))), ((5, 11), ((1, 12),)), ((12, 6), ()), ((16, 3), ()), ((6, 10), ((1, 1), (1, 12))), ((5, 10), ((1, 12),))]","[((1, 10), ((1, 1), (1, 12))), ((2, 10), ((1, 1), (1, 12))), ((3, 10), ((1, 1), (1, 12))), ((7, 7), ((1, 1),)), ((5, 10), ((1, 1), (1, 12))), ((4, 10), ((1, 1), (1, 12))), ((6, 10), ((1, 1), (1, 12))), ((8, 4), ((1, 1),)), ((5, 12), ((1, 12),)), ((7, 10), ((1, 1), (1, 12))), ((5, 11), ((1, 12),)), ((12, 6), ()), ((16, 3), ()), ((5, 10), ((1, 12),))]",155,35,44,79
156,"((1, 10), ((1, 1), (1, 12)))","((1, 11), ((1, 1), (1, 12)))",South,"[((1, 11), ((1, 1), (1, 12))), ((2, 10), ((1, 1), (1, 12)))]","[((1, 10), ((1, 1), (1, 12))), ((2, 10), ((1, 1), (1, 12))), ((3, 10), ((1, 1), (1, 12))), ((7, 7), ((1, 1),)), ((5, 10), ((1, 1), (1, 12))), ((4, 10), ((1, 1), (1, 12))), ((6, 10), ((1, 1), (1, 12))), ((8, 4), ((1, 1),)), ((5, 12), ((1, 12),)), ((7, 10), ((1, 1), (1, 12))), ((5, 11), ((1, 12),)), ((12, 6), ()), ((16, 3), ()), ((5, 10), ((1, 12),))]","[((2, 10), ((1, 1), (1, 12))), ((5, 10), ((1, 1), (1, 12))), ((3, 10), ((1, 1), (1, 12))), ((7, 7), ((1, 1),)), ((7, 10), ((1, 1), (1, 12))), ((4, 10), ((1, 1), (1, 12))), ((6, 10), ((1, 1), (1, 12))), ((8, 4), ((1, 1),)), ((5, 12), ((1, 12),)), ((5, 10), ((1, 12),)), ((5, 11), ((1, 12),)), ((12, 6), ()), ((16, 3), ())]",156,39,40,79
157,"((2, 10), ((1, 1), (1, 12)))","((2, 11), ((1, 1), (1, 12)))",South,"[((2, 11), ((1, 1), (1, 12))), ((3, 10), ((1, 1), (1, 12))), ((1, 10), ((1, 1), (1, 12)))]","[((2, 10), ((1, 1), (1, 12))), ((5, 10), ((1, 1), (1, 12))), ((3, 10), ((1, 1), (1, 12))), ((7, 7), ((1, 1),)), ((7, 10), ((1, 1), (1, 12))), ((4, 10), ((1, 1), (1, 12))), ((6, 10), ((1, 1), (1, 12))), ((8, 4), ((1, 1),)), ((5, 12), ((1, 12),)), ((5, 10), ((1, 12),)), ((5, 11), ((1, 12),)), ((12, 6), ()), ((16, 3), ())]","[((3, 10), ((1, 1), (1, 12))), ((5, 10), ((1, 1), (1, 12))), ((4, 10), ((1, 1), (1, 12))), ((7, 7), ((1, 1),)), ((7, 10), ((1, 1), (1, 12))), ((12, 6), ()), ((6, 10), ((1, 1), (1, 12))), ((8, 4), ((1, 1),)), ((5, 12), ((1, 12),)), ((5, 10), ((1, 12),)), ((5, 11), ((1, 12),)), ((16, 3), ())]",157,40,39,79
158,"((3, 10), ((1, 1), (1, 12)))","((3, 11), ((1, 1), (1, 12)))",South,"[((3, 11), ((1, 1), (1, 12))), ((4, 10), ((1, 1), (1, 12))), ((2, 10), ((1, 1), (1, 12)))]","[((3, 10), ((1, 1), (1, 12))), ((5, 10), ((1, 1), (1, 12))), ((4, 10), ((1, 1), (1, 12))), ((7, 7), ((1, 1),)), ((7, 10), ((1, 1), (1, 12))), ((12, 6), ()), ((6, 10), ((1, 1), (1, 12))), ((8, 4), ((1, 1),)), ((5, 12), ((1, 12),)), ((5, 10), ((1, 12),)), ((5, 11), ((1, 12),)), ((16, 3), ())]","[((4, 10), ((1, 1), (1, 12))), ((5, 10), ((1, 1), (1, 12))), ((6, 10), ((1, 1), (1, 12))), ((7, 7), ((1, 1),)), ((7, 10), ((1, 1), (1, 12))), ((12, 6), ()), ((16, 3), ()), ((8, 4), ((1, 1),)), ((5, 12), ((1, 12),)), ((5, 10), ((1, 12),)), ((5, 11), ((1, 12),))]",158,41,38,79
159,"((4, 10), ((1, 1), (1, 12)))","((4, 11), ((1, 1), (1, 12)))",South,"[((4, 11), ((1, 1), (1, 12))), ((5, 10), ((1, 1), (1, 12))), ((3, 10), ((1, 1), (1, 12)))]","[((4, 10), ((1, 1), (1, 12))), ((5, 10), ((1, 1), (1, 12))), ((6, 10), ((1, 1), (1, 12))), ((7, 7), ((1, 1),)), ((7, 10), ((1, 1), (1, 12))), ((12, 6), ()), ((16, 3), ()), ((8, 4), ((1, 1),)), ((5, 12), ((1, 12),)), ((5, 10), ((1, 12),)), ((5, 11), ((1, 12),))]","[((5, 10), ((1, 1), (1, 12))), ((7, 10), ((1, 1), (1, 12))), ((6, 10), ((1, 1), (1, 12))), ((7, 7), ((1, 1),)), ((5, 11), ((1, 12),)), ((12, 6), ()), ((16, 3), ()), ((8, 4), ((1, 1),)), ((5, 12), ((1, 12),)), ((5, 10), ((1, 12),))]",159,42,37,79
160,"((5, 10), ((1, 1), (1, 12)))","((5, 11), ((1, 1), (1, 12)))",South,"[((5, 11), ((1, 1), (1, 12))), ((5, 9), ((1, 1), (1, 12))), ((6, 10), ((1, 1), (1, 12))), ((4, 10), ((1, 1), (1, 12)))]","[((5, 10), ((1, 1), (1, 12))), ((7, 10), ((1, 1), (1, 12))), ((6, 10), ((1, 1), (1, 12))), ((7, 7), ((1, 1),)), ((5, 11), ((1, 12),)), ((12, 6), ()), ((16, 3), ()), ((8, 4), ((1, 1),)), ((5, 12), ((1, 12),)), ((5, 10), ((1, 12),))]","[((6, 10), ((1, 1), (1, 12))), ((7, 10), ((1, 1), (1, 12))), ((12, 6), ()), ((7, 7), ((1, 1),)), ((5, 11), ((1, 12),)), ((5, 10), ((1, 12),)), ((16, 3), ()), ((8, 4), ((1, 1),)), ((5, 12), ((1, 12),)), ((5, 9), ((1, 1), (1, 12)))]",160,43,36,79
161,"((6, 10), ((1, 1), (1, 12)))","((6, 11), ((1, 1), (1, 12)))",South,"[((6, 11), ((1, 1), (1, 12))), ((7, 10), ((1, 1), (1, 12))), ((5, 10), ((1, 1), (1, 12)))]","[((6, 10), ((1, 1), (1, 12))), ((7, 10), ((1, 1), (1, 12))), ((12, 6), ()), ((7, 7), ((1, 1),)), ((5, 11), ((1, 12),)), ((5, 10), ((1, 12),)), ((16, 3), ()), ((8, 4), ((1, 1),)), ((5, 12), ((1, 12),)), ((5, 9), ((1, 1), (1, 12)))]","[((7, 10), ((1, 1), (1, 12))), ((7, 7), ((1, 1),)), ((12, 6), ()), ((5, 12), ((1, 12),)), ((5, 11), ((1, 12),)), ((5, 10), ((1, 12),)), ((16, 3), ()), ((8, 4), ((1, 1),)), ((5, 9), ((1, 1), (1, 12)))]",161,44,35,79
162,"((7, 10), ((1, 1), (1, 12)))","((7, 11), ((1, 1), (1, 12)))",South,"[((7, 11), ((1, 1), (1, 12))), ((6, 10), ((1, 1), (1, 12)))]","[((7, 10), ((1, 1), (1, 12))), ((7, 7), ((1, 1),)), ((12, 6), ()), ((5, 12), ((1, 12),)), ((5, 11), ((1, 12),)), ((5, 10), ((1, 12),)), ((16, 3), ()), ((8, 4), ((1, 1),)), ((5, 9), ((1, 1), (1, 12)))]","[((12, 6), ()), ((7, 7), ((1, 1),)), ((5, 10), ((1, 12),)), ((5, 12), ((1, 12),)), ((5, 11), ((1, 12),)), ((5, 9), ((1, 1), (1, 12))), ((16, 3), ()), ((8, 4), ((1, 1),))]",162,45,34,79
163,"((12, 6), ())","((13, 6), ())",West,"[((13, 6), ()), ((11, 6), ())]","[((12, 6), ()), ((7, 7), ((1, 1),)), ((5, 10), ((1, 12),)), ((5, 12), ((1, 12),)), ((5, 11), ((1, 12),)), ((5, 9), ((1, 1), (1, 12))), ((16, 3), ()), ((8, 4), ((1, 1),))]","[((7, 7), ((1, 1),)), ((11, 6), ()), ((5, 10), ((1, 12),)), ((5, 12), ((1, 12),)), ((5, 11), ((1, 12),)), ((5, 9), ((1, 1), (1, 12))), ((16, 3), ()), ((8, 4), ((1, 1),))]",163,14,65,79
164,"((7, 7), ((1, 1),))","((7, 6), ((1, 1),))",North,"[((7, 8), ((1, 1),)), ((7, 6), ((1, 1),))]","[((7, 7), ((1, 1),)), ((11, 6), ()), ((5, 10), ((1, 12),)), ((5, 12), ((1, 12),)), ((5, 11), ((1, 12),)), ((5, 9), ((1, 1), (1, 12))), ((16, 3), ()), ((8, 4), ((1, 1),))]","[((11, 6), ()), ((7, 8), ((1, 1),)), ((5, 10), ((1, 12),)), ((5, 12), ((1, 12),)), ((5, 11), ((1, 12),)), ((5, 9), ((1, 1), (1, 12))), ((16, 3), ()), ((8, 4), ((1, 1),))]",164,30,49,79
165,"((11, 6), ())","((12, 6), ())",West,"[((11, 7), ()), ((12, 6), ()), ((10, 6), ())]","[((11, 6), ()), ((7, 8), ((1, 1),)), ((5, 10), ((1, 12),)), ((5, 12), ((1, 12),)), ((5, 11), ((1, 12),)), ((5, 9), ((1, 1), (1, 12))), ((16, 3), ()), ((8, 4), ((1, 1),))]","[((7, 8), ((1, 1),)), ((10, 6), ()), ((5, 10), ((1, 12),)), ((5, 12), ((1, 12),)), ((5, 11), ((1, 12),)), ((5, 9), ((1, 1), (1, 12))), ((16, 3), ()), ((8, 4), ((1, 1),)), ((11, 7), ())]",165,15,64,79
166,"((7, 8), ((1, 1),))","((7, 7), ((1, 1),))",North,"[((7, 7), ((1, 1),))]","[((7, 8), ((1, 1),)), ((10, 6), ()), ((5, 10), ((1, 12),)), ((5, 12), ((1, 12),)), ((5, 11), ((1, 12),)), ((5, 9), ((1, 1), (1, 12))), ((16, 3), ()), ((8, 4), ((1, 1),)), ((11, 7), ())]","[((10, 6), ()), ((5, 12), ((1, 12),)), ((5, 10), ((1, 12),)), ((11, 7), ()), ((5, 11), ((1, 12),)), ((5, 9), ((1, 1), (1, 12))), ((16, 3), ()), ((8, 4), ((1, 1),))]",166,31,48,79
167,"((10, 6), ())","((11, 6), ())",West,"[((11, 6), ()), ((9, 6), ())]","[((10, 6), ()), ((5, 12), ((1, 12),)), ((5, 10), ((1, 12),)), ((11, 7), ()), ((5, 11), ((1, 12),)), ((5, 9), ((1, 1), (1, 12))), ((16, 3), ()), ((8, 4), ((1, 1),))]","[((9, 6), ()), ((5, 12), ((1, 12),)), ((5, 10), ((1, 12),)), ((5, 11), ((1, 12),)), ((8, 4), ((1, 1),)), ((5, 9), ((1, 1), (1, 12))), ((16, 3), ()), ((11, 7), ())]",167,16,63,79
168,"((9, 6), ())","((10, 6), ())",West,"[((9, 7), ()), ((10, 6), ())]","[((9, 6), ()), ((5, 12), ((1, 12),)), ((5, 10), ((1, 12),)), ((5, 11), ((1, 12),)), ((8, 4), ((1, 1),)), ((5, 9), ((1, 1), (1, 12))), ((16, 3), ()), ((11, 7), ())]","[((5, 12), ((1, 12),)), ((5, 11), ((1, 12),)), ((5, 10), ((1, 12),)), ((11, 7), ()), ((8, 4), ((1, 1),)), ((5, 9), ((1, 1), (1, 12))), ((16, 3), ()), ((9, 7), ())]",168,17,62,79
169,"((5, 12), ((1, 12),))","((4, 12), ((1, 12),))",East,"[((5, 11), ((1, 12),)), ((6, 12), ((1, 12),)), ((4, 12), ((1, 12),))]","[((5, 12), ((1, 12),)), ((5, 11), ((1, 12),)), ((5, 10), ((1, 12),)), ((11, 7), ()), ((8, 4), ((1, 1),)), ((5, 9), ((1, 1), (1, 12))), ((16, 3), ()), ((9, 7), ())]","[((5, 11), ((1, 12),)), ((11, 7), ()), ((5, 10), ((1, 12),)), ((9, 7), ()), ((8, 4), ((1, 1),)), ((5, 9), ((1, 1), (1, 12))), ((16, 3), ()), ((6, 12), ((1, 12),))]",169,27,53,80
170,"((5, 11), ((1, 12),))","((4, 11), ((1, 12),))",East,"[((5, 12), ((1, 12),)), ((5, 10), ((1, 12),)), ((6, 11), ((1, 12),)), ((4, 11), ((1, 12),))]","[((5, 11), ((1, 12),)), ((11, 7), ()), ((5, 10), ((1, 12),)), ((9, 7), ()), ((8, 4), ((1, 1),)), ((5, 9), ((1, 1), (1, 12))), ((16, 3), ()), ((6, 12), ((1, 12),))]","[((5, 10), ((1, 12),)), ((11, 7), ()), ((16, 3), ()), ((9, 7), ()), ((8, 4), ((1, 1),)), ((5, 9), ((1, 1), (1, 12))), ((6, 12), ((1, 12),)), ((6, 11), ((1, 12),))]",170,28,52,80
171,"((5, 10), ((1, 12),))","((4, 10), ((1, 12),))",East,"[((5, 11), ((1, 12),)), ((5, 9), ((1, 12),)), ((6, 10), ((1, 12),)), ((4, 10), ((1, 12),))]","[((5, 10), ((1, 12),)), ((11, 7), ()), ((16, 3), ()), ((9, 7), ()), ((8, 4), ((1, 1),)), ((5, 9), ((1, 1), (1, 12))), ((6, 12), ((1, 12),)), ((6, 11), ((1, 12),))]","[((16, 3), ()), ((11, 7), ()), ((5, 9), ((1, 1), (1, 12))), ((9, 7), ()), ((8, 4), ((1, 1),)), ((6, 11), ((1, 12),)), ((6, 12), ((1, 12),)), ((5, 9), ((1, 12),)), ((6, 10), ((1, 12),))]",171,29,51,80
172,"((16, 3), ())","((16, 2), ())",North,"[((16, 4), ()), ((16, 2), ())]","[((16, 3), ()), ((11, 7), ()), ((5, 9), ((1, 1), (1, 12))), ((9, 7), ()), ((8, 4), ((1, 1),)), ((6, 11), ((1, 12),)), ((6, 12), ((1, 12),)), ((5, 9), ((1, 12),)), ((6, 10), ((1, 12),))]","[((11, 7), ()), ((9, 7), ()), ((5, 9), ((1, 1), (1, 12))), ((5, 9), ((1, 12),)), ((8, 4), ((1, 1),)), ((6, 11), ((1, 12),)), ((6, 12), ((1, 12),)), ((6, 10), ((1, 12),)), ((16, 4), ())]",172,17,63,80
173,"((11, 7), ())","((11, 6), ())",North,"[((11, 8), ()), ((11, 6), ())]","[((11, 7), ()), ((9, 7), ()), ((5, 9), ((1, 1), (1, 12))), ((5, 9), ((1, 12),)), ((8, 4), ((1, 1),)), ((6, 11), ((1, 12),)), ((6, 12), ((1, 12),)), ((6, 10), ((1, 12),)), ((16, 4), ())]","[((9, 7), ()), ((5, 9), ((1, 12),)), ((5, 9), ((1, 1), (1, 12))), ((11, 8), ()), ((8, 4), ((1, 1),)), ((6, 11), ((1, 12),)), ((6, 12), ((1, 12),)), ((16, 4), ()), ((6, 10), ((1, 12),))]",173,16,64,80
174,"((9, 7), ())","((9, 6), ())",North,"[((9, 8), ()), ((9, 6), ())]","[((9, 7), ()), ((5, 9), ((1, 12),)), ((5, 9), ((1, 1), (1, 12))), ((11, 8), ()), ((8, 4), ((1, 1),)), ((6, 11), ((1, 12),)), ((6, 12), ((1, 12),)), ((16, 4), ()), ((6, 10), ((1, 12),))]","[((5, 9), ((1, 12),)), ((11, 8), ()), ((5, 9), ((1, 1), (1, 12))), ((9, 8), ()), ((8, 4), ((1, 1),)), ((6, 11), ((1, 12),)), ((6, 12), ((1, 12),)), ((16, 4), ()), ((6, 10), ((1, 12),))]",174,18,62,80
175,"((5, 9), ((1, 12),))","((5, 10), ((1, 12),))",South,"[((5, 10), ((1, 12),)), ((5, 8), ((1, 12),))]","[((5, 9), ((1, 12),)), ((11, 8), ()), ((5, 9), ((1, 1), (1, 12))), ((9, 8), ()), ((8, 4), ((1, 1),)), ((6, 11), ((1, 12),)), ((6, 12), ((1, 12),)), ((16, 4), ()), ((6, 10), ((1, 12),))]","[((11, 8), ()), ((9, 8), ()), ((5, 9), ((1, 1), (1, 12))), ((5, 8), ((1, 12),)), ((8, 4), ((1, 1),)), ((6, 11), ((1, 12),)), ((6, 12), ((1, 12),)), ((16, 4), ()), ((6, 10), ((1, 12),))]",175,30,50,80
176,"((11, 8), ())","((11, 7), ())",North,"[((11, 9), ()), ((11, 7), ()), ((12, 8), ())]","[((11, 8), ()), ((9, 8), ()), ((5, 9), ((1, 1), (1, 12))), ((5, 8), ((1, 12),)), ((8, 4), ((1, 1),)), ((6, 11), ((1, 12),)), ((6, 12), ((1, 12),)), ((16, 4), ()), ((6, 10), ((1, 12),))]","[((9, 8), ()), ((5, 8), ((1, 12),)), ((5, 9), ((1, 1), (1, 12))), ((11, 9), ()), ((8, 4), ((1, 1),)), ((6, 11), ((1, 12),)), ((6, 12), ((1, 12),)), ((16, 4), ()), ((6, 10), ((1, 12),)), ((12, 8), ())]",176,17,63,80
177,"((9, 8), ())","((9, 7), ())",North,"[((9, 7), ())]","[((9, 8), ()), ((5, 8), ((1, 12),)), ((5, 9), ((1, 1), (1, 12))), ((11, 9), ()), ((8, 4), ((1, 1),)), ((6, 11), ((1, 12),)), ((6, 12), ((1, 12),)), ((16, 4), ()), ((6, 10), ((1, 12),)), ((12, 8), ())]","[((5, 8), ((1, 12),)), ((11, 9), ()), ((5, 9), ((1, 1), (1, 12))), ((6, 10), ((1, 12),)), ((8, 4), ((1, 1),)), ((6, 11), ((1, 12),)), ((6, 12), ((1, 12),)), ((16, 4), ()), ((12, 8), ())]",177,19,61,80
178,"((5, 8), ((1, 12),))","((5, 9), ((1, 12),))",South,"[((5, 9), ((1, 12),)), ((5, 7), ((1, 12),))]","[((5, 8), ((1, 12),)), ((11, 9), ()), ((5, 9), ((1, 1), (1, 12))), ((6, 10), ((1, 12),)), ((8, 4), ((1, 1),)), ((6, 11), ((1, 12),)), ((6, 12), ((1, 12),)), ((16, 4), ()), ((12, 8), ())]","[((11, 9), ()), ((5, 7), ((1, 12),)), ((5, 9), ((1, 1), (1, 12))), ((8, 4), ((1, 1),)), ((12, 8), ()), ((6, 11), ((1, 12),)), ((6, 12), ((1, 12),)), ((16, 4), ()), ((6, 10), ((1, 12),))]",178,31,49,80
179,"((11, 9), ())","((11, 8), ())",North,"[((11, 10), ()), ((11, 8), ())]","[((11, 9), ()), ((5, 7), ((1, 12),)), ((5, 9), ((1, 1), (1, 12))), ((8, 4), ((1, 1),)), ((12, 8), ()), ((6, 11), ((1, 12),)), ((6, 12), ((1, 12),)), ((16, 4), ()), ((6, 10), ((1, 12),))]","[((5, 7), ((1, 12),)), ((11, 10), ()), ((5, 9), ((1, 1), (1, 12))), ((8, 4), ((1, 1),)), ((12, 8), ()), ((6, 11), ((1, 12),)), ((6, 12), ((1, 12),)), ((16, 4), ()), ((6, 10), ((1, 12),))]",179,18,62,80
180,"((5, 7), ((1, 12),))","((5, 8), ((1, 12),))",South,"[((5, 8), ((1, 12),)), ((5, 6), ((1, 12),))]","[((5, 7), ((1, 12),)), ((11, 10), ()), ((5, 9), ((1, 1), (1, 12))), ((8, 4), ((1, 1),)), ((12, 8), ()), ((6, 11), ((1, 12),)), ((6, 12), ((1, 12),)), ((16, 4), ()), ((6, 10), ((1, 12),))]","[((11, 10), ()), ((5, 6), ((1, 12),)), ((5, 9), ((1, 1), (1, 12))), ((8, 4), ((1, 1),)), ((12, 8), ()), ((6, 11), ((1, 12),)), ((6, 12), ((1, 12),)), ((16, 4), ()), ((6, 10), ((1, 12),))]",180,32,48,80
181,"((11, 10), ())","((11, 9), ())",North,"[((11, 11), ()), ((11, 9), ()), ((12, 10), ()), ((10, 10), ())]","[((11, 10), ()), ((5, 6), ((1, 12),)), ((5, 9), ((1, 1), (1, 12))), ((8, 4), ((1, 1),)), ((12, 8), ()), ((6, 11), ((1, 12),)), ((6, 12), ((1, 12),)), ((16, 4), ()), ((6, 10), ((1, 12),))]","[((5, 6), ((1, 12),)), ((11, 11), ()), ((5, 9), ((1, 1), (1, 12))), ((8, 4), ((1, 1),)), ((10, 10), ()), ((6, 11), ((1, 12),)), ((6, 12), ((1, 12),)), ((16, 4), ()), ((6, 10), ((1, 12),)), ((12, 10), ()), ((12, 8), ())]",181,19,61,80
182,"((5, 6), ((1, 12),))","((5, 7), ((1, 12),))",South,"[((5, 7), ((1, 12),)), ((5, 5), ((1, 12),)), ((6, 6), ((1, 12),)), ((4, 6), ((1, 12),))]","[((5, 6), ((1, 12),)), ((11, 11), ()), ((5, 9), ((1, 1), (1, 12))), ((8, 4), ((1, 1),)), ((10, 10), ()), ((6, 11), ((1, 12),)), ((6, 12), ((1, 12),)), ((16, 4), ()), ((6, 10), ((1, 12),)), ((12, 10), ()), ((12, 8), ())]","[((11, 11), ()), ((10, 10), ()), ((4, 6), ((1, 12),)), ((8, 4), ((1, 1),)), ((5, 5), ((1, 12),)), ((5, 9), ((1, 1), (1, 12))), ((6, 12), ((1, 12),)), ((16, 4), ()), ((6, 10), ((1, 12),)), ((12, 10), ()), ((12, 8), ()), ((6, 6), ((1, 12),)), ((6, 11), ((1, 12),))]",182,33,47,80
183,"((11, 11), ())","((11, 10), ())",North,"[((11, 12), ()), ((11, 10), ())]","[((11, 11), ()), ((10, 10), ()), ((4, 6), ((1, 12),)), ((8, 4), ((1, 1),)), ((5, 5), ((1, 12),)), ((5, 9), ((1, 1), (1, 12))), ((6, 12), ((1, 12),)), ((16, 4), ()), ((6, 10), ((1, 12),)), ((12, 10), ()), ((12, 8), ()), ((6, 6), ((1, 12),)), ((6, 11), ((1, 12),))]","[((10, 10), ()), ((5, 5), ((1, 12),)), ((4, 6), ((1, 12),)), ((8, 4), ((1, 1),)), ((6, 11), ((1, 12),)), ((11, 12), ()), ((6, 12), ((1, 12),)), ((16, 4), ()), ((6, 10), ((1, 12),)), ((12, 10), ()), ((12, 8), ()), ((6, 6), ((1, 12),)), ((5, 9), ((1, 1), (1, 12)))]",183,20,60,80
184,"((10, 10), ())","((11, 10), ())",West,"[((11, 10), ()), ((9, 10), ())]","[((10, 10), ()), ((5, 5), ((1, 12),)), ((4, 6), ((1, 12),)), ((8, 4), ((1, 1),)), ((6, 11), ((1, 12),)), ((11, 12), ()), ((6, 12), ((1, 12),)), ((16, 4), ()), ((6, 10), ((1, 12),)), ((12, 10), ()), ((12, 8), ()), ((6, 6), ((1, 12),)), ((5, 9), ((1, 1), (1, 12)))]","[((5, 5), ((1, 12),)), ((8, 4), ((1, 1),)), ((4, 6), ((1, 12),)), ((5, 9), ((1, 1), (1, 12))), ((6, 11), ((1, 12),)), ((11, 12), ()), ((6, 12), ((1, 12),)), ((16, 4), ()), ((6, 10), ((1, 12),)), ((12, 10), ()), ((12, 8), ()), ((6, 6), ((1, 12),)), ((9, 10), ())]",184,20,60,80
185,"((5, 5), ((1, 12),))","((5, 6), ((1, 12),))",South,"[((5, 6), ((1, 12),)), ((5, 4), ((1, 12),))]","[((5, 5), ((1, 12),)), ((8, 4), ((1, 1),)), ((4, 6), ((1, 12),)), ((5, 9), ((1, 1), (1, 12))), ((6, 11), ((1, 12),)), ((11, 12), ()), ((6, 12), ((1, 12),)), ((16, 4), ()), ((6, 10), ((1, 12),)), ((12, 10), ()), ((12, 8), ()), ((6, 6), ((1, 12),)), ((9, 10), ())]","[((4, 6), ((1, 12),)), ((8, 4), ((1, 1),)), ((11, 12), ()), ((5, 9), ((1, 1), (1, 12))), ((6, 11), ((1, 12),)), ((9, 10), ()), ((6, 12), ((1, 12),)), ((16, 4), ()), ((6, 10), ((1, 12),)), ((12, 10), ()), ((12, 8), ()), ((6, 6), ((1, 12),)), ((5, 4), ((1, 12),))]",185,34,46,80
186,"((4, 6), ((1, 12),))","((5, 6), ((1, 12),))",West,"[((5, 6), ((1, 12),)), ((3, 6), ((1, 12),))]","[((4, 6), ((1, 12),)), ((8, 4), ((1, 1),)), ((11, 12), ()), ((5, 9), ((1, 1), (1, 12))), ((6, 11), ((1, 12),)), ((9, 10), ()), ((6, 12), ((1, 12),)), ((16, 4), ()), ((6, 10), ((1, 12),)), ((12, 10), ()), ((12, 8), ()), ((6, 6), ((1, 12),)), ((5, 4), ((1, 12),))]","[((11, 12), ()), ((8, 4), ((1, 1),)), ((9, 10), ()), ((5, 9), ((1, 1), (1, 12))), ((6, 11), ((1, 12),)), ((5, 4), ((1, 12),)), ((6, 12), ((1, 12),)), ((16, 4), ()), ((6, 10), ((1, 12),)), ((12, 10), ()), ((12, 8), ()), ((6, 6), ((1, 12),)), ((3, 6), ((1, 12),))]",186,34,46,80
187,"((11, 12), ())","((11, 11), ())",North,"[((11, 11), ())]","[((11, 12), ()), ((8, 4), ((1, 1),)), ((9, 10), ()), ((5, 9), ((1, 1), (1, 12))), ((6, 11), ((1, 12),)), ((5, 4), ((1, 12),)), ((6, 12), ((1, 12),)), ((16, 4), ()), ((6, 10), ((1, 12),)), ((12, 10), ()), ((12, 8), ()), ((6, 6), ((1, 12),)), ((3, 6), ((1, 12),))]","[((9, 10), ()), ((8, 4), ((1, 1),)), ((5, 4), ((1, 12),)), ((5, 9), ((1, 1), (1, 12))), ((6, 11), ((1, 12),)), ((3, 6), ((1, 12),)), ((6, 12), ((1, 12),)), ((16, 4), ()), ((6, 10), ((1, 12),)), ((12, 10), ()), ((12, 8), ()), ((6, 6), ((1, 12),))]",187,21,59,80
188,"((9, 10), ())","((10, 10), ())",West,"[((9, 11), ()), ((10, 10), ())]","[((9, 10), ()), ((8, 4), ((1, 1),)), ((5, 4), ((1, 12),)), ((5, 9), ((1, 1), (1, 12))), ((6, 11), ((1, 12),)), ((3, 6), ((1, 12),)), ((6, 12), ((1, 12),)), ((16, 4), ()), ((6, 10), ((1, 12),)), ((12, 10), ()), ((12, 8), ()), ((6, 6), ((1, 12),))]","[((5, 4), ((1, 12),)), ((8, 4), ((1, 1),)), ((3, 6), ((1, 12),)), ((5, 9), ((1, 1), (1, 12))), ((6, 11), ((1, 12),)), ((9, 11), ()), ((6, 12), ((1, 12),)), ((16, 4), ()), ((6, 10), ((1, 12),)), ((12, 10), ()), ((12, 8), ()), ((6, 6), ((1, 12),))]",188,21,59,80
189,"((5, 4), ((1, 12),))","((5, 5), ((1, 12),))",South,"[((5, 5), ((1, 12),)), ((6, 4), ((1, 12),)), ((4, 4), ((1, 12),))]","[((5, 4), ((1, 12),)), ((8, 4), ((1, 1),)), ((3, 6), ((1, 12),)), ((5, 9), ((1, 1), (1, 12))), ((6, 11), ((1, 12),)), ((9, 11), ()), ((6, 12), ((1, 12),)), ((16, 4), ()), ((6, 10), ((1, 12),)), ((12, 10), ()), ((12, 8), ()), ((6, 6), ((1, 12),))]","[((3, 6), ((1, 12),)), ((8, 4), ((1, 1),)), ((9, 11), ()), ((5, 9), ((1, 1), (1, 12))), ((6, 11), ((1, 12),)), ((4, 4), ((1, 12),)), ((6, 12), ((1, 12),)), ((16, 4), ()), ((6, 10), ((1, 12),)), ((12, 10), ()), ((12, 8), ()), ((6, 4), ((1, 12),)), ((6, 6), ((1, 12),))]",189,35,45,80
190,"((3, 6), ((1, 12),))","((4, 6), ((1, 12),))",West,"[((3, 5), ((1, 12),)), ((4, 6), ((1, 12),)), ((2, 6), ((1, 12),))]","[((3, 6), ((1, 12),)), ((8, 4), ((1, 1),)), ((9, 11), ()), ((5, 9), ((1, 1), (1, 12))), ((6, 11), ((1, 12),)), ((4, 4), ((1, 12),)), ((6, 12), ((1, 12),)), ((16, 4), ()), ((6, 10), ((1, 12),)), ((12, 10), ()), ((12, 8), ()), ((6, 4), ((1, 12),)), ((6, 6), ((1, 12),))]","[((9, 11), ()), ((8, 4), ((1, 1),)), ((4, 4), ((1, 12),)), ((5, 9), ((1, 1), (1, 12))), ((6, 11), ((1, 12),)), ((3, 5), ((1, 12),)), ((2, 6), ((1, 12),)), ((16, 4), ()), ((6, 10), ((1, 12),)), ((12, 10), ()), ((12, 8), ()), ((6, 4), ((1, 12),)), ((6, 6), ((1, 12),)), ((6, 12), ((1, 12),))]",190,35,45,80
191,"((9, 11), ())","((9, 10), ())",North,"[((9, 12), ()), ((9, 10), ())]","[((9, 11), ()), ((8, 4), ((1, 1),)), ((4, 4), ((1, 12),)), ((5, 9), ((1, 1), (1, 12))), ((6, 11), ((1, 12),)), ((3, 5), ((1, 12),)), ((2, 6), ((1, 12),)), ((16, 4), ()), ((6, 10), ((1, 12),)), ((12, 10), ()), ((12, 8), ()), ((6, 4), ((1, 12),)), ((6, 6), ((1, 12),)), ((6, 12), ((1, 12),))]","[((4, 4), ((1, 12),)), ((8, 4), ((1, 1),)), ((3, 5), ((1, 12),)), ((5, 9), ((1, 1), (1, 12))), ((6, 11), ((1, 12),)), ((6, 12), ((1, 12),)), ((2, 6), ((1, 12),)), ((16, 4), ()), ((6, 10), ((1, 12),)), ((12, 10), ()), ((12, 8), ()), ((6, 4), ((1, 12),)), ((6, 6), ((1, 12),)), ((9, 12), ())]",191,22,58,80
192,"((4, 4), ((1, 12),))","((5, 4), ((1, 12),))",West,"[((5, 4), ((1, 12),)), ((3, 4), ((1, 12),))]","[((4, 4), ((1, 12),)), ((8, 4), ((1, 1),)), ((3, 5), ((1, 12),)), ((5, 9), ((1, 1), (1, 12))), ((6, 11), ((1, 12),)), ((6, 12), ((1, 12),)), ((2, 6), ((1, 12),)), ((16, 4), ()), ((6, 10), ((1, 12),)), ((12, 10), ()), ((12, 8), ()), ((6, 4), ((1, 12),)), ((6, 6), ((1, 12),)), ((9, 12), ())]","[((3, 5), ((1, 12),)), ((8, 4), ((1, 1),)), ((2, 6), ((1, 12),)), ((5, 9), ((1, 1), (1, 12))), ((6, 11), ((1, 12),)), ((6, 12), ((1, 12),)), ((9, 12), ()), ((16, 4), ()), ((6, 10), ((1, 12),)), ((12, 10), ()), ((12, 8), ()), ((6, 4), ((1, 12),)), ((6, 6), ((1, 12),)), ((3, 4), ((1, 12),))]",192,36,44,80
193,"((3, 5), ((1, 12),))","((3, 6), ((1, 12),))",South,"[((3, 6), ((1, 12),)), ((3, 4), ((1, 12),))]","[((3, 5), ((1, 12),)), ((8, 4), ((1, 1),)), ((2, 6), ((1, 12),)), ((5, 9), ((1, 1), (1, 12))), ((6, 11), ((1, 12),)), ((6, 12), ((1, 12),)), ((9, 12), ()), ((16, 4), ()), ((6, 10), ((1, 12),)), ((12, 10), ()), ((12, 8), ()), ((6, 4), ((1, 12),)), ((6, 6), ((1, 12),)), ((3, 4), ((1, 12),))]","[((2, 6), ((1, 12),)), ((8, 4), ((1, 1),)), ((9, 12), ()), ((5, 9), ((1, 1), (1, 12))), ((6, 11), ((1, 12),)), ((6, 12), ((1, 12),)), ((3, 4), ((1, 12),)), ((16, 4), ()), ((6, 10), ((1, 12),)), ((12, 10), ()), ((12, 8), ()), ((6, 4), ((1, 12),)), ((6, 6), ((1, 12),))]",193,36,44,80
194,"((2, 6), ((1, 12),))","((3, 6), ((1, 12),))",West,"[((3, 6), ((1, 12),)), ((1, 6), ((1, 12),))]","[((2, 6), ((1, 12),)), ((8, 4), ((1, 1),)), ((9, 12), ()), ((5, 9), ((1, 1), (1, 12))), ((6, 11), ((1, 12),)), ((6, 12), ((1, 12),)), ((3, 4), ((1, 12),)), ((16, 4), ()), ((6, 10), ((1, 12),)), ((12, 10), ()), ((12, 8), ()), ((6, 4), ((1, 12),)), ((6, 6), ((1, 12),))]","[((9, 12), ()), ((8, 4), ((1, 1),)), ((3, 4), ((1, 12),)), ((5, 9), ((1, 1), (1, 12))), ((6, 11), ((1, 12),)), ((1, 6), ((1, 12),)), ((6, 6), ((1, 12),)), ((16, 4), ()), ((6, 10), ((1, 12),)), ((12, 10), ()), ((12, 8), ()), ((6, 4), ((1, 12),)), ((6, 12), ((1, 12),))]",194,36,44,80
195,"((9, 12), ())","((9, 11), ())",North,"[((9, 11), ())]","[((9, 12), ()), ((8, 4), ((1, 1),)), ((3, 4), ((1, 12),)), ((5, 9), ((1, 1), (1, 12))), ((6, 11), ((1, 12),)), ((1, 6), ((1, 12),)), ((6, 6), ((1, 12),)), ((16, 4), ()), ((6, 10), ((1, 12),)), ((12, 10), ()), ((12, 8), ()), ((6, 4), ((1, 12),)), ((6, 12), ((1, 12),))]","[((3, 4), ((1, 12),)), ((8, 4), ((1, 1),)), ((1, 6), ((1, 12),)), ((5, 9), ((1, 1), (1, 12))), ((6, 11), ((1, 12),)), ((6, 12), ((1, 12),)), ((6, 6), ((1, 12),)), ((16, 4), ()), ((6, 10), ((1, 12),)), ((12, 10), ()), ((12, 8), ()), ((6, 4), ((1, 12),))]",195,23,57,80
196,"((3, 4), ((1, 12),))","((4, 4), ((1, 12),))",West,"[((3, 5), ((1, 12),)), ((3, 3), ((1, 12),)), ((4, 4), ((1, 12),))]","[((3, 4), ((1, 12),)), ((8, 4), ((1, 1),)), ((1, 6), ((1, 12),)), ((5, 9), ((1, 1), (1, 12))), ((6, 11), ((1, 12),)), ((6, 12), ((1, 12),)), ((6, 6), ((1, 12),)), ((16, 4), ()), ((6, 10), ((1, 12),)), ((12, 10), ()), ((12, 8), ()), ((6, 4), ((1, 12),))]","[((1, 6), ((1, 12),)), ((8, 4), ((1, 1),)), ((3, 3), ((1, 12),)), ((5, 9), ((1, 1), (1, 12))), ((6, 11), ((1, 12),)), ((6, 12), ((1, 12),)), ((6, 6), ((1, 12),)), ((16, 4), ()), ((6, 10), ((1, 12),)), ((12, 10), ()), ((12, 8), ()), ((6, 4), ((1, 12),))]",196,37,43,80
197,"((1, 6), ((1, 12),))","((2, 6), ((1, 12),))",West,"[((1, 7), ((1, 12),)), ((2, 6), ((1, 12),))]","[((1, 6), ((1, 12),)), ((8, 4), ((1, 1),)), ((3, 3), ((1, 12),)), ((5, 9), ((1, 1), (1, 12))), ((6, 11), ((1, 12),)), ((6, 12), ((1, 12),)), ((6, 6), ((1, 12),)), ((16, 4), ()), ((6, 10), ((1, 12),)), ((12, 10), ()), ((12, 8), ()), ((6, 4), ((1, 12),))]","[((3, 3), ((1, 12),)), ((8, 4), ((1, 1),)), ((6, 12), ((1, 12),)), ((5, 9), ((1, 1), (1, 12))), ((6, 11), ((1, 12),)), ((6, 4), ((1, 12),)), ((6, 6), ((1, 12),)), ((16, 4), ()), ((6, 10), ((1, 12),)), ((12, 10), ()), ((12, 8), ()), ((1, 7), ((1, 12),))]",197,37,43,80
198,"((3, 3), ((1, 12),))","((3, 4), ((1, 12),))",South,"[((3, 4), ((1, 12),)), ((3, 2), ((1, 12),))]","[((3, 3), ((1, 12),)), ((8, 4), ((1, 1),)), ((6, 12), ((1, 12),)), ((5, 9), ((1, 1), (1, 12))), ((6, 11), ((1, 12),)), ((6, 4), ((1, 12),)), ((6, 6), ((1, 12),)), ((16, 4), ()), ((6, 10), ((1, 12),)), ((12, 10), ()), ((12, 8), ()), ((1, 7), ((1, 12),))]","[((3, 2), ((1, 12),)), ((5, 9), ((1, 1), (1, 12))), ((8, 4), ((1, 1),)), ((6, 10), ((1, 12),)), ((6, 11), ((1, 12),)), ((6, 12), ((1, 12),)), ((6, 6), ((1, 12),)), ((16, 4), ()), ((1, 7), ((1, 12),)), ((12, 10), ()), ((12, 8), ()), ((6, 4), ((1, 12),))]",198,38,42,80
199,"((3, 2), ((1, 12),))","((3, 3), ((1, 12),))",South,"[((3, 3), ((1, 12),)), ((3, 1), ((1, 12),)), ((2, 2), ((1, 12),))]","[((3, 2), ((1, 12),)), ((5, 9), ((1, 1), (1, 12))), ((8, 4), ((1, 1),)), ((6, 10), ((1, 12),)), ((6, 11), ((1, 12),)), ((6, 12), ((1, 12),)), ((6, 6), ((1, 12),)), ((16, 4), ()), ((1, 7), ((1, 12),)), ((12, 10), ()), ((12, 8), ()), ((6, 4), ((1, 12),))]","[((3, 1), ((1, 12),)), ((5, 9), ((1, 1), (1, 12))), ((2, 2), ((1, 12),)), ((6, 10), ((1, 12),)), ((6, 11), ((1, 12),)), ((8, 4), ((1, 1),)), ((6, 6), ((1, 12),)), ((16, 4), ()), ((1, 7), ((1, 12),)), ((12, 10), ()), ((12, 8), ()), ((6, 4), ((1, 12),)), ((6, 12), ((1, 12),))]",199,39,41,80
200,"((3, 1), ((1, 12),))","((3, 2), ((1, 12),))",South,"[((3, 2), ((1, 12),)), ((2, 1), ((1, 12),))]","[((3, 1), ((1, 12),)), ((5, 9), ((1, 1), (1, 12))), ((2, 2), ((1, 12),)), ((6, 10), ((1, 12),)), ((6, 11), ((1, 12),)), ((8, 4), ((1, 1),)), ((6, 6), ((1, 12),)), ((16, 4), ()), ((1, 7), ((1, 12),)), ((12, 10), ()), ((12, 8), ()), ((6, 4), ((1, 12),)), ((6, 12), ((1, 12),))]","[((2, 2), ((1, 12),)), ((5, 9), ((1, 1), (1, 12))), ((2, 1), ((1, 12),)), ((6, 10), ((1, 12),)), ((6, 11), ((1, 12),)), ((8, 4), ((1, 1),)), ((6, 6), ((1, 12),)), ((16, 4), ()), ((1, 7), ((1, 12),)), ((12, 10), ()), ((12, 8), ()), ((6, 4), ((1, 12),)), ((6, 12), ((1, 12),))]",200,40,40,80
201,"((2, 2), ((1, 12),))","((3, 2), ((1, 12),))",West,"[((2, 1), ((1, 12),)), ((3, 2), ((1, 12),)), ((1, 2), ((1, 12),))]","[((2, 2), ((1, 12),)), ((5, 9), ((1, 1), (1, 12))), ((2, 1), ((1, 12),)), ((6, 10), ((1, 12),)), ((6, 11), ((1, 12),)), ((8, 4), ((1, 1),)), ((6, 6), ((1, 12),)), ((16, 4), ()), ((1, 7), ((1, 12),)), ((12, 10), ()), ((12, 8), ()), ((6, 4), ((1, 12),)), ((6, 12), ((1, 12),))]","[((2, 1), ((1, 12),)), ((5, 9), ((1, 1), (1, 12))), ((1, 2), ((1, 12),)), ((6, 10), ((1, 12),)), ((6, 11), ((1, 12),)), ((8, 4), ((1, 1),)), ((6, 6), ((1, 12),)), ((16, 4), ()), ((1, 7), ((1, 12),)), ((12, 10), ()), ((12, 8), ()), ((6, 4), ((1, 12),)), ((6, 12), ((1, 12),))]",201,40,40,80
202,"((2, 1), ((1, 12),))","((3, 1), ((1, 12),))",West,"[((2, 2), ((1, 12),)), ((3, 1), ((1, 12),)), ((1, 1), ((1, 1), (1, 12)))]","[((2, 1), ((1, 12),)), ((5, 9), ((1, 1), (1, 12))), ((1, 2), ((1, 12),)), ((6, 10), ((1, 12),)), ((6, 11), ((1, 12),)), ((8, 4), ((1, 1),)), ((6, 6), ((1, 12),)), ((16, 4), ()), ((1, 7), ((1, 12),)), ((12, 10), ()), ((12, 8), ()), ((6, 4), ((1, 12),)), ((6, 12), ((1, 12),))]","[((1, 2), ((1, 12),)), ((5, 9), ((1, 1), (1, 12))), ((1, 1), ((1, 1), (1, 12))), ((6, 10), ((1, 12),)), ((6, 11), ((1, 12),)), ((8, 4), ((1, 1),)), ((6, 6), ((1, 12),)), ((16, 4), ()), ((1, 7), ((1, 12),)), ((12, 10), ()), ((12, 8), ()), ((6, 4), ((1, 12),)), ((6, 12), ((1, 12),))]",202,41,39,80
203,"((1, 2), ((1, 12),))","((2, 2), ((1, 12),))",West,"[((1, 3), ((1, 12),)), ((1, 1), ((1, 1), (1, 12))), ((2, 2), ((1, 12),))]","[((1, 2), ((1, 12),)), ((5, 9), ((1, 1), (1, 12))), ((1, 1), ((1, 1), (1, 12))), ((6, 10), ((1, 12),)), ((6, 11), ((1, 12),)), ((8, 4), ((1, 1),)), ((6, 6), ((1, 12),)), ((16, 4), ()), ((1, 7), ((1, 12),)), ((12, 10), ()), ((12, 8), ()), ((6, 4), ((1, 12),)), ((6, 12), ((1, 12),))]","[((1, 1), ((1, 1), (1, 12))), ((5, 9), ((1, 1), (1, 12))), ((8, 4), ((1, 1),)), ((6, 10), ((1, 12),)), ((6, 11), ((1, 12),)), ((6, 12), ((1, 12),)), ((6, 6), ((1, 12),)), ((16, 4), ()), ((1, 7), ((1, 12),)), ((12, 10), ()), ((12, 8), ()), ((6, 4), ((1, 12),)), ((1, 3), ((1, 12),))]",203,41,39,80
204,"((1, 1), ((1, 1), (1, 12)))","((2, 1), ((1, 12),))",West,"[((1, 2), ((1, 1), (1, 12))), ((2, 1), ((1, 1), (1, 12)))]","[((1, 1), ((1, 1), (1, 12))), ((5, 9), ((1, 1), (1, 12))), ((8, 4), ((1, 1),)), ((6, 10), ((1, 12),)), ((6, 11), ((1, 12),)), ((6, 12), ((1, 12),)), ((6, 6), ((1, 12),)), ((16, 4), ()), ((1, 7), ((1, 12),)), ((12, 10), ()), ((12, 8), ()), ((6, 4), ((1, 12),)), ((1, 3), ((1, 12),))]","[((2, 1), ((1, 1), (1, 12))), ((5, 9), ((1, 1), (1, 12))), ((8, 4), ((1, 1),)), ((6, 10), ((1, 12),)), ((6, 11), ((1, 12),)), ((6, 4), ((1, 12),)), ((6, 12), ((1, 12),)), ((16, 4), ()), ((1, 7), ((1, 12),)), ((12, 10), ()), ((12, 8), ()), ((1, 3), ((1, 12),)), ((1, 2), ((1, 1), (1, 12))), ((6, 6), ((1, 12),))]",204,42,38,80
205,"((2, 1), ((1, 1), (1, 12)))","((1, 1), ((1, 1), (1, 12)))",East,"[((2, 2), ((1, 1), (1, 12))), ((3, 1), ((1, 1), (1, 12))), ((1, 1), ((1, 1), (1, 12)))]","[((2, 1), ((1, 1), (1, 12))), ((5, 9), ((1, 1), (1, 12))), ((8, 4), ((1, 1),)), ((6, 10), ((1, 12),)), ((6, 11), ((1, 12),)), ((6, 4), ((1, 12),)), ((6, 12), ((1, 12),)), ((16, 4), ()), ((1, 7), ((1, 12),)), ((12, 10), ()), ((12, 8), ()), ((1, 3), ((1, 12),)), ((1, 2), ((1, 1), (1, 12))), ((6, 6), ((1, 12),))]","[((3, 1), ((1, 1), (1, 12))), ((5, 9), ((1, 1), (1, 12))), ((8, 4), ((1, 1),)), ((6, 10), ((1, 12),)), ((6, 11), ((1, 12),)), ((6, 4), ((1, 12),)), ((6, 12), ((1, 12),)), ((16, 4), ()), ((1, 7), ((1, 12),)), ((12, 10), ()), ((12, 8), ()), ((1, 3), ((1, 12),)), ((1, 2), ((1, 1), (1, 12))), ((2, 2), ((1, 1), (1, 12))), ((6, 6), ((1, 12),))]",205,43,37,80
206,"((3, 1), ((1, 1), (1, 12)))","((2, 1), ((1, 1), (1, 12)))",East,"[((3, 2), ((1, 1), (1, 12))), ((2, 1), ((1, 1), (1, 12)))]","[((3, 1), ((1, 1), (1, 12))), ((5, 9), ((1, 1), (1, 12))), ((8, 4), ((1, 1),)), ((6, 10), ((1, 12),)), ((6, 11), ((1, 12),)), ((6, 4), ((1, 12),)), ((6, 12), ((1, 12),)), ((16, 4), ()), ((1, 7), ((1, 12),)), ((12, 10), ()), ((12, 8), ()), ((1, 3), ((1, 12),)), ((1, 2), ((1, 1), (1, 12))), ((2, 2), ((1, 1), (1, 12))), ((6, 6), ((1, 12),))]","[((8, 4), ((1, 1),)), ((5, 9), ((1, 1), (1, 12))), ((6, 12), ((1, 12),)), ((6, 10), ((1, 12),)), ((6, 11), ((1, 12),)), ((6, 4), ((1, 12),)), ((6, 6), ((1, 12),)), ((16, 4), ()), ((1, 7), ((1, 12),)), ((12, 10), ()), ((12, 8), ()), ((1, 3), ((1, 12),)), ((1, 2), ((1, 1), (1, 12))), ((2, 2), ((1, 1), (1, 12))), ((3, 2), ((1, 1), (1, 12)))]",206,44,36,80
207,"((8, 4), ((1, 1),))","((7, 4), ((1, 1),))",East,"[((9, 4), ((1, 1),)), ((7, 4), ((1, 1),))]","[((8, 4), ((1, 1),)), ((5, 9), ((1, 1), (1, 12))), ((6, 12), ((1, 12),)), ((6, 10), ((1, 12),)), ((6, 11), ((1, 12),)), ((6, 4), ((1, 12),)), ((6, 6), ((1, 12),)), ((16, 4), ()), ((1, 7), ((1, 12),)), ((12, 10), ()), ((12, 8), ()), ((1, 3), ((1, 12),)), ((1, 2), ((1, 1), (1, 12))), ((2, 2), ((1, 1), (1, 12))), ((3, 2), ((1, 1), (1, 12)))]","[((5, 9), ((1, 1), (1, 12))), ((6, 11), ((1, 12),)), ((6, 12), ((1, 12),)), ((6, 10), ((1, 12),)), ((12, 8), ()), ((6, 4), ((1, 12),)), ((6, 6), ((1, 12),)), ((16, 4), ()), ((1, 7), ((1, 12),)), ((12, 10), ()), ((3, 2), ((1, 1), (1, 12))), ((1, 3), ((1, 12),)), ((1, 2), ((1, 1), (1, 12))), ((2, 2), ((1, 1), (1, 12))), ((9, 4), ((1, 1),))]",207,28,53,81
208,"((5, 9), ((1, 1), (1, 12)))","((5, 10), ((1, 1), (1, 12)))",South,"[((5, 10), ((1, 1), (1, 12))), ((5, 8), ((1, 1), (1, 12)))]","[((5, 9), ((1, 1), (1, 12))), ((6, 11), ((1, 12),)), ((6, 12), ((1, 12),)), ((6, 10), ((1, 12),)), ((12, 8), ()), ((6, 4), ((1, 12),)), ((6, 6), ((1, 12),)), ((16, 4), ()), ((1, 7), ((1, 12),)), ((12, 10), ()), ((3, 2), ((1, 1), (1, 12))), ((1, 3), ((1, 12),)), ((1, 2), ((1, 1), (1, 12))), ((2, 2), ((1, 1), (1, 12))), ((9, 4), ((1, 1),))]","[((6, 12), ((1, 12),)), ((6, 11), ((1, 12),)), ((6, 6), ((1, 12),)), ((6, 10), ((1, 12),)), ((12, 8), ()), ((6, 4), ((1, 12),)), ((2, 2), ((1, 1), (1, 12))), ((16, 4), ()), ((1, 7), ((1, 12),)), ((12, 10), ()), ((3, 2), ((1, 1), (1, 12))), ((1, 3), ((1, 12),)), ((1, 2), ((1, 1), (1, 12))), ((9, 4), ((1, 1),)), ((5, 8), ((1, 1), (1, 12)))]",208,44,37,81
209,"((6, 12), ((1, 12),))","((5, 12), ((1, 12),))",East,"[((6, 11), ((1, 12),)), ((7, 12), ((1, 12),)), ((5, 12), ((1, 12),))]","[((6, 12), ((1, 12),)), ((6, 11), ((1, 12),)), ((6, 6), ((1, 12),)), ((6, 10), ((1, 12),)), ((12, 8), ()), ((6, 4), ((1, 12),)), ((2, 2), ((1, 1), (1, 12))), ((16, 4), ()), ((1, 7), ((1, 12),)), ((12, 10), ()), ((3, 2), ((1, 1), (1, 12))), ((1, 3), ((1, 12),)), ((1, 2), ((1, 1), (1, 12))), ((9, 4), ((1, 1),)), ((5, 8), ((1, 1), (1, 12)))]","[((6, 11), ((1, 12),)), ((6, 10), ((1, 12),)), ((6, 6), ((1, 12),)), ((16, 4), ()), ((12, 8), ()), ((6, 4), ((1, 12),)), ((2, 2), ((1, 1), (1, 12))), ((5, 8), ((1, 1), (1, 12))), ((1, 7), ((1, 12),)), ((12, 10), ()), ((3, 2), ((1, 1), (1, 12))), ((1, 3), ((1, 12),)), ((1, 2), ((1, 1), (1, 12))), ((9, 4), ((1, 1),)), ((7, 12), ((1, 12),))]",209,28,54,82
210,"((6, 11), ((1, 12),))","((5, 11), ((1, 12),))",East,"[((6, 12), ((1, 12),)), ((6, 10), ((1, 12),)), ((7, 11), ((1, 12),)), ((5, 11), ((1, 12),))]","[((6, 11), ((1, 12),)), ((6, 10), ((1, 12),)), ((6, 6), ((1, 12),)), ((16, 4), ()), ((12, 8), ()), ((6, 4), ((1, 12),)), ((2, 2), ((1, 1), (1, 12))), ((5, 8), ((1, 1), (1, 12))), ((1, 7), ((1, 12),)), ((12, 10), ()), ((3, 2), ((1, 1), (1, 12))), ((1, 3), ((1, 12),)), ((1, 2), ((1, 1), (1, 12))), ((9, 4), ((1, 1),)), ((7, 12), ((1, 12),))]","[((6, 10), ((1, 12),)), ((16, 4), ()), ((6, 6), ((1, 12),)), ((1, 7), ((1, 12),)), ((12, 8), ()), ((6, 4), ((1, 12),)), ((2, 2), ((1, 1), (1, 12))), ((5, 8), ((1, 1), (1, 12))), ((7, 12), ((1, 12),)), ((12, 10), ()), ((3, 2), ((1, 1), (1, 12))), ((1, 3), ((1, 12),)), ((1, 2), ((1, 1), (1, 12))), ((9, 4), ((1, 1),)), ((7, 11), ((1, 12),))]",210,29,53,82
211,"((6, 10), ((1, 12),))","((5, 10), ((1, 12),))",East,"[((6, 11), ((1, 12),)), ((7, 10), ((1, 12),)), ((5, 10), ((1, 12),))]","[((6, 10), ((1, 12),)), ((16, 4), ()), ((6, 6), ((1, 12),)), ((1, 7), ((1, 12),)), ((12, 8), ()), ((6, 4), ((1, 12),)), ((2, 2), ((1, 1), (1, 12))), ((5, 8), ((1, 1), (1, 12))), ((7, 12), ((1, 12),)), ((12, 10), ()), ((3, 2), ((1, 1), (1, 12))), ((1, 3), ((1, 12),)), ((1, 2), ((1, 1), (1, 12))), ((9, 4), ((1, 1),)), ((7, 11), ((1, 12),))]","[((16, 4), ()), ((12, 8), ()), ((6, 6), ((1, 12),)), ((1, 7), ((1, 12),)), ((12, 10), ()), ((6, 4), ((1, 12),)), ((2, 2), ((1, 1), (1, 12))), ((5, 8), ((1, 1), (1, 12))), ((7, 12), ((1, 12),)), ((7, 11), ((1, 12),)), ((3, 2), ((1, 1), (1, 12))), ((1, 3), ((1, 12),)), ((1, 2), ((1, 1), (1, 12))), ((9, 4), ((1, 1),)), ((7, 10), ((1, 12),))]",211,30,52,82
212,"((16, 4), ())","((16, 3), ())",North,"[((16, 3), ()), ((17, 4), ())]","[((16, 4), ()), ((12, 8), ()), ((6, 6), ((1, 12),)), ((1, 7), ((1, 12),)), ((12, 10), ()), ((6, 4), ((1, 12),)), ((2, 2), ((1, 1), (1, 12))), ((5, 8), ((1, 1), (1, 12))), ((7, 12), ((1, 12),)), ((7, 11), ((1, 12),)), ((3, 2), ((1, 1), (1, 12))), ((1, 3), ((1, 12),)), ((1, 2), ((1, 1), (1, 12))), ((9, 4), ((1, 1),)), ((7, 10), ((1, 12),))]","[((12, 8), ()), ((12, 10), ()), ((6, 6), ((1, 12),)), ((1, 7), ((1, 12),)), ((3, 2), ((1, 1), (1, 12))), ((6, 4), ((1, 12),)), ((2, 2), ((1, 1), (1, 12))), ((5, 8), ((1, 1), (1, 12))), ((7, 12), ((1, 12),)), ((7, 11), ((1, 12),)), ((7, 10), ((1, 12),)), ((1, 3), ((1, 12),)), ((1, 2), ((1, 1), (1, 12))), ((9, 4), ((1, 1),)), ((17, 4), ())]",212,18,64,82
213,"((12, 8), ())","((11, 8), ())",East,"[((13, 8), ()), ((11, 8), ())]","[((12, 8), ()), ((12, 10), ()), ((6, 6), ((1, 12),)), ((1, 7), ((1, 12),)), ((3, 2), ((1, 1), (1, 12))), ((6, 4), ((1, 12),)), ((2, 2), ((1, 1), (1, 12))), ((5, 8), ((1, 1), (1, 12))), ((7, 12), ((1, 12),)), ((7, 11), ((1, 12),)), ((7, 10), ((1, 12),)), ((1, 3), ((1, 12),)), ((1, 2), ((1, 1), (1, 12))), ((9, 4), ((1, 1),)), ((17, 4), ())]","[((12, 10), ()), ((1, 7), ((1, 12),)), ((6, 6), ((1, 12),)), ((17, 4), ()), ((3, 2), ((1, 1), (1, 12))), ((6, 4), ((1, 12),)), ((2, 2), ((1, 1), (1, 12))), ((5, 8), ((1, 1), (1, 12))), ((7, 12), ((1, 12),)), ((7, 11), ((1, 12),)), ((7, 10), ((1, 12),)), ((1, 3), ((1, 12),)), ((1, 2), ((1, 1), (1, 12))), ((9, 4), ((1, 1),)), ((13, 8), ())]",213,18,64,82
214,"((12, 10), ())","((11, 10), ())",East,"[((13, 10), ()), ((11, 10), ())]","[((12, 10), ()), ((1, 7), ((1, 12),)), ((6, 6), ((1, 12),)), ((17, 4), ()), ((3, 2), ((1, 1), (1, 12))), ((6, 4), ((1, 12),)), ((2, 2), ((1, 1), (1, 12))), ((5, 8), ((1, 1), (1, 12))), ((7, 12), ((1, 12),)), ((7, 11), ((1, 12),)), ((7, 10), ((1, 12),)), ((1, 3), ((1, 12),)), ((1, 2), ((1, 1), (1, 12))), ((9, 4), ((1, 1),)), ((13, 8), ())]","[((6, 6), ((1, 12),)), ((1, 7), ((1, 12),)), ((6, 4), ((1, 12),)), ((17, 4), ()), ((3, 2), ((1, 1), (1, 12))), ((1, 3), ((1, 12),)), ((2, 2), ((1, 1), (1, 12))), ((5, 8), ((1, 1), (1, 12))), ((7, 12), ((1, 12),)), ((7, 11), ((1, 12),)), ((7, 10), ((1, 12),)), ((13, 8), ()), ((1, 2), ((1, 1), (1, 12))), ((9, 4), ((1, 1),)), ((13, 10), ())]",214,20,62,82
215,"((6, 6), ((1, 12),))","((5, 6), ((1, 12),))",East,"[((7, 6), ((1, 12),)), ((5, 6), ((1, 12),))]","[((6, 6), ((1, 12),)), ((1, 7), ((1, 12),)), ((6, 4), ((1, 12),)), ((17, 4), ()), ((3, 2), ((1, 1), (1, 12))), ((1, 3), ((1, 12),)), ((2, 2), ((1, 1), (1, 12))), ((5, 8), ((1, 1), (1, 12))), ((7, 12), ((1, 12),)), ((7, 11), ((1, 12),)), ((7, 10), ((1, 12),)), ((13, 8), ()), ((1, 2), ((1, 1), (1, 12))), ((9, 4), ((1, 1),)), ((13, 10), ())]","[((6, 4), ((1, 12),)), ((1, 7), ((1, 12),)), ((1, 3), ((1, 12),)), ((17, 4), ()), ((3, 2), ((1, 1), (1, 12))), ((1, 2), ((1, 1), (1, 12))), ((2, 2), ((1, 1), (1, 12))), ((5, 8), ((1, 1), (1, 12))), ((7, 12), ((1, 12),)), ((7, 11), ((1, 12),)), ((7, 10), ((1, 12),)), ((13, 8), ()), ((13, 10), ()), ((9, 4), ((1, 1),)), ((7, 6), ((1, 12),))]",215,34,48,82
216,"((6, 4), ((1, 12),))","((5, 4), ((1, 12),))",East,"[((7, 4), ((1, 12),)), ((5, 4), ((1, 12),))]","[((6, 4), ((1, 12),)), ((1, 7), ((1, 12),)), ((1, 3), ((1, 12),)), ((17, 4), ()), ((3, 2), ((1, 1), (1, 12))), ((1, 2), ((1, 1), (1, 12))), ((2, 2), ((1, 1), (1, 12))), ((5, 8), ((1, 1), (1, 12))), ((7, 12), ((1, 12),)), ((7, 11), ((1, 12),)), ((7, 10), ((1, 12),)), ((13, 8), ()), ((13, 10), ()), ((9, 4), ((1, 1),)), ((7, 6), ((1, 12),))]","[((1, 7), ((1, 12),)), ((3, 2), ((1, 1), (1, 12))), ((1, 3), ((1, 12),)), ((17, 4), ()), ((7, 11), ((1, 12),)), ((1, 2), ((1, 1), (1, 12))), ((2, 2), ((1, 1), (1, 12))), ((5, 8), ((1, 1), (1, 12))), ((7, 12), ((1, 12),)), ((7, 6), ((1, 12),)), ((7, 10), ((1, 12),)), ((13, 8), ()), ((13, 10), ()), ((9, 4), ((1, 1),)), ((7, 4), ((1, 12),))]",216,36,46,82
217,"((1, 7), ((1, 12),))","((1, 6), ((1, 12),))",North,"[((1, 8), ((1, 12),)), ((1, 6), ((1, 12),))]","[((1, 7), ((1, 12),)), ((3, 2), ((1, 1), (1, 12))), ((1, 3), ((1, 12),)), ((17, 4), ()), ((7, 11), ((1, 12),)), ((1, 2), ((1, 1), (1, 12))), ((2, 2), ((1, 1), (1, 12))), ((5, 8), ((1, 1), (1, 12))), ((7, 12), ((1, 12),)), ((7, 6), ((1, 12),)), ((7, 10), ((1, 12),)), ((13, 8), ()), ((13, 10), ()), ((9, 4), ((1, 1),)), ((7, 4), ((1, 12),))]","[((1, 3), ((1, 12),)), ((3, 2), ((1, 1), (1, 12))), ((1, 2), ((1, 1), (1, 12))), ((17, 4), ()), ((7, 11), ((1, 12),)), ((13, 8), ()), ((2, 2), ((1, 1), (1, 12))), ((5, 8), ((1, 1), (1, 12))), ((7, 12), ((1, 12),)), ((7, 6), ((1, 12),)), ((7, 10), ((1, 12),)), ((7, 4), ((1, 12),)), ((13, 10), ()), ((9, 4), ((1, 1),)), ((1, 8), ((1, 12),))]",217,38,44,82
218,"((1, 3), ((1, 12),))","((1, 2), ((1, 12),))",North,"[((1, 4), ((1, 12),)), ((1, 2), ((1, 12),))]","[((1, 3), ((1, 12),)), ((3, 2), ((1, 1), (1, 12))), ((1, 2), ((1, 1), (1, 12))), ((17, 4), ()), ((7, 11), ((1, 12),)), ((13, 8), ()), ((2, 2), ((1, 1), (1, 12))), ((5, 8), ((1, 1), (1, 12))), ((7, 12), ((1, 12),)), ((7, 6), ((1, 12),)), ((7, 10), ((1, 12),)), ((7, 4), ((1, 12),)), ((13, 10), ()), ((9, 4), ((1, 1),)), ((1, 8), ((1, 12),))]","[((1, 2), ((1, 1), (1, 12))), ((3, 2), ((1, 1), (1, 12))), ((2, 2), ((1, 1), (1, 12))), ((17, 4), ()), ((7, 11), ((1, 12),)), ((13, 8), ()), ((9, 4), ((1, 1),)), ((5, 8), ((1, 1), (1, 12))), ((7, 12), ((1, 12),)), ((7, 6), ((1, 12),)), ((7, 10), ((1, 12),)), ((7, 4), ((1, 12),)), ((13, 10), ()), ((1, 8), ((1, 12),)), ((1, 4), ((1, 12),))]",218,42,40,82
219,"((1, 2), ((1, 1), (1, 12)))","((1, 1), ((1, 1), (1, 12)))",North,"[((1, 3), ((1, 1), (1, 12))), ((1, 1), ((1, 1), (1, 12))), ((2, 2), ((1, 1), (1, 12)))]","[((1, 2), ((1, 1), (1, 12))), ((3, 2), ((1, 1), (1, 12))), ((2, 2), ((1, 1), (1, 12))), ((17, 4), ()), ((7, 11), ((1, 12),)), ((13, 8), ()), ((9, 4), ((1, 1),)), ((5, 8), ((1, 1), (1, 12))), ((7, 12), ((1, 12),)), ((7, 6), ((1, 12),)), ((7, 10), ((1, 12),)), ((7, 4), ((1, 12),)), ((13, 10), ()), ((1, 8), ((1, 12),)), ((1, 4), ((1, 12),))]","[((2, 2), ((1, 1), (1, 12))), ((3, 2), ((1, 1), (1, 12))), ((9, 4), ((1, 1),)), ((17, 4), ()), ((7, 11), ((1, 12),)), ((13, 8), ()), ((1, 8), ((1, 12),)), ((5, 8), ((1, 1), (1, 12))), ((7, 12), ((1, 12),)), ((7, 6), ((1, 12),)), ((7, 10), ((1, 12),)), ((7, 4), ((1, 12),)), ((13, 10), ()), ((1, 4), ((1, 12),)), ((1, 3), ((1, 1), (1, 12)))]",219,43,39,82
220,"((2, 2), ((1, 1), (1, 12)))","((2, 1), ((1, 1), (1, 12)))",North,"[((2, 1), ((1, 1), (1, 12))), ((3, 2), ((1, 1), (1, 12))), ((1, 2), ((1, 1), (1, 12)))]","[((2, 2), ((1, 1), (1, 12))), ((3, 2), ((1, 1), (1, 12))), ((9, 4), ((1, 1),)), ((17, 4), ()), ((7, 11), ((1, 12),)), ((13, 8), ()), ((1, 8), ((1, 12),)), ((5, 8), ((1, 1), (1, 12))), ((7, 12), ((1, 12),)), ((7, 6), ((1, 12),)), ((7, 10), ((1, 12),)), ((7, 4), ((1, 12),)), ((13, 10), ()), ((1, 4), ((1, 12),)), ((1, 3), ((1, 1), (1, 12)))]","[((3, 2), ((1, 1), (1, 12))), ((17, 4), ()), ((9, 4), ((1, 1),)), ((5, 8), ((1, 1), (1, 12))), ((7, 11), ((1, 12),)), ((13, 8), ()), ((1, 8), ((1, 12),)), ((1, 3), ((1, 1), (1, 12))), ((7, 12), ((1, 12),)), ((7, 6), ((1, 12),)), ((7, 10), ((1, 12),)), ((7, 4), ((1, 12),)), ((13, 10), ()), ((1, 4), ((1, 12),))]",220,44,38,82
221,"((3, 2), ((1, 1), (1, 12)))","((3, 1), ((1, 1), (1, 12)))",North,"[((3, 3), ((1, 1), (1, 12))), ((3, 1), ((1, 1), (1, 12))), ((2, 2), ((1, 1), (1, 12)))]","[((3, 2), ((1, 1), (1, 12))), ((17, 4), ()), ((9, 4), ((1, 1),)), ((5, 8), ((1, 1), (1, 12))), ((7, 11), ((1, 12),)), ((13, 8), ()), ((1, 8), ((1, 12),)), ((1, 3), ((1, 1), (1, 12))), ((7, 12), ((1, 12),)), ((7, 6), ((1, 12),)), ((7, 10), ((1, 12),)), ((7, 4), ((1, 12),)), ((13, 10), ()), ((1, 4), ((1, 12),))]","[((17, 4), ()), ((5, 8), ((1, 1), (1, 12))), ((9, 4), ((1, 1),)), ((7, 12), ((1, 12),)), ((7, 11), ((1, 12),)), ((13, 8), ()), ((1, 8), ((1, 12),)), ((1, 3), ((1, 1), (1, 12))), ((1, 4), ((1, 12),)), ((7, 6), ((1, 12),)), ((7, 10), ((1, 12),)), ((7, 4), ((1, 12),)), ((13, 10), ()), ((3, 3), ((1, 1), (1, 12)))]",221,45,37,82
222,"((17, 4), ())","((16, 4), ())",East,"[((18, 4), ()), ((16, 4), ())]","[((17, 4), ()), ((5, 8), ((1, 1), (1, 12))), ((9, 4), ((1, 1),)), ((7, 12), ((1, 12),)), ((7, 11), ((1, 12),)), ((13, 8), ()), ((1, 8), ((1, 12),)), ((1, 3), ((1, 1), (1, 12))), ((1, 4), ((1, 12),)), ((7, 6), ((1, 12),)), ((7, 10), ((1, 12),)), ((7, 4), ((1, 12),)), ((13, 10), ()), ((3, 3), ((1, 1), (1, 12)))]","[((18, 4), ()), ((5, 8), ((1, 1), (1, 12))), ((9, 4), ((1, 1),)), ((7, 12), ((1, 12),)), ((7, 11), ((1, 12),)), ((13, 10), ()), ((13, 8), ()), ((1, 3), ((1, 1), (1, 12))), ((1, 4), ((1, 12),)), ((7, 6), ((1, 12),)), ((7, 10), ((1, 12),)), ((7, 4), ((1, 12),)), ((3, 3), ((1, 1), (1, 12))), ((1, 8), ((1, 12),))]",222,19,63,82
223,"((18, 4), ())","((17, 4), ())",East,"[((18, 5), ()), ((18, 3), ()), ((19, 4), ()), ((17, 4), ())]","[((18, 4), ()), ((5, 8), ((1, 1), (1, 12))), ((9, 4), ((1, 1),)), ((7, 12), ((1, 12),)), ((7, 11), ((1, 12),)), ((13, 10), ()), ((13, 8), ()), ((1, 3), ((1, 1), (1, 12))), ((1, 4), ((1, 12),)), ((7, 6), ((1, 12),)), ((7, 10), ((1, 12),)), ((7, 4), ((1, 12),)), ((3, 3), ((1, 1), (1, 12))), ((1, 8), ((1, 12),))]","[((18, 3), ()), ((19, 4), ()), ((9, 4), ((1, 1),)), ((5, 8), ((1, 1), (1, 12))), ((7, 11), ((1, 12),)), ((13, 10), ()), ((13, 8), ()), ((7, 12), ((1, 12),)), ((1, 4), ((1, 12),)), ((7, 6), ((1, 12),)), ((7, 10), ((1, 12),)), ((7, 4), ((1, 12),)), ((3, 3), ((1, 1), (1, 12))), ((18, 5), ()), ((1, 8), ((1, 12),)), ((1, 3), ((1, 1), (1, 12)))]",223,20,62,82
224,"((18, 3), ())","((18, 4), ())",South,"[((18, 4), ()), ((18, 2), ())]","[((18, 3), ()), ((19, 4), ()), ((9, 4), ((1, 1),)), ((5, 8), ((1, 1), (1, 12))), ((7, 11), ((1, 12),)), ((13, 10), ()), ((13, 8), ()), ((7, 12), ((1, 12),)), ((1, 4), ((1, 12),)), ((7, 6), ((1, 12),)), ((7, 10), ((1, 12),)), ((7, 4), ((1, 12),)), ((3, 3), ((1, 1), (1, 12))), ((18, 5), ()), ((1, 8), ((1, 12),)), ((1, 3), ((1, 1), (1, 12)))]","[((19, 4), ()), ((18, 2), ()), ((9, 4), ((1, 1),)), ((5, 8), ((1, 1), (1, 12))), ((7, 11), ((1, 12),)), ((13, 10), ()), ((13, 8), ()), ((7, 12), ((1, 12),)), ((1, 4), ((1, 12),)), ((7, 6), ((1, 12),)), ((7, 10), ((1, 12),)), ((7, 4), ((1, 12),)), ((3, 3), ((1, 1), (1, 12))), ((18, 5), ()), ((1, 8), ((1, 12),)), ((1, 3), ((1, 1), (1, 12)))]",224,21,61,82
225,"((19, 4), ())","((18, 4), ())",East,"[((20, 4), ()), ((18, 4), ())]","[((19, 4), ()), ((18, 2), ()), ((9, 4), ((1, 1),)), ((5, 8), ((1, 1), (1, 12))), ((7, 11), ((1, 12),)), ((13, 10), ()), ((13, 8), ()), ((7, 12), ((1, 12),)), ((1, 4), ((1, 12),)), ((7, 6), ((1, 12),)), ((7, 10), ((1, 12),)), ((7, 4), ((1, 12),)), ((3, 3), ((1, 1), (1, 12))), ((18, 5), ()), ((1, 8), ((1, 12),)), ((1, 3), ((1, 1), (1, 12)))]","[((18, 2), ()), ((20, 4), ()), ((9, 4), ((1, 1),)), ((5, 8), ((1, 1), (1, 12))), ((7, 11), ((1, 12),)), ((13, 10), ()), ((13, 8), ()), ((7, 12), ((1, 12),)), ((1, 4), ((1, 12),)), ((7, 6), ((1, 12),)), ((7, 10), ((1, 12),)), ((7, 4), ((1, 12),)), ((3, 3), ((1, 1), (1, 12))), ((18, 5), ()), ((1, 8), ((1, 12),)), ((1, 3), ((1, 1), (1, 12)))]",225,21,61,82
226,"((18, 2), ())","((18, 3), ())",South,"[((18, 3), ()), ((18, 1), ())]","[((18, 2), ()), ((20, 4), ()), ((9, 4), ((1, 1),)), ((5, 8), ((1, 1), (1, 12))), ((7, 11), ((1, 12),)), ((13, 10), ()), ((13, 8), ()), ((7, 12), ((1, 12),)), ((1, 4), ((1, 12),)), ((7, 6), ((1, 12),)), ((7, 10), ((1, 12),)), ((7, 4), ((1, 12),)), ((3, 3), ((1, 1), (1, 12))), ((18, 5), ()), ((1, 8), ((1, 12),)), ((1, 3), ((1, 1), (1, 12)))]","[((20, 4), ()), ((18, 1), ()), ((9, 4), ((1, 1),)), ((5, 8), ((1, 1), (1, 12))), ((7, 11), ((1, 12),)), ((13, 10), ()), ((13, 8), ()), ((7, 12), ((1, 12),)), ((1, 4), ((1, 12),)), ((7, 6), ((1, 12),)), ((7, 10), ((1, 12),)), ((7, 4), ((1, 12),)), ((3, 3), ((1, 1), (1, 12))), ((18, 5), ()), ((1, 8), ((1, 12),)), ((1, 3), ((1, 1), (1, 12)))]",226,22,60,82
227,"((20, 4), ())","((19, 4), ())",East,"[((19, 4), ())]","[((20, 4), ()), ((18, 1), ()), ((9, 4), ((1, 1),)), ((5, 8), ((1, 1), (1, 12))), ((7, 11), ((1, 12),)), ((13, 10), ()), ((13, 8), ()), ((7, 12), ((1, 12),)), ((1, 4), ((1, 12),)), ((7, 6), ((1, 12),)), ((7, 10), ((1, 12),)), ((7, 4), ((1, 12),)), ((3, 3), ((1, 1), (1, 12))), ((18, 5), ()), ((1, 8), ((1, 12),)), ((1, 3), ((1, 1), (1, 12)))]","[((18, 1), ()), ((5, 8), ((1, 1), (1, 12))), ((9, 4), ((1, 1),)), ((7, 12), ((1, 12),)), ((7, 11), ((1, 12),)), ((13, 10), ()), ((13, 8), ()), ((1, 3), ((1, 1), (1, 12))), ((1, 4), ((1, 12),)), ((7, 6), ((1, 12),)), ((7, 10), ((1, 12),)), ((7, 4), ((1, 12),)), ((3, 3), ((1, 1), (1, 12))), ((18, 5), ()), ((1, 8), ((1, 12),))]",227,22,60,82
228,"((18, 1), ())","((18, 2), ())",South,"[((18, 2), ())]","[((18, 1), ()), ((5, 8), ((1, 1), (1, 12))), ((9, 4), ((1, 1),)), ((7, 12), ((1, 12),)), ((7, 11), ((1, 12),)), ((13, 10), ()), ((13, 8), ()), ((1, 3), ((1, 1), (1, 12))), ((1, 4), ((1, 12),)), ((7, 6), ((1, 12),)), ((7, 10), ((1, 12),)), ((7, 4), ((1, 12),)), ((3, 3), ((1, 1), (1, 12))), ((18, 5), ()), ((1, 8), ((1, 12),))]","[((9, 4), ((1, 1),)), ((5, 8), ((1, 1), (1, 12))), ((13, 8), ()), ((7, 12), ((1, 12),)), ((7, 11), ((1, 12),)), ((13, 10), ()), ((1, 8), ((1, 12),)), ((1, 3), ((1, 1), (1, 12))), ((1, 4), ((1, 12),)), ((7, 6), ((1, 12),)), ((7, 10), ((1, 12),)), ((7, 4), ((1, 12),)), ((3, 3), ((1, 1), (1, 12))), ((18, 5), ())]",228,23,59,82
229,"((9, 4), ((1, 1),))","((8, 4), ((1, 1),))",East,"[((9, 3), ((1, 1),)), ((10, 4), ((1, 1),)), ((8, 4), ((1, 1),))]","[((9, 4), ((1, 1),)), ((5, 8), ((1, 1), (1, 12))), ((13, 8), ()), ((7, 12), ((1, 12),)), ((7, 11), ((1, 12),)), ((13, 10), ()), ((1, 8), ((1, 12),)), ((1, 3), ((1, 1), (1, 12))), ((1, 4), ((1, 12),)), ((7, 6), ((1, 12),)), ((7, 10), ((1, 12),)), ((7, 4), ((1, 12),)), ((3, 3), ((1, 1), (1, 12))), ((18, 5), ())]","[((5, 8), ((1, 1), (1, 12))), ((7, 12), ((1, 12),)), ((13, 8), ()), ((1, 4), ((1, 12),)), ((7, 11), ((1, 12),)), ((13, 10), ()), ((1, 8), ((1, 12),)), ((1, 3), ((1, 1), (1, 12))), ((18, 5), ()), ((7, 6), ((1, 12),)), ((7, 10), ((1, 12),)), ((7, 4), ((1, 12),)), ((3, 3), ((1, 1), (1, 12))), ((9, 3), ((1, 1),)), ((10, 4), ((1, 1),))]",229,29,54,83
230,"((5, 8), ((1, 1), (1, 12)))","((5, 9), ((1, 1), (1, 12)))",South,"[((5, 9), ((1, 1), (1, 12))), ((5, 7), ((1, 1), (1, 12)))]","[((5, 8), ((1, 1), (1, 12))), ((7, 12), ((1, 12),)), ((13, 8), ()), ((1, 4), ((1, 12),)), ((7, 11), ((1, 12),)), ((13, 10), ()), ((1, 8), ((1, 12),)), ((1, 3), ((1, 1), (1, 12))), ((18, 5), ()), ((7, 6), ((1, 12),)), ((7, 10), ((1, 12),)), ((7, 4), ((1, 12),)), ((3, 3), ((1, 1), (1, 12))), ((9, 3), ((1, 1),)), ((10, 4), ((1, 1),))]","[((7, 12), ((1, 12),)), ((7, 11), ((1, 12),)), ((13, 8), ()), ((1, 4), ((1, 12),)), ((7, 10), ((1, 12),)), ((13, 10), ()), ((1, 8), ((1, 12),)), ((1, 3), ((1, 1), (1, 12))), ((18, 5), ()), ((7, 6), ((1, 12),)), ((10, 4), ((1, 1),)), ((7, 4), ((1, 12),)), ((3, 3), ((1, 1), (1, 12))), ((9, 3), ((1, 1),)), ((5, 7), ((1, 1), (1, 12)))]",230,45,38,83
231,"((7, 12), ((1, 12),))","((6, 12), ((1, 12),))",East,"[((7, 11), ((1, 12),)), ((6, 12), ((1, 12),))]","[((7, 12), ((1, 12),)), ((7, 11), ((1, 12),)), ((13, 8), ()), ((1, 4), ((1, 12),)), ((7, 10), ((1, 12),)), ((13, 10), ()), ((1, 8), ((1, 12),)), ((1, 3), ((1, 1), (1, 12))), ((18, 5), ()), ((7, 6), ((1, 12),)), ((10, 4), ((1, 1),)), ((7, 4), ((1, 12),)), ((3, 3), ((1, 1), (1, 12))), ((9, 3), ((1, 1),)), ((5, 7), ((1, 1), (1, 12)))]","[((7, 11), ((1, 12),)), ((7, 10), ((1, 12),)), ((13, 8), ()), ((1, 4), ((1, 12),)), ((7, 6), ((1, 12),)), ((13, 10), ()), ((1, 8), ((1, 12),)), ((1, 3), ((1, 1), (1, 12))), ((18, 5), ()), ((5, 7), ((1, 1), (1, 12))), ((10, 4), ((1, 1),)), ((7, 4), ((1, 12),)), ((3, 3), ((1, 1), (1, 12))), ((9, 3), ((1, 1),))]",231,29,55,84
232,"((7, 11), ((1, 12),))","((6, 11), ((1, 12),))",East,"[((7, 12), ((1, 12),)), ((7, 10), ((1, 12),)), ((6, 11), ((1, 12),))]","[((7, 11), ((1, 12),)), ((7, 10), ((1, 12),)), ((13, 8), ()), ((1, 4), ((1, 12),)), ((7, 6), ((1, 12),)), ((13, 10), ()), ((1, 8), ((1, 12),)), ((1, 3), ((1, 1), (1, 12))), ((18, 5), ()), ((5, 7), ((1, 1), (1, 12))), ((10, 4), ((1, 1),)), ((7, 4), ((1, 12),)), ((3, 3), ((1, 1), (1, 12))), ((9, 3), ((1, 1),))]","[((7, 10), ((1, 12),)), ((7, 6), ((1, 12),)), ((13, 8), ()), ((1, 4), ((1, 12),)), ((9, 3), ((1, 1),)), ((13, 10), ()), ((1, 8), ((1, 12),)), ((1, 3), ((1, 1), (1, 12))), ((18, 5), ()), ((5, 7), ((1, 1), (1, 12))), ((10, 4), ((1, 1),)), ((7, 4), ((1, 12),)), ((3, 3), ((1, 1), (1, 12)))]",232,30,54,84
233,"((7, 10), ((1, 12),))","((6, 10), ((1, 12),))",East,"[((7, 11), ((1, 12),)), ((6, 10), ((1, 12),))]","[((7, 10), ((1, 12),)), ((7, 6), ((1, 12),)), ((13, 8), ()), ((1, 4), ((1, 12),)), ((9, 3), ((1, 1),)), ((13, 10), ()), ((1, 8), ((1, 12),)), ((1, 3), ((1, 1), (1, 12))), ((18, 5), ()), ((5, 7), ((1, 1), (1, 12))), ((10, 4), ((1, 1),)), ((7, 4), ((1, 12),)), ((3, 3), ((1, 1), (1, 12)))]","[((13, 8), ()), ((7, 6), ((1, 12),)), ((13, 10), ()), ((1, 4), ((1, 12),)), ((9, 3), ((1, 1),)), ((7, 4), ((1, 12),)), ((1, 8), ((1, 12),)), ((1, 3), ((1, 1), (1, 12))), ((18, 5), ()), ((5, 7), ((1, 1), (1, 12))), ((10, 4), ((1, 1),)), ((3, 3), ((1, 1), (1, 12)))]",233,31,53,84
234,"((13, 8), ())","((12, 8), ())",East,"[((12, 8), ())]","[((13, 8), ()), ((7, 6), ((1, 12),)), ((13, 10), ()), ((1, 4), ((1, 12),)), ((9, 3), ((1, 1),)), ((7, 4), ((1, 12),)), ((1, 8), ((1, 12),)), ((1, 3), ((1, 1), (1, 12))), ((18, 5), ()), ((5, 7), ((1, 1), (1, 12))), ((10, 4), ((1, 1),)), ((3, 3), ((1, 1), (1, 12)))]","[((13, 10), ()), ((7, 6), ((1, 12),)), ((7, 4), ((1, 12),)), ((1, 4), ((1, 12),)), ((9, 3), ((1, 1),)), ((3, 3), ((1, 1), (1, 12))), ((1, 8), ((1, 12),)), ((1, 3), ((1, 1), (1, 12))), ((18, 5), ()), ((5, 7), ((1, 1), (1, 12))), ((10, 4), ((1, 1),))]",234,19,65,84
235,"((13, 10), ())","((12, 10), ())",East,"[((14, 10), ()), ((12, 10), ())]","[((13, 10), ()), ((7, 6), ((1, 12),)), ((7, 4), ((1, 12),)), ((1, 4), ((1, 12),)), ((9, 3), ((1, 1),)), ((3, 3), ((1, 1), (1, 12))), ((1, 8), ((1, 12),)), ((1, 3), ((1, 1), (1, 12))), ((18, 5), ()), ((5, 7), ((1, 1), (1, 12))), ((10, 4), ((1, 1),))]","[((7, 6), ((1, 12),)), ((1, 4), ((1, 12),)), ((7, 4), ((1, 12),)), ((1, 3), ((1, 1), (1, 12))), ((9, 3), ((1, 1),)), ((3, 3), ((1, 1), (1, 12))), ((1, 8), ((1, 12),)), ((10, 4), ((1, 1),)), ((18, 5), ()), ((5, 7), ((1, 1), (1, 12))), ((14, 10), ())]",235,21,63,84
236,"((7, 6), ((1, 12),))","((6, 6), ((1, 12),))",East,"[((7, 7), ((1, 12),)), ((6, 6), ((1, 12),))]","[((7, 6), ((1, 12),)), ((1, 4), ((1, 12),)), ((7, 4), ((1, 12),)), ((1, 3), ((1, 1), (1, 12))), ((9, 3), ((1, 1),)), ((3, 3), ((1, 1), (1, 12))), ((1, 8), ((1, 12),)), ((10, 4), ((1, 1),)), ((18, 5), ()), ((5, 7), ((1, 1), (1, 12))), ((14, 10), ())]","[((7, 4), ((1, 12),)), ((1, 4), ((1, 12),)), ((1, 8), ((1, 12),)), ((1, 3), ((1, 1), (1, 12))), ((9, 3), ((1, 1),)), ((3, 3), ((1, 1), (1, 12))), ((14, 10), ()), ((10, 4), ((1, 1),)), ((18, 5), ()), ((5, 7), ((1, 1), (1, 12))), ((7, 7), ((1, 12),))]",236,35,49,84
237,"((7, 4), ((1, 12),))","((6, 4), ((1, 12),))",East,"[((8, 4), ((1, 12),)), ((6, 4), ((1, 12),))]","[((7, 4), ((1, 12),)), ((1, 4), ((1, 12),)), ((1, 8), ((1, 12),)), ((1, 3), ((1, 1), (1, 12))), ((9, 3), ((1, 1),)), ((3, 3), ((1, 1), (1, 12))), ((14, 10), ()), ((10, 4), ((1, 1),)), ((18, 5), ()), ((5, 7), ((1, 1), (1, 12))), ((7, 7), ((1, 12),))]","[((1, 8), ((1, 12),)), ((1, 4), ((1, 12),)), ((3, 3), ((1, 1), (1, 12))), ((1, 3), ((1, 1), (1, 12))), ((9, 3), ((1, 1),)), ((7, 7), ((1, 12),)), ((14, 10), ()), ((10, 4), ((1, 1),)), ((18, 5), ()), ((5, 7), ((1, 1), (1, 12))), ((8, 4), ((1, 12),))]",237,37,47,84
238,"((1, 8), ((1, 12),))","((1, 7), ((1, 12),))",North,"[((1, 7), ((1, 12),)), ((2, 8), ((1, 12),))]","[((1, 8), ((1, 12),)), ((1, 4), ((1, 12),)), ((3, 3), ((1, 1), (1, 12))), ((1, 3), ((1, 1), (1, 12))), ((9, 3), ((1, 1),)), ((7, 7), ((1, 12),)), ((14, 10), ()), ((10, 4), ((1, 1),)), ((18, 5), ()), ((5, 7), ((1, 1), (1, 12))), ((8, 4), ((1, 12),))]","[((1, 4), ((1, 12),)), ((1, 3), ((1, 1), (1, 12))), ((3, 3), ((1, 1), (1, 12))), ((18, 5), ()), ((9, 3), ((1, 1),)), ((7, 7), ((1, 12),)), ((14, 10), ()), ((10, 4), ((1, 1),)), ((8, 4), ((1, 12),)), ((5, 7), ((1, 1), (1, 12))), ((2, 8), ((1, 12),))]",238,39,45,84
239,"((1, 4), ((1, 12),))","((1, 3), ((1, 12),))",North,"[((1, 3), ((1, 12),))]","[((1, 4), ((1, 12),)), ((1, 3), ((1, 1), (1, 12))), ((3, 3), ((1, 1), (1, 12))), ((18, 5), ()), ((9, 3), ((1, 1),)), ((7, 7), ((1, 12),)), ((14, 10), ()), ((10, 4), ((1, 1),)), ((8, 4), ((1, 12),)), ((5, 7), ((1, 1), (1, 12))), ((2, 8), ((1, 12),))]","[((1, 3), ((1, 1), (1, 12))), ((18, 5), ()), ((3, 3), ((1, 1), (1, 12))), ((10, 4), ((1, 1),)), ((9, 3), ((1, 1),)), ((7, 7), ((1, 12),)), ((14, 10), ()), ((2, 8), ((1, 12),)), ((8, 4), ((1, 12),)), ((5, 7), ((1, 1), (1, 12)))]",239,43,41,84
240,"((1, 3), ((1, 1), (1, 12)))","((1, 2), ((1, 1), (1, 12)))",North,"[((1, 4), ((1, 1), (1, 12))), ((1, 2), ((1, 1), (1, 12)))]","[((1, 3), ((1, 1), (1, 12))), ((18, 5), ()), ((3, 3), ((1, 1), (1, 12))), ((10, 4), ((1, 1),)), ((9, 3), ((1, 1),)), ((7, 7), ((1, 12),)), ((14, 10), ()), ((2, 8), ((1, 12),)), ((8, 4), ((1, 12),)), ((5, 7), ((1, 1), (1, 12)))]","[((3, 3), ((1, 1), (1, 12))), ((18, 5), ()), ((5, 7), ((1, 1), (1, 12))), ((10, 4), ((1, 1),)), ((9, 3), ((1, 1),)), ((7, 7), ((1, 12),)), ((14, 10), ()), ((2, 8), ((1, 12),)), ((8, 4), ((1, 12),)), ((1, 4), ((1, 1), (1, 12)))]",240,44,40,84
241,"((3, 3), ((1, 1), (1, 12)))","((3, 2), ((1, 1), (1, 12)))",North,"[((3, 4), ((1, 1), (1, 12))), ((3, 2), ((1, 1), (1, 12)))]","[((3, 3), ((1, 1), (1, 12))), ((18, 5), ()), ((5, 7), ((1, 1), (1, 12))), ((10, 4), ((1, 1),)), ((9, 3), ((1, 1),)), ((7, 7), ((1, 12),)), ((14, 10), ()), ((2, 8), ((1, 12),)), ((8, 4), ((1, 12),)), ((1, 4), ((1, 1), (1, 12)))]","[((18, 5), ()), ((9, 3), ((1, 1),)), ((5, 7), ((1, 1), (1, 12))), ((10, 4), ((1, 1),)), ((1, 4), ((1, 1), (1, 12))), ((7, 7), ((1, 12),)), ((14, 10), ()), ((2, 8), ((1, 12),)), ((8, 4), ((1, 12),)), ((3, 4), ((1, 1), (1, 12)))]",241,46,38,84
242,"((18, 5), ())","((18, 4), ())",North,"[((18, 6), ()), ((18, 4), ())]","[((18, 5), ()), ((9, 3), ((1, 1),)), ((5, 7), ((1, 1), (1, 12))), ((10, 4), ((1, 1),)), ((1, 4), ((1, 1), (1, 12))), ((7, 7), ((1, 12),)), ((14, 10), ()), ((2, 8), ((1, 12),)), ((8, 4), ((1, 12),)), ((3, 4), ((1, 1), (1, 12)))]","[((9, 3), ((1, 1),)), ((10, 4), ((1, 1),)), ((5, 7), ((1, 1), (1, 12))), ((8, 4), ((1, 12),)), ((1, 4), ((1, 1), (1, 12))), ((7, 7), ((1, 12),)), ((14, 10), ()), ((2, 8), ((1, 12),)), ((3, 4), ((1, 1), (1, 12))), ((18, 6), ())]",242,21,63,84
243,"((9, 3), ((1, 1),))","((9, 4), ((1, 1),))",South,"[((9, 4), ((1, 1),)), ((9, 2), ((1, 1),))]","[((9, 3), ((1, 1),)), ((10, 4), ((1, 1),)), ((5, 7), ((1, 1), (1, 12))), ((8, 4), ((1, 12),)), ((1, 4), ((1, 1), (1, 12))), ((7, 7), ((1, 12),)), ((14, 10), ()), ((2, 8), ((1, 12),)), ((3, 4), ((1, 1), (1, 12))), ((18, 6), ())]","[((10, 4), ((1, 1),)), ((8, 4), ((1, 12),)), ((5, 7), ((1, 1), (1, 12))), ((2, 8), ((1, 12),)), ((1, 4), ((1, 1), (1, 12))), ((7, 7), ((1, 12),)), ((14, 10), ()), ((18, 6), ()), ((3, 4), ((1, 1), (1, 12))), ((9, 2), ((1, 1),))]",243,30,55,85
244,"((10, 4), ((1, 1),))","((9, 4), ((1, 1),))",East,"[((11, 4), ((1, 1),)), ((9, 4), ((1, 1),))]","[((10, 4), ((1, 1),)), ((8, 4), ((1, 12),)), ((5, 7), ((1, 1), (1, 12))), ((2, 8), ((1, 12),)), ((1, 4), ((1, 1), (1, 12))), ((7, 7), ((1, 12),)), ((14, 10), ()), ((18, 6), ()), ((3, 4), ((1, 1), (1, 12))), ((9, 2), ((1, 1),))]","[((5, 7), ((1, 1), (1, 12))), ((8, 4), ((1, 12),)), ((14, 10), ()), ((2, 8), ((1, 12),)), ((1, 4), ((1, 1), (1, 12))), ((7, 7), ((1, 12),)), ((9, 2), ((1, 1),)), ((18, 6), ()), ((3, 4), ((1, 1), (1, 12))), ((11, 4), ((1, 1),))]",244,30,55,85
245,"((5, 7), ((1, 1), (1, 12)))","((5, 8), ((1, 1), (1, 12)))",South,"[((5, 8), ((1, 1), (1, 12))), ((5, 6), ((1, 1), (1, 12)))]","[((5, 7), ((1, 1), (1, 12))), ((8, 4), ((1, 12),)), ((14, 10), ()), ((2, 8), ((1, 12),)), ((1, 4), ((1, 1), (1, 12))), ((7, 7), ((1, 12),)), ((9, 2), ((1, 1),)), ((18, 6), ()), ((3, 4), ((1, 1), (1, 12))), ((11, 4), ((1, 1),))]","[((14, 10), ()), ((8, 4), ((1, 12),)), ((7, 7), ((1, 12),)), ((2, 8), ((1, 12),)), ((1, 4), ((1, 1), (1, 12))), ((11, 4), ((1, 1),)), ((9, 2), ((1, 1),)), ((18, 6), ()), ((3, 4), ((1, 1), (1, 12))), ((5, 6), ((1, 1), (1, 12)))]",245,46,39,85
246,"((14, 10), ())","((13, 10), ())",East,"[((15, 10), ()), ((13, 10), ())]","[((14, 10), ()), ((8, 4), ((1, 12),)), ((7, 7), ((1, 12),)), ((2, 8), ((1, 12),)), ((1, 4), ((1, 1), (1, 12))), ((11, 4), ((1, 1),)), ((9, 2), ((1, 1),)), ((18, 6), ()), ((3, 4), ((1, 1), (1, 12))), ((5, 6), ((1, 1), (1, 12)))]","[((7, 7), ((1, 12),)), ((8, 4), ((1, 12),)), ((5, 6), ((1, 1), (1, 12))), ((2, 8), ((1, 12),)), ((1, 4), ((1, 1), (1, 12))), ((11, 4), ((1, 1),)), ((9, 2), ((1, 1),)), ((18, 6), ()), ((3, 4), ((1, 1), (1, 12))), ((15, 10), ())]",246,22,64,86
247,"((7, 7), ((1, 12),))","((7, 6), ((1, 12),))",North,"[((7, 8), ((1, 12),)), ((7, 6), ((1, 12),))]","[((7, 7), ((1, 12),)), ((8, 4), ((1, 12),)), ((5, 6), ((1, 1), (1, 12))), ((2, 8), ((1, 12),)), ((1, 4), ((1, 1), (1, 12))), ((11, 4), ((1, 1),)), ((9, 2), ((1, 1),)), ((18, 6), ()), ((3, 4), ((1, 1), (1, 12))), ((15, 10), ())]","[((8, 4), ((1, 12),)), ((2, 8), ((1, 12),)), ((5, 6), ((1, 1), (1, 12))), ((3, 4), ((1, 1), (1, 12))), ((1, 4), ((1, 1), (1, 12))), ((11, 4), ((1, 1),)), ((9, 2), ((1, 1),)), ((18, 6), ()), ((15, 10), ()), ((7, 8), ((1, 12),))]",247,36,50,86
248,"((8, 4), ((1, 12),))","((7, 4), ((1, 12),))",East,"[((9, 4), ((1, 12),)), ((7, 4), ((1, 12),))]","[((8, 4), ((1, 12),)), ((2, 8), ((1, 12),)), ((5, 6), ((1, 1), (1, 12))), ((3, 4), ((1, 1), (1, 12))), ((1, 4), ((1, 1), (1, 12))), ((11, 4), ((1, 1),)), ((9, 2), ((1, 1),)), ((18, 6), ()), ((15, 10), ()), ((7, 8), ((1, 12),))]","[((2, 8), ((1, 12),)), ((1, 4), ((1, 1), (1, 12))), ((5, 6), ((1, 1), (1, 12))), ((3, 4), ((1, 1), (1, 12))), ((7, 8), ((1, 12),)), ((11, 4), ((1, 1),)), ((9, 2), ((1, 1),)), ((18, 6), ()), ((15, 10), ()), ((9, 4), ((1, 12),))]",248,38,48,86
249,"((2, 8), ((1, 12),))","((1, 8), ((1, 12),))",East,"[((3, 8), ((1, 12),)), ((1, 8), ((1, 12),))]","[((2, 8), ((1, 12),)), ((1, 4), ((1, 1), (1, 12))), ((5, 6), ((1, 1), (1, 12))), ((3, 4), ((1, 1), (1, 12))), ((7, 8), ((1, 12),)), ((11, 4), ((1, 1),)), ((9, 2), ((1, 1),)), ((18, 6), ()), ((15, 10), ()), ((9, 4), ((1, 12),))]","[((1, 4), ((1, 1), (1, 12))), ((3, 4), ((1, 1), (1, 12))), ((5, 6), ((1, 1), (1, 12))), ((18, 6), ()), ((7, 8), ((1, 12),)), ((11, 4), ((1, 1),)), ((9, 2), ((1, 1),)), ((9, 4), ((1, 12),)), ((15, 10), ()), ((3, 8), ((1, 12),))]",249,40,46,86
250,"((1, 4), ((1, 1), (1, 12)))","((1, 3), ((1, 1), (1, 12)))",North,"[((1, 3), ((1, 1), (1, 12)))]","[((1, 4), ((1, 1), (1, 12))), ((3, 4), ((1, 1), (1, 12))), ((5, 6), ((1, 1), (1, 12))), ((18, 6), ()), ((7, 8), ((1, 12),)), ((11, 4), ((1, 1),)), ((9, 2), ((1, 1),)), ((9, 4), ((1, 12),)), ((15, 10), ()), ((3, 8), ((1, 12),))]","[((3, 4), ((1, 1), (1, 12))), ((18, 6), ()), ((5, 6), ((1, 1), (1, 12))), ((15, 10), ()), ((7, 8), ((1, 12),)), ((11, 4), ((1, 1),)), ((9, 2), ((1, 1),)), ((9, 4), ((1, 12),)), ((3, 8), ((1, 12),))]",250,45,41,86
251,"((3, 4), ((1, 1), (1, 12)))","((3, 3), ((1, 1), (1, 12)))",North,"[((3, 5), ((1, 1), (1, 12))), ((3, 3), ((1, 1), (1, 12))), ((4, 4), ((1, 1), (1, 12)))]","[((3, 4), ((1, 1), (1, 12))), ((18, 6), ()), ((5, 6), ((1, 1), (1, 12))), ((15, 10), ()), ((7, 8), ((1, 12),)), ((11, 4), ((1, 1),)), ((9, 2), ((1, 1),)), ((9, 4), ((1, 12),)), ((3, 8), ((1, 12),))]","[((18, 6), ()), ((4, 4), ((1, 1), (1, 12))), ((5, 6), ((1, 1), (1, 12))), ((9, 4), ((1, 12),)), ((15, 10), ()), ((11, 4), ((1, 1),)), ((9, 2), ((1, 1),)), ((3, 8), ((1, 12),)), ((3, 5), ((1, 1), (1, 12))), ((7, 8), ((1, 12),))]",251,47,39,86
252,"((18, 6), ())","((18, 5), ())",North,"[((18, 5), ()), ((19, 6), ()), ((17, 6), ())]","[((18, 6), ()), ((4, 4), ((1, 1), (1, 12))), ((5, 6), ((1, 1), (1, 12))), ((9, 4), ((1, 12),)), ((15, 10), ()), ((11, 4), ((1, 1),)), ((9, 2), ((1, 1),)), ((3, 8), ((1, 12),)), ((3, 5), ((1, 1), (1, 12))), ((7, 8), ((1, 12),))]","[((5, 6), ((1, 1), (1, 12))), ((4, 4), ((1, 1), (1, 12))), ((9, 2), ((1, 1),)), ((9, 4), ((1, 12),)), ((19, 6), ()), ((11, 4), ((1, 1),)), ((7, 8), ((1, 12),)), ((3, 8), ((1, 12),)), ((3, 5), ((1, 1), (1, 12))), ((15, 10), ()), ((17, 6), ())]",252,22,64,86
253,"((5, 6), ((1, 1), (1, 12)))","((5, 7), ((1, 1), (1, 12)))",South,"[((5, 7), ((1, 1), (1, 12))), ((5, 5), ((1, 1), (1, 12))), ((6, 6), ((1, 1), (1, 12))), ((4, 6), ((1, 1), (1, 12)))]","[((5, 6), ((1, 1), (1, 12))), ((4, 4), ((1, 1), (1, 12))), ((9, 2), ((1, 1),)), ((9, 4), ((1, 12),)), ((19, 6), ()), ((11, 4), ((1, 1),)), ((7, 8), ((1, 12),)), ((3, 8), ((1, 12),)), ((3, 5), ((1, 1), (1, 12))), ((15, 10), ()), ((17, 6), ())]","[((4, 4), ((1, 1), (1, 12))), ((19, 6), ()), ((6, 6), ((1, 1), (1, 12))), ((9, 4), ((1, 12),)), ((5, 5), ((1, 1), (1, 12))), ((9, 2), ((1, 1),)), ((7, 8), ((1, 12),)), ((3, 8), ((1, 12),)), ((3, 5), ((1, 1), (1, 12))), ((17, 6), ()), ((15, 10), ()), ((11, 4), ((1, 1),)), ((4, 6), ((1, 1), (1, 12)))]",253,47,39,86
254,"((4, 4), ((1, 1), (1, 12)))","((3, 4), ((1, 1), (1, 12)))",East,"[((5, 4), ((1, 1), (1, 12))), ((3, 4), ((1, 1), (1, 12)))]","[((4, 4), ((1, 1), (1, 12))), ((19, 6), ()), ((6, 6), ((1, 1), (1, 12))), ((9, 4), ((1, 12),)), ((5, 5), ((1, 1), (1, 12))), ((9, 2), ((1, 1),)), ((7, 8), ((1, 12),)), ((3, 8), ((1, 12),)), ((3, 5), ((1, 1), (1, 12))), ((17, 6), ()), ((15, 10), ()), ((11, 4), ((1, 1),)), ((4, 6), ((1, 1), (1, 12)))]","[((19, 6), ()), ((5, 5), ((1, 1), (1, 12))), ((6, 6), ((1, 1), (1, 12))), ((9, 4), ((1, 12),)), ((15, 10), ()), ((5, 4), ((1, 1), (1, 12))), ((7, 8), ((1, 12),)), ((3, 8), ((1, 12),)), ((3, 5), ((1, 1), (1, 12))), ((17, 6), ()), ((4, 6), ((1, 1), (1, 12))), ((11, 4), ((1, 1),)), ((9, 2), ((1, 1),))]",254,48,38,86
255,"((19, 6), ())","((18, 6), ())",East,"[((20, 6), ()), ((18, 6), ())]","[((19, 6), ()), ((5, 5), ((1, 1), (1, 12))), ((6, 6), ((1, 1), (1, 12))), ((9, 4), ((1, 12),)), ((15, 10), ()), ((5, 4), ((1, 1), (1, 12))), ((7, 8), ((1, 12),)), ((3, 8), ((1, 12),)), ((3, 5), ((1, 1), (1, 12))), ((17, 6), ()), ((4, 6), ((1, 1), (1, 12))), ((11, 4), ((1, 1),)), ((9, 2), ((1, 1),))]","[((5, 5), ((1, 1), (1, 12))), ((9, 2), ((1, 1),)), ((6, 6), ((1, 1), (1, 12))), ((9, 4), ((1, 12),)), ((15, 10), ()), ((5, 4), ((1, 1), (1, 12))), ((7, 8), ((1, 12),)), ((3, 8), ((1, 12),)), ((3, 5), ((1, 1), (1, 12))), ((17, 6), ()), ((4, 6), ((1, 1), (1, 12))), ((11, 4), ((1, 1),)), ((20, 6), ())]",255,23,63,86
256,"((5, 5), ((1, 1), (1, 12)))","((5, 6), ((1, 1), (1, 12)))",South,"[((5, 6), ((1, 1), (1, 12))), ((5, 4), ((1, 1), (1, 12)))]","[((5, 5), ((1, 1), (1, 12))), ((9, 2), ((1, 1),)), ((6, 6), ((1, 1), (1, 12))), ((9, 4), ((1, 12),)), ((15, 10), ()), ((5, 4), ((1, 1), (1, 12))), ((7, 8), ((1, 12),)), ((3, 8), ((1, 12),)), ((3, 5), ((1, 1), (1, 12))), ((17, 6), ()), ((4, 6), ((1, 1), (1, 12))), ((11, 4), ((1, 1),)), ((20, 6), ())]","[((6, 6), ((1, 1), (1, 12))), ((9, 2), ((1, 1),)), ((5, 4), ((1, 1), (1, 12))), ((9, 4), ((1, 12),)), ((15, 10), ()), ((20, 6), ()), ((7, 8), ((1, 12),)), ((3, 8), ((1, 12),)), ((3, 5), ((1, 1), (1, 12))), ((17, 6), ()), ((4, 6), ((1, 1), (1, 12))), ((11, 4), ((1, 1),))]",256,48,38,86
257,"((6, 6), ((1, 1), (1, 12)))","((5, 6), ((1, 1), (1, 12)))",East,"[((7, 6), ((1, 1), (1, 12))), ((5, 6), ((1, 1), (1, 12)))]","[((6, 6), ((1, 1), (1, 12))), ((9, 2), ((1, 1),)), ((5, 4), ((1, 1), (1, 12))), ((9, 4), ((1, 12),)), ((15, 10), ()), ((20, 6), ()), ((7, 8), ((1, 12),)), ((3, 8), ((1, 12),)), ((3, 5), ((1, 1), (1, 12))), ((17, 6), ()), ((4, 6), ((1, 1), (1, 12))), ((11, 4), ((1, 1),))]","[((5, 4), ((1, 1), (1, 12))), ((9, 2), ((1, 1),)), ((20, 6), ()), ((9, 4), ((1, 12),)), ((15, 10), ()), ((7, 6), ((1, 1), (1, 12))), ((7, 8), ((1, 12),)), ((3, 8), ((1, 12),)), ((3, 5), ((1, 1), (1, 12))), ((17, 6), ()), ((4, 6), ((1, 1), (1, 12))), ((11, 4), ((1, 1),))]",257,48,38,86
258,"((5, 4), ((1, 1), (1, 12)))","((4, 4), ((1, 1), (1, 12)))",East,"[((5, 5), ((1, 1), (1, 12))), ((6, 4), ((1, 1), (1, 12))), ((4, 4), ((1, 1), (1, 12)))]","[((5, 4), ((1, 1), (1, 12))), ((9, 2), ((1, 1),)), ((20, 6), ()), ((9, 4), ((1, 12),)), ((15, 10), ()), ((7, 6), ((1, 1), (1, 12))), ((7, 8), ((1, 12),)), ((3, 8), ((1, 12),)), ((3, 5), ((1, 1), (1, 12))), ((17, 6), ()), ((4, 6), ((1, 1), (1, 12))), ((11, 4), ((1, 1),))]","[((20, 6), ()), ((9, 2), ((1, 1),)), ((7, 6), ((1, 1), (1, 12))), ((9, 4), ((1, 12),)), ((15, 10), ()), ((6, 4), ((1, 1), (1, 12))), ((7, 8), ((1, 12),)), ((3, 8), ((1, 12),)), ((3, 5), ((1, 1), (1, 12))), ((17, 6), ()), ((4, 6), ((1, 1), (1, 12))), ((11, 4), ((1, 1),))]",258,49,37,86
259,"((20, 6), ())","((19, 6), ())",East,"[((20, 7), ()), ((19, 6), ())]","[((20, 6), ()), ((9, 2), ((1, 1),)), ((7, 6), ((1, 1), (1, 12))), ((9, 4), ((1, 12),)), ((15, 10), ()), ((6, 4), ((1, 1), (1, 12))), ((7, 8), ((1, 12),)), ((3, 8), ((1, 12),)), ((3, 5), ((1, 1), (1, 12))), ((17, 6), ()), ((4, 6), ((1, 1), (1, 12))), ((11, 4), ((1, 1),))]","[((7, 6), ((1, 1), (1, 12))), ((9, 2), ((1, 1),)), ((6, 4), ((1, 1), (1, 12))), ((9, 4), ((1, 12),)), ((15, 10), ()), ((11, 4), ((1, 1),)), ((7, 8), ((1, 12),)), ((3, 8), ((1, 12),)), ((3, 5), ((1, 1), (1, 12))), ((17, 6), ()), ((4, 6), ((1, 1), (1, 12))), ((20, 7), ())]",259,24,62,86
260,"((7, 6), ((1, 1), (1, 12)))","((6, 6), ((1, 1), (1, 12)))",East,"[((7, 7), ((1, 1), (1, 12))), ((6, 6), ((1, 1), (1, 12)))]","[((7, 6), ((1, 1), (1, 12))), ((9, 2), ((1, 1),)), ((6, 4), ((1, 1), (1, 12))), ((9, 4), ((1, 12),)), ((15, 10), ()), ((11, 4), ((1, 1),)), ((7, 8), ((1, 12),)), ((3, 8), ((1, 12),)), ((3, 5), ((1, 1), (1, 12))), ((17, 6), ()), ((4, 6), ((1, 1), (1, 12))), ((20, 7), ())]","[((6, 4), ((1, 1), (1, 12))), ((9, 2), ((1, 1),)), ((11, 4), ((1, 1),)), ((9, 4), ((1, 12),)), ((15, 10), ()), ((20, 7), ()), ((7, 8), ((1, 12),)), ((3, 8), ((1, 12),)), ((3, 5), ((1, 1), (1, 12))), ((17, 6), ()), ((4, 6), ((1, 1), (1, 12))), ((7, 7), ((1, 1), (1, 12)))]",260,49,37,86
261,"((6, 4), ((1, 1), (1, 12)))","((5, 4), ((1, 1), (1, 12)))",East,"[((7, 4), ((1, 1), (1, 12))), ((5, 4), ((1, 1), (1, 12)))]","[((6, 4), ((1, 1), (1, 12))), ((9, 2), ((1, 1),)), ((11, 4), ((1, 1),)), ((9, 4), ((1, 12),)), ((15, 10), ()), ((20, 7), ()), ((7, 8), ((1, 12),)), ((3, 8), ((1, 12),)), ((3, 5), ((1, 1), (1, 12))), ((17, 6), ()), ((4, 6), ((1, 1), (1, 12))), ((7, 7), ((1, 1), (1, 12)))]","[((7, 4), ((1, 1), (1, 12))), ((15, 10), ()), ((9, 2), ((1, 1),)), ((9, 4), ((1, 12),)), ((7, 7), ((1, 1), (1, 12))), ((11, 4), ((1, 1),)), ((7, 8), ((1, 12),)), ((3, 8), ((1, 12),)), ((3, 5), ((1, 1), (1, 12))), ((17, 6), ()), ((4, 6), ((1, 1), (1, 12))), ((20, 7), ())]",261,50,36,86
262,"((7, 4), ((1, 1), (1, 12)))","((6, 4), ((1, 1), (1, 12)))",East,"[((8, 4), ((1, 1), (1, 12))), ((6, 4), ((1, 1), (1, 12)))]","[((7, 4), ((1, 1), (1, 12))), ((15, 10), ()), ((9, 2), ((1, 1),)), ((9, 4), ((1, 12),)), ((7, 7), ((1, 1), (1, 12))), ((11, 4), ((1, 1),)), ((7, 8), ((1, 12),)), ((3, 8), ((1, 12),)), ((3, 5), ((1, 1), (1, 12))), ((17, 6), ()), ((4, 6), ((1, 1), (1, 12))), ((20, 7), ())]","[((8, 4), ((1, 1), (1, 12))), ((15, 10), ()), ((9, 2), ((1, 1),)), ((9, 4), ((1, 12),)), ((7, 7), ((1, 1), (1, 12))), ((11, 4), ((1, 1),)), ((7, 8), ((1, 12),)), ((3, 8), ((1, 12),)), ((3, 5), ((1, 1), (1, 12))), ((17, 6), ()), ((4, 6), ((1, 1), (1, 12))), ((20, 7), ())]",262,51,35,86
263,"((8, 4), ((1, 1), (1, 12)))","((7, 4), ((1, 1), (1, 12)))",East,"[((9, 4), ((1, 1), (1, 12))), ((7, 4), ((1, 1), (1, 12)))]","[((8, 4), ((1, 1), (1, 12))), ((15, 10), ()), ((9, 2), ((1, 1),)), ((9, 4), ((1, 12),)), ((7, 7), ((1, 1), (1, 12))), ((11, 4), ((1, 1),)), ((7, 8), ((1, 12),)), ((3, 8), ((1, 12),)), ((3, 5), ((1, 1), (1, 12))), ((17, 6), ()), ((4, 6), ((1, 1), (1, 12))), ((20, 7), ())]","[((9, 4), ((1, 1), (1, 12))), ((15, 10), ()), ((9, 2), ((1, 1),)), ((9, 4), ((1, 12),)), ((7, 7), ((1, 1), (1, 12))), ((11, 4), ((1, 1),)), ((7, 8), ((1, 12),)), ((3, 8), ((1, 12),)), ((3, 5), ((1, 1), (1, 12))), ((17, 6), ()), ((4, 6), ((1, 1), (1, 12))), ((20, 7), ())]",263,52,34,86
264,"((9, 4), ((1, 1), (1, 12)))","((8, 4), ((1, 1), (1, 12)))",East,"[((9, 3), ((1, 1), (1, 12))), ((10, 4), ((1, 1), (1, 12))), ((8, 4), ((1, 1), (1, 12)))]","[((9, 4), ((1, 1), (1, 12))), ((15, 10), ()), ((9, 2), ((1, 1),)), ((9, 4), ((1, 12),)), ((7, 7), ((1, 1), (1, 12))), ((11, 4), ((1, 1),)), ((7, 8), ((1, 12),)), ((3, 8), ((1, 12),)), ((3, 5), ((1, 1), (1, 12))), ((17, 6), ()), ((4, 6), ((1, 1), (1, 12))), ((20, 7), ())]","[((9, 3), ((1, 1), (1, 12))), ((15, 10), ()), ((10, 4), ((1, 1), (1, 12))), ((9, 4), ((1, 12),)), ((7, 7), ((1, 1), (1, 12))), ((9, 2), ((1, 1),)), ((7, 8), ((1, 12),)), ((3, 8), ((1, 12),)), ((3, 5), ((1, 1), (1, 12))), ((17, 6), ()), ((4, 6), ((1, 1), (1, 12))), ((20, 7), ()), ((11, 4), ((1, 1),))]",264,53,33,86
265,"((9, 3), ((1, 1), (1, 12)))","((9, 4), ((1, 1), (1, 12)))",South,"[((9, 4), ((1, 1), (1, 12))), ((9, 2), ((1, 1), (1, 12)))]","[((9, 3), ((1, 1), (1, 12))), ((15, 10), ()), ((10, 4), ((1, 1), (1, 12))), ((9, 4), ((1, 12),)), ((7, 7), ((1, 1), (1, 12))), ((9, 2), ((1, 1),)), ((7, 8), ((1, 12),)), ((3, 8), ((1, 12),)), ((3, 5), ((1, 1), (1, 12))), ((17, 6), ()), ((4, 6), ((1, 1), (1, 12))), ((20, 7), ()), ((11, 4), ((1, 1),))]","[((10, 4), ((1, 1), (1, 12))), ((15, 10), ()), ((9, 2), ((1, 1), (1, 12))), ((9, 4), ((1, 12),)), ((7, 7), ((1, 1), (1, 12))), ((9, 2), ((1, 1),)), ((7, 8), ((1, 12),)), ((3, 8), ((1, 12),)), ((3, 5), ((1, 1), (1, 12))), ((17, 6), ()), ((4, 6), ((1, 1), (1, 12))), ((20, 7), ()), ((11, 4), ((1, 1),))]",265,54,32,86
266,"((10, 4), ((1, 1), (1, 12)))","((9, 4), ((1, 1), (1, 12)))",East,"[((11, 4), ((1, 1), (1, 12))), ((9, 4), ((1, 1), (1, 12)))]","[((10, 4), ((1, 1), (1, 12))), ((15, 10), ()), ((9, 2), ((1, 1), (1, 12))), ((9, 4), ((1, 12),)), ((7, 7), ((1, 1), (1, 12))), ((9, 2), ((1, 1),)), ((7, 8), ((1, 12),)), ((3, 8), ((1, 12),)), ((3, 5), ((1, 1), (1, 12))), ((17, 6), ()), ((4, 6), ((1, 1), (1, 12))), ((20, 7), ()), ((11, 4), ((1, 1),))]","[((9, 2), ((1, 1), (1, 12))), ((15, 10), ()), ((11, 4), ((1, 1), (1, 12))), ((9, 4), ((1, 12),)), ((7, 7), ((1, 1), (1, 12))), ((9, 2), ((1, 1),)), ((7, 8), ((1, 12),)), ((3, 8), ((1, 12),)), ((3, 5), ((1, 1), (1, 12))), ((17, 6), ()), ((4, 6), ((1, 1), (1, 12))), ((20, 7), ()), ((11, 4), ((1, 1),))]",266,54,32,86
267,"((9, 2), ((1, 1), (1, 12)))","((9, 3), ((1, 1), (1, 12)))",South,"[((9, 3), ((1, 1), (1, 12))), ((8, 2), ((1, 1), (1, 12)))]","[((9, 2), ((1, 1), (1, 12))), ((15, 10), ()), ((11, 4), ((1, 1), (1, 12))), ((9, 4), ((1, 12),)), ((7, 7), ((1, 1), (1, 12))), ((9, 2), ((1, 1),)), ((7, 8), ((1, 12),)), ((3, 8), ((1, 12),)), ((3, 5), ((1, 1), (1, 12))), ((17, 6), ()), ((4, 6), ((1, 1), (1, 12))), ((20, 7), ()), ((11, 4), ((1, 1),))]","[((11, 4), ((1, 1), (1, 12))), ((15, 10), ()), ((9, 2), ((1, 1),)), ((9, 4), ((1, 12),)), ((7, 7), ((1, 1), (1, 12))), ((11, 4), ((1, 1),)), ((7, 8), ((1, 12),)), ((3, 8), ((1, 12),)), ((3, 5), ((1, 1), (1, 12))), ((17, 6), ()), ((4, 6), ((1, 1), (1, 12))), ((20, 7), ()), ((8, 2), ((1, 1), (1, 12)))]",267,55,31,86
268,"((11, 4), ((1, 1), (1, 12)))","((10, 4), ((1, 1), (1, 12)))",East,"[((11, 3), ((1, 1), (1, 12))), ((12, 4), ((1, 1), (1, 12))), ((10, 4), ((1, 1), (1, 12)))]","[((11, 4), ((1, 1), (1, 12))), ((15, 10), ()), ((9, 2), ((1, 1),)), ((9, 4), ((1, 12),)), ((7, 7), ((1, 1), (1, 12))), ((11, 4), ((1, 1),)), ((7, 8), ((1, 12),)), ((3, 8), ((1, 12),)), ((3, 5), ((1, 1), (1, 12))), ((17, 6), ()), ((4, 6), ((1, 1), (1, 12))), ((20, 7), ()), ((8, 2), ((1, 1), (1, 12)))]","[((11, 3), ((1, 1), (1, 12))), ((15, 10), ()), ((12, 4), ((1, 1), (1, 12))), ((9, 4), ((1, 12),)), ((7, 7), ((1, 1), (1, 12))), ((11, 4), ((1, 1),)), ((9, 2), ((1, 1),)), ((3, 8), ((1, 12),)), ((3, 5), ((1, 1), (1, 12))), ((17, 6), ()), ((4, 6), ((1, 1), (1, 12))), ((8, 2), ((1, 1), (1, 12))), ((20, 7), ()), ((7, 8), ((1, 12),))]",268,55,31,86
269,"((11, 3), ((1, 1), (1, 12)))","((11, 4), ((1, 1), (1, 12)))",South,"[((11, 4), ((1, 1), (1, 12))), ((11, 2), ((1, 1), (1, 12)))]","[((11, 3), ((1, 1), (1, 12))), ((15, 10), ()), ((12, 4), ((1, 1), (1, 12))), ((9, 4), ((1, 12),)), ((7, 7), ((1, 1), (1, 12))), ((11, 4), ((1, 1),)), ((9, 2), ((1, 1),)), ((3, 8), ((1, 12),)), ((3, 5), ((1, 1), (1, 12))), ((17, 6), ()), ((4, 6), ((1, 1), (1, 12))), ((8, 2), ((1, 1), (1, 12))), ((20, 7), ()), ((7, 8), ((1, 12),))]","[((12, 4), ((1, 1), (1, 12))), ((15, 10), ()), ((11, 2), ((1, 1), (1, 12))), ((9, 4), ((1, 12),)), ((7, 7), ((1, 1), (1, 12))), ((11, 4), ((1, 1),)), ((9, 2), ((1, 1),)), ((3, 8), ((1, 12),)), ((3, 5), ((1, 1), (1, 12))), ((17, 6), ()), ((4, 6), ((1, 1), (1, 12))), ((8, 2), ((1, 1), (1, 12))), ((20, 7), ()), ((7, 8), ((1, 12),))]",269,56,30,86
270,"((12, 4), ((1, 1), (1, 12)))","((11, 4), ((1, 1), (1, 12)))",East,"[((13, 4), ((1, 1), (1, 12))), ((11, 4), ((1, 1), (1, 12)))]","[((12, 4), ((1, 1), (1, 12))), ((15, 10), ()), ((11, 2), ((1, 1), (1, 12))), ((9, 4), ((1, 12),)), ((7, 7), ((1, 1), (1, 12))), ((11, 4), ((1, 1),)), ((9, 2), ((1, 1),)), ((3, 8), ((1, 12),)), ((3, 5), ((1, 1), (1, 12))), ((17, 6), ()), ((4, 6), ((1, 1), (1, 12))), ((8, 2), ((1, 1), (1, 12))), ((20, 7), ()), ((7, 8), ((1, 12),))]","[((11, 2), ((1, 1), (1, 12))), ((15, 10), ()), ((13, 4), ((1, 1), (1, 12))), ((9, 4), ((1, 12),)), ((7, 7), ((1, 1), (1, 12))), ((11, 4), ((1, 1),)), ((9, 2), ((1, 1),)), ((3, 8), ((1, 12),)), ((3, 5), ((1, 1), (1, 12))), ((17, 6), ()), ((4, 6), ((1, 1), (1, 12))), ((8, 2), ((1, 1), (1, 12))), ((20, 7), ()), ((7, 8), ((1, 12),))]",270,56,30,86
271,"((11, 2), ((1, 1), (1, 12)))","((11, 3), ((1, 1), (1, 12)))",South,"[((11, 3), ((1, 1), (1, 12))), ((11, 1), ((1, 1), (1, 12))), ((12, 2), ((1, 1), (1, 12)))]","[((11, 2), ((1, 1), (1, 12))), ((15, 10), ()), ((13, 4), ((1, 1), (1, 12))), ((9, 4), ((1, 12),)), ((7, 7), ((1, 1), (1, 12))), ((11, 4), ((1, 1),)), ((9, 2), ((1, 1),)), ((3, 8), ((1, 12),)), ((3, 5), ((1, 1), (1, 12))), ((17, 6), ()), ((4, 6), ((1, 1), (1, 12))), ((8, 2), ((1, 1), (1, 12))), ((20, 7), ()), ((7, 8), ((1, 12),))]","[((13, 4), ((1, 1), (1, 12))), ((15, 10), ()), ((11, 1), ((1, 1), (1, 12))), ((9, 4), ((1, 12),)), ((7, 7), ((1, 1), (1, 12))), ((11, 4), ((1, 1),)), ((12, 2), ((1, 1), (1, 12))), ((3, 8), ((1, 12),)), ((3, 5), ((1, 1), (1, 12))), ((17, 6), ()), ((4, 6), ((1, 1), (1, 12))), ((8, 2), ((1, 1), (1, 12))), ((20, 7), ()), ((7, 8), ((1, 12),)), ((9, 2), ((1, 1),))]",271,57,29,86
272,"((13, 4), ((1, 1), (1, 12)))","((12, 4), ((1, 1), (1, 12)))",East,"[((13, 5), ((1, 1), (1, 12))), ((12, 4), ((1, 1), (1, 12)))]","[((13, 4), ((1, 1), (1, 12))), ((15, 10), ()), ((11, 1), ((1, 1), (1, 12))), ((9, 4), ((1, 12),)), ((7, 7), ((1, 1), (1, 12))), ((11, 4), ((1, 1),)), ((12, 2), ((1, 1), (1, 12))), ((3, 8), ((1, 12),)), ((3, 5), ((1, 1), (1, 12))), ((17, 6), ()), ((4, 6), ((1, 1), (1, 12))), ((8, 2), ((1, 1), (1, 12))), ((20, 7), ()), ((7, 8), ((1, 12),)), ((9, 2), ((1, 1),))]","[((11, 1), ((1, 1), (1, 12))), ((15, 10), ()), ((12, 2), ((1, 1), (1, 12))), ((9, 4), ((1, 12),)), ((7, 7), ((1, 1), (1, 12))), ((11, 4), ((1, 1),)), ((9, 2), ((1, 1),)), ((3, 8), ((1, 12),)), ((3, 5), ((1, 1), (1, 12))), ((17, 6), ()), ((4, 6), ((1, 1), (1, 12))), ((8, 2), ((1, 1), (1, 12))), ((20, 7), ()), ((7, 8), ((1, 12),)), ((13, 5), ((1, 1), (1, 12)))]",272,57,29,86
273,"((11, 1), ((1, 1), (1, 12)))","((11, 2), ((1, 1), (1, 12)))",South,"[((11, 2), ((1, 1), (1, 12))), ((12, 1), ((1, 1), (1, 12)))]","[((11, 1), ((1, 1), (1, 12))), ((15, 10), ()), ((12, 2), ((1, 1), (1, 12))), ((9, 4), ((1, 12),)), ((7, 7), ((1, 1), (1, 12))), ((11, 4), ((1, 1),)), ((9, 2), ((1, 1),)), ((3, 8), ((1, 12),)), ((3, 5), ((1, 1), (1, 12))), ((17, 6), ()), ((4, 6), ((1, 1), (1, 12))), ((8, 2), ((1, 1), (1, 12))), ((20, 7), ()), ((7, 8), ((1, 12),)), ((13, 5), ((1, 1), (1, 12)))]","[((12, 2), ((1, 1), (1, 12))), ((15, 10), ()), ((12, 1), ((1, 1), (1, 12))), ((9, 4), ((1, 12),)), ((7, 7), ((1, 1), (1, 12))), ((11, 4), ((1, 1),)), ((9, 2), ((1, 1),)), ((3, 8), ((1, 12),)), ((3, 5), ((1, 1), (1, 12))), ((17, 6), ()), ((4, 6), ((1, 1), (1, 12))), ((8, 2), ((1, 1), (1, 12))), ((20, 7), ()), ((13, 5), ((1, 1), (1, 12))), ((7, 8), ((1, 12),))]",273,58,28,86
274,"((12, 2), ((1, 1), (1, 12)))","((11, 2), ((1, 1), (1, 12)))",East,"[((12, 1), ((1, 1), (1, 12))), ((13, 2), ((1, 1), (1, 12))), ((11, 2), ((1, 1), (1, 12)))]","[((12, 2), ((1, 1), (1, 12))), ((15, 10), ()), ((12, 1), ((1, 1), (1, 12))), ((9, 4), ((1, 12),)), ((7, 7), ((1, 1), (1, 12))), ((11, 4), ((1, 1),)), ((9, 2), ((1, 1),)), ((3, 8), ((1, 12),)), ((3, 5), ((1, 1), (1, 12))), ((17, 6), ()), ((4, 6), ((1, 1), (1, 12))), ((8, 2), ((1, 1), (1, 12))), ((20, 7), ()), ((13, 5), ((1, 1), (1, 12))), ((7, 8), ((1, 12),))]","[((12, 1), ((1, 1), (1, 12))), ((15, 10), ()), ((13, 2), ((1, 1), (1, 12))), ((9, 4), ((1, 12),)), ((7, 7), ((1, 1), (1, 12))), ((11, 4), ((1, 1),)), ((9, 2), ((1, 1),)), ((3, 8), ((1, 12),)), ((3, 5), ((1, 1), (1, 12))), ((17, 6), ()), ((4, 6), ((1, 1), (1, 12))), ((8, 2), ((1, 1), (1, 12))), ((20, 7), ()), ((13, 5), ((1, 1), (1, 12))), ((7, 8), ((1, 12),))]",274,58,28,86
275,"((12, 1), ((1, 1), (1, 12)))","((11, 1), ((1, 1), (1, 12)))",East,"[((12, 2), ((1, 1), (1, 12))), ((13, 1), ((1, 1), (1, 12))), ((11, 1), ((1, 1), (1, 12)))]","[((12, 1), ((1, 1), (1, 12))), ((15, 10), ()), ((13, 2), ((1, 1), (1, 12))), ((9, 4), ((1, 12),)), ((7, 7), ((1, 1), (1, 12))), ((11, 4), ((1, 1),)), ((9, 2), ((1, 1),)), ((3, 8), ((1, 12),)), ((3, 5), ((1, 1), (1, 12))), ((17, 6), ()), ((4, 6), ((1, 1), (1, 12))), ((8, 2), ((1, 1), (1, 12))), ((20, 7), ()), ((13, 5), ((1, 1), (1, 12))), ((7, 8), ((1, 12),))]","[((13, 2), ((1, 1), (1, 12))), ((15, 10), ()), ((13, 1), ((1, 1), (1, 12))), ((9, 4), ((1, 12),)), ((7, 7), ((1, 1), (1, 12))), ((11, 4), ((1, 1),)), ((9, 2), ((1, 1),)), ((3, 8), ((1, 12),)), ((3, 5), ((1, 1), (1, 12))), ((17, 6), ()), ((4, 6), ((1, 1), (1, 12))), ((8, 2), ((1, 1), (1, 12))), ((20, 7), ()), ((13, 5), ((1, 1), (1, 12))), ((7, 8), ((1, 12),))]",275,59,27,86
276,"((13, 2), ((1, 1), (1, 12)))","((12, 2), ((1, 1), (1, 12)))",East,"[((13, 1), ((1, 1), (1, 12))), ((14, 2), ((1, 1), (1, 12))), ((12, 2), ((1, 1), (1, 12)))]","[((13, 2), ((1, 1), (1, 12))), ((15, 10), ()), ((13, 1), ((1, 1), (1, 12))), ((9, 4), ((1, 12),)), ((7, 7), ((1, 1), (1, 12))), ((11, 4), ((1, 1),)), ((9, 2), ((1, 1),)), ((3, 8), ((1, 12),)), ((3, 5), ((1, 1), (1, 12))), ((17, 6), ()), ((4, 6), ((1, 1), (1, 12))), ((8, 2), ((1, 1), (1, 12))), ((20, 7), ()), ((13, 5), ((1, 1), (1, 12))), ((7, 8), ((1, 12),))]","[((13, 1), ((1, 1), (1, 12))), ((15, 10), ()), ((14, 2), ((1, 1), (1, 12))), ((9, 4), ((1, 12),)), ((7, 7), ((1, 1), (1, 12))), ((11, 4), ((1, 1),)), ((9, 2), ((1, 1),)), ((3, 8), ((1, 12),)), ((3, 5), ((1, 1), (1, 12))), ((17, 6), ()), ((4, 6), ((1, 1), (1, 12))), ((8, 2), ((1, 1), (1, 12))), ((20, 7), ()), ((13, 5), ((1, 1), (1, 12))), ((7, 8), ((1, 12),))]",276,59,27,86
277,"((13, 1), ((1, 1), (1, 12)))","((12, 1), ((1, 1), (1, 12)))",East,"[((13, 2), ((1, 1), (1, 12))), ((14, 1), ((1, 1), (1, 12))), ((12, 1), ((1, 1), (1, 12)))]","[((13, 1), ((1, 1), (1, 12))), ((15, 10), ()), ((14, 2), ((1, 1), (1, 12))), ((9, 4), ((1, 12),)), ((7, 7), ((1, 1), (1, 12))), ((11, 4), ((1, 1),)), ((9, 2), ((1, 1),)), ((3, 8), ((1, 12),)), ((3, 5), ((1, 1), (1, 12))), ((17, 6), ()), ((4, 6), ((1, 1), (1, 12))), ((8, 2), ((1, 1), (1, 12))), ((20, 7), ()), ((13, 5), ((1, 1), (1, 12))), ((7, 8), ((1, 12),))]","[((14, 2), ((1, 1), (1, 12))), ((15, 10), ()), ((14, 1), ((1, 1), (1, 12))), ((9, 4), ((1, 12),)), ((7, 7), ((1, 1), (1, 12))), ((11, 4), ((1, 1),)), ((9, 2), ((1, 1),)), ((3, 8), ((1, 12),)), ((3, 5), ((1, 1), (1, 12))), ((17, 6), ()), ((4, 6), ((1, 1), (1, 12))), ((8, 2), ((1, 1), (1, 12))), ((20, 7), ()), ((13, 5), ((1, 1), (1, 12))), ((7, 8), ((1, 12),))]",277,60,26,86
278,"((14, 2), ((1, 1), (1, 12)))","((13, 2), ((1, 1), (1, 12)))",East,"[((14, 1), ((1, 1), (1, 12))), ((15, 2), ((1, 1), (1, 12))), ((13, 2), ((1, 1), (1, 12)))]","[((14, 2), ((1, 1), (1, 12))), ((15, 10), ()), ((14, 1), ((1, 1), (1, 12))), ((9, 4), ((1, 12),)), ((7, 7), ((1, 1), (1, 12))), ((11, 4), ((1, 1),)), ((9, 2), ((1, 1),)), ((3, 8), ((1, 12),)), ((3, 5), ((1, 1), (1, 12))), ((17, 6), ()), ((4, 6), ((1, 1), (1, 12))), ((8, 2), ((1, 1), (1, 12))), ((20, 7), ()), ((13, 5), ((1, 1), (1, 12))), ((7, 8), ((1, 12),))]","[((14, 1), ((1, 1), (1, 12))), ((15, 10), ()), ((15, 2), ((1, 1), (1, 12))), ((9, 4), ((1, 12),)), ((7, 7), ((1, 1), (1, 12))), ((11, 4), ((1, 1),)), ((9, 2), ((1, 1),)), ((3, 8), ((1, 12),)), ((3, 5), ((1, 1), (1, 12))), ((17, 6), ()), ((4, 6), ((1, 1), (1, 12))), ((8, 2), ((1, 1), (1, 12))), ((20, 7), ()), ((13, 5), ((1, 1), (1, 12))), ((7, 8), ((1, 12),))]",278,60,26,86
279,"((14, 1), ((1, 1), (1, 12)))","((13, 1), ((1, 1), (1, 12)))",East,"[((14, 2), ((1, 1), (1, 12))), ((15, 1), ((1, 1), (1, 12))), ((13, 1), ((1, 1), (1, 12)))]","[((14, 1), ((1, 1), (1, 12))), ((15, 10), ()), ((15, 2), ((1, 1), (1, 12))), ((9, 4), ((1, 12),)), ((7, 7), ((1, 1), (1, 12))), ((11, 4), ((1, 1),)), ((9, 2), ((1, 1),)), ((3, 8), ((1, 12),)), ((3, 5), ((1, 1), (1, 12))), ((17, 6), ()), ((4, 6), ((1, 1), (1, 12))), ((8, 2), ((1, 1), (1, 12))), ((20, 7), ()), ((13, 5), ((1, 1), (1, 12))), ((7, 8), ((1, 12),))]","[((15, 2), ((1, 1), (1, 12))), ((15, 10), ()), ((15, 1), ((1, 1), (1, 12))), ((9, 4), ((1, 12),)), ((7, 7), ((1, 1), (1, 12))), ((11, 4), ((1, 1),)), ((9, 2), ((1, 1),)), ((3, 8), ((1, 12),)), ((3, 5), ((1, 1), (1, 12))), ((17, 6), ()), ((4, 6), ((1, 1), (1, 12))), ((8, 2), ((1, 1), (1, 12))), ((20, 7), ()), ((13, 5), ((1, 1), (1, 12))), ((7, 8), ((1, 12),))]",279,61,25,86
280,"((15, 2), ((1, 1), (1, 12)))","((14, 2), ((1, 1), (1, 12)))",East,"[((15, 1), ((1, 1), (1, 12))), ((16, 2), ((1, 1), (1, 12))), ((14, 2), ((1, 1), (1, 12)))]","[((15, 2), ((1, 1), (1, 12))), ((15, 10), ()), ((15, 1), ((1, 1), (1, 12))), ((9, 4), ((1, 12),)), ((7, 7), ((1, 1), (1, 12))), ((11, 4), ((1, 1),)), ((9, 2), ((1, 1),)), ((3, 8), ((1, 12),)), ((3, 5), ((1, 1), (1, 12))), ((17, 6), ()), ((4, 6), ((1, 1), (1, 12))), ((8, 2), ((1, 1), (1, 12))), ((20, 7), ()), ((13, 5), ((1, 1), (1, 12))), ((7, 8), ((1, 12),))]","[((15, 1), ((1, 1), (1, 12))), ((15, 10), ()), ((16, 2), ((1, 1), (1, 12))), ((9, 4), ((1, 12),)), ((7, 7), ((1, 1), (1, 12))), ((11, 4), ((1, 1),)), ((9, 2), ((1, 1),)), ((3, 8), ((1, 12),)), ((3, 5), ((1, 1), (1, 12))), ((17, 6), ()), ((4, 6), ((1, 1), (1, 12))), ((8, 2), ((1, 1), (1, 12))), ((20, 7), ()), ((13, 5), ((1, 1), (1, 12))), ((7, 8), ((1, 12),))]",280,61,25,86
281,"((15, 1), ((1, 1), (1, 12)))","((14, 1), ((1, 1), (1, 12)))",East,"[((15, 2), ((1, 1), (1, 12))), ((16, 1), ((1, 1), (1, 12))), ((14, 1), ((1, 1), (1, 12)))]","[((15, 1), ((1, 1), (1, 12))), ((15, 10), ()), ((16, 2), ((1, 1), (1, 12))), ((9, 4), ((1, 12),)), ((7, 7), ((1, 1), (1, 12))), ((11, 4), ((1, 1),)), ((9, 2), ((1, 1),)), ((3, 8), ((1, 12),)), ((3, 5), ((1, 1), (1, 12))), ((17, 6), ()), ((4, 6), ((1, 1), (1, 12))), ((8, 2), ((1, 1), (1, 12))), ((20, 7), ()), ((13, 5), ((1, 1), (1, 12))), ((7, 8), ((1, 12),))]","[((16, 2), ((1, 1), (1, 12))), ((15, 10), ()), ((16, 1), ((1, 1), (1, 12))), ((9, 4), ((1, 12),)), ((7, 7), ((1, 1), (1, 12))), ((11, 4), ((1, 1),)), ((9, 2), ((1, 1),)), ((3, 8), ((1, 12),)), ((3, 5), ((1, 1), (1, 12))), ((17, 6), ()), ((4, 6), ((1, 1), (1, 12))), ((8, 2), ((1, 1), (1, 12))), ((20, 7), ()), ((13, 5), ((1, 1), (1, 12))), ((7, 8), ((1, 12),))]",281,62,24,86
282,"((16, 2), ((1, 1), (1, 12)))","((15, 2), ((1, 1), (1, 12)))",East,"[((16, 3), ((1, 1), (1, 12))), ((16, 1), ((1, 1), (1, 12))), ((15, 2), ((1, 1), (1, 12)))]","[((16, 2), ((1, 1), (1, 12))), ((15, 10), ()), ((16, 1), ((1, 1), (1, 12))), ((9, 4), ((1, 12),)), ((7, 7), ((1, 1), (1, 12))), ((11, 4), ((1, 1),)), ((9, 2), ((1, 1),)), ((3, 8), ((1, 12),)), ((3, 5), ((1, 1), (1, 12))), ((17, 6), ()), ((4, 6), ((1, 1), (1, 12))), ((8, 2), ((1, 1), (1, 12))), ((20, 7), ()), ((13, 5), ((1, 1), (1, 12))), ((7, 8), ((1, 12),))]","[((16, 1), ((1, 1), (1, 12))), ((15, 10), ()), ((9, 2), ((1, 1),)), ((9, 4), ((1, 12),)), ((7, 7), ((1, 1), (1, 12))), ((11, 4), ((1, 1),)), ((7, 8), ((1, 12),)), ((3, 8), ((1, 12),)), ((3, 5), ((1, 1), (1, 12))), ((17, 6), ()), ((4, 6), ((1, 1), (1, 12))), ((8, 2), ((1, 1), (1, 12))), ((20, 7), ()), ((13, 5), ((1, 1), (1, 12))), ((16, 3), ((1, 1), (1, 12)))]",282,62,24,86
283,"((16, 1), ((1, 1), (1, 12)))","((15, 1), ((1, 1), (1, 12)))",East,"[((16, 2), ((1, 1), (1, 12))), ((15, 1), ((1, 1), (1, 12)))]","[((16, 1), ((1, 1), (1, 12))), ((15, 10), ()), ((9, 2), ((1, 1),)), ((9, 4), ((1, 12),)), ((7, 7), ((1, 1), (1, 12))), ((11, 4), ((1, 1),)), ((7, 8), ((1, 12),)), ((3, 8), ((1, 12),)), ((3, 5), ((1, 1), (1, 12))), ((17, 6), ()), ((4, 6), ((1, 1), (1, 12))), ((8, 2), ((1, 1), (1, 12))), ((20, 7), ()), ((13, 5), ((1, 1), (1, 12))), ((16, 3), ((1, 1), (1, 12)))]","[((9, 2), ((1, 1),)), ((15, 10), ()), ((11, 4), ((1, 1),)), ((9, 4), ((1, 12),)), ((7, 7), ((1, 1), (1, 12))), ((20, 7), ()), ((7, 8), ((1, 12),)), ((3, 8), ((1, 12),)), ((3, 5), ((1, 1), (1, 12))), ((17, 6), ()), ((4, 6), ((1, 1), (1, 12))), ((8, 2), ((1, 1), (1, 12))), ((16, 3), ((1, 1), (1, 12))), ((13, 5), ((1, 1), (1, 12)))]",283,63,23,86
284,"((9, 2), ((1, 1),))","((9, 3), ((1, 1),))",South,"[((9, 3), ((1, 1),)), ((8, 2), ((1, 1),))]","[((9, 2), ((1, 1),)), ((15, 10), ()), ((11, 4), ((1, 1),)), ((9, 4), ((1, 12),)), ((7, 7), ((1, 1), (1, 12))), ((20, 7), ()), ((7, 8), ((1, 12),)), ((3, 8), ((1, 12),)), ((3, 5), ((1, 1), (1, 12))), ((17, 6), ()), ((4, 6), ((1, 1), (1, 12))), ((8, 2), ((1, 1), (1, 12))), ((16, 3), ((1, 1), (1, 12))), ((13, 5), ((1, 1), (1, 12)))]","[((11, 4), ((1, 1),)), ((15, 10), ()), ((20, 7), ()), ((9, 4), ((1, 12),)), ((7, 7), ((1, 1), (1, 12))), ((8, 2), ((1, 1), (1, 12))), ((8, 2), ((1, 1),)), ((3, 8), ((1, 12),)), ((3, 5), ((1, 1), (1, 12))), ((17, 6), ()), ((4, 6), ((1, 1), (1, 12))), ((13, 5), ((1, 1), (1, 12))), ((16, 3), ((1, 1), (1, 12))), ((7, 8), ((1, 12),))]",284,31,56,87
285,"((11, 4), ((1, 1),))","((10, 4), ((1, 1),))",East,"[((11, 3), ((1, 1),)), ((12, 4), ((1, 1),)), ((10, 4), ((1, 1),))]","[((11, 4), ((1, 1),)), ((15, 10), ()), ((20, 7), ()), ((9, 4), ((1, 12),)), ((7, 7), ((1, 1), (1, 12))), ((8, 2), ((1, 1), (1, 12))), ((8, 2), ((1, 1),)), ((3, 8), ((1, 12),)), ((3, 5), ((1, 1), (1, 12))), ((17, 6), ()), ((4, 6), ((1, 1), (1, 12))), ((13, 5), ((1, 1), (1, 12))), ((16, 3), ((1, 1), (1, 12))), ((7, 8), ((1, 12),))]","[((15, 10), ()), ((7, 7), ((1, 1), (1, 12))), ((20, 7), ()), ((9, 4), ((1, 12),)), ((7, 8), ((1, 12),)), ((8, 2), ((1, 1), (1, 12))), ((8, 2), ((1, 1),)), ((3, 8), ((1, 12),)), ((3, 5), ((1, 1), (1, 12))), ((17, 6), ()), ((4, 6), ((1, 1), (1, 12))), ((13, 5), ((1, 1), (1, 12))), ((16, 3), ((1, 1), (1, 12))), ((11, 3), ((1, 1),)), ((12, 4), ((1, 1),))]",285,31,56,87
286,"((15, 10), ())","((14, 10), ())",East,"[((15, 9), ()), ((16, 10), ()), ((14, 10), ())]","[((15, 10), ()), ((7, 7), ((1, 1), (1, 12))), ((20, 7), ()), ((9, 4), ((1, 12),)), ((7, 8), ((1, 12),)), ((8, 2), ((1, 1), (1, 12))), ((8, 2), ((1, 1),)), ((3, 8), ((1, 12),)), ((3, 5), ((1, 1), (1, 12))), ((17, 6), ()), ((4, 6), ((1, 1), (1, 12))), ((13, 5), ((1, 1), (1, 12))), ((16, 3), ((1, 1), (1, 12))), ((11, 3), ((1, 1),)), ((12, 4), ((1, 1),))]","[((20, 7), ()), ((7, 7), ((1, 1), (1, 12))), ((8, 2), ((1, 1),)), ((16, 10), ()), ((7, 8), ((1, 12),)), ((8, 2), ((1, 1), (1, 12))), ((11, 3), ((1, 1),)), ((9, 4), ((1, 12),)), ((3, 5), ((1, 1), (1, 12))), ((17, 6), ()), ((4, 6), ((1, 1), (1, 12))), ((13, 5), ((1, 1), (1, 12))), ((16, 3), ((1, 1), (1, 12))), ((12, 4), ((1, 1),)), ((15, 9), ()), ((3, 8), ((1, 12),))]",286,23,64,87
287,"((20, 7), ())","((20, 6), ())",North,"[((20, 8), ()), ((20, 6), ())]","[((20, 7), ()), ((7, 7), ((1, 1), (1, 12))), ((8, 2), ((1, 1),)), ((16, 10), ()), ((7, 8), ((1, 12),)), ((8, 2), ((1, 1), (1, 12))), ((11, 3), ((1, 1),)), ((9, 4), ((1, 12),)), ((3, 5), ((1, 1), (1, 12))), ((17, 6), ()), ((4, 6), ((1, 1), (1, 12))), ((13, 5), ((1, 1), (1, 12))), ((16, 3), ((1, 1), (1, 12))), ((12, 4), ((1, 1),)), ((15, 9), ()), ((3, 8), ((1, 12),))]","[((7, 7), ((1, 1), (1, 12))), ((16, 10), ()), ((8, 2), ((1, 1),)), ((20, 8), ()), ((7, 8), ((1, 12),)), ((8, 2), ((1, 1), (1, 12))), ((11, 3), ((1, 1),)), ((9, 4), ((1, 12),)), ((3, 5), ((1, 1), (1, 12))), ((17, 6), ()), ((4, 6), ((1, 1), (1, 12))), ((13, 5), ((1, 1), (1, 12))), ((16, 3), ((1, 1), (1, 12))), ((12, 4), ((1, 1),)), ((15, 9), ()), ((3, 8), ((1, 12),))]",287,25,62,87
288,"((7, 7), ((1, 1), (1, 12)))","((7, 6), ((1, 1), (1, 12)))",North,"[((7, 8), ((1, 1), (1, 12))), ((7, 6), ((1, 1), (1, 12)))]","[((7, 7), ((1, 1), (1, 12))), ((16, 10), ()), ((8, 2), ((1, 1),)), ((20, 8), ()), ((7, 8), ((1, 12),)), ((8, 2), ((1, 1), (1, 12))), ((11, 3), ((1, 1),)), ((9, 4), ((1, 12),)), ((3, 5), ((1, 1), (1, 12))), ((17, 6), ()), ((4, 6), ((1, 1), (1, 12))), ((13, 5), ((1, 1), (1, 12))), ((16, 3), ((1, 1), (1, 12))), ((12, 4), ((1, 1),)), ((15, 9), ()), ((3, 8), ((1, 12),))]","[((8, 2), ((1, 1),)), ((16, 10), ()), ((3, 8), ((1, 12),)), ((20, 8), ()), ((7, 8), ((1, 12),)), ((8, 2), ((1, 1), (1, 12))), ((11, 3), ((1, 1),)), ((7, 8), ((1, 1), (1, 12))), ((3, 5), ((1, 1), (1, 12))), ((17, 6), ()), ((4, 6), ((1, 1), (1, 12))), ((13, 5), ((1, 1), (1, 12))), ((16, 3), ((1, 1), (1, 12))), ((12, 4), ((1, 1),)), ((15, 9), ()), ((9, 4), ((1, 12),))]",288,50,37,87
289,"((8, 2), ((1, 1),))","((9, 2), ((1, 1),))",West,"[((9, 2), ((1, 1),)), ((7, 2), ((1, 1),))]","[((8, 2), ((1, 1),)), ((16, 10), ()), ((3, 8), ((1, 12),)), ((20, 8), ()), ((7, 8), ((1, 12),)), ((8, 2), ((1, 1), (1, 12))), ((11, 3), ((1, 1),)), ((7, 8), ((1, 1), (1, 12))), ((3, 5), ((1, 1), (1, 12))), ((17, 6), ()), ((4, 6), ((1, 1), (1, 12))), ((13, 5), ((1, 1), (1, 12))), ((16, 3), ((1, 1), (1, 12))), ((12, 4), ((1, 1),)), ((15, 9), ()), ((9, 4), ((1, 12),))]","[((16, 10), ()), ((20, 8), ()), ((3, 8), ((1, 12),)), ((7, 8), ((1, 1), (1, 12))), ((7, 8), ((1, 12),)), ((8, 2), ((1, 1), (1, 12))), ((11, 3), ((1, 1),)), ((7, 2), ((1, 1),)), ((3, 5), ((1, 1), (1, 12))), ((17, 6), ()), ((4, 6), ((1, 1), (1, 12))), ((13, 5), ((1, 1), (1, 12))), ((16, 3), ((1, 1), (1, 12))), ((12, 4), ((1, 1),)), ((15, 9), ()), ((9, 4), ((1, 12),))]",289,32,55,87
290,"((16, 10), ())","((15, 10), ())",East,"[((15, 10), ())]","[((16, 10), ()), ((20, 8), ()), ((3, 8), ((1, 12),)), ((7, 8), ((1, 1), (1, 12))), ((7, 8), ((1, 12),)), ((8, 2), ((1, 1), (1, 12))), ((11, 3), ((1, 1),)), ((7, 2), ((1, 1),)), ((3, 5), ((1, 1), (1, 12))), ((17, 6), ()), ((4, 6), ((1, 1), (1, 12))), ((13, 5), ((1, 1), (1, 12))), ((16, 3), ((1, 1), (1, 12))), ((12, 4), ((1, 1),)), ((15, 9), ()), ((9, 4), ((1, 12),))]","[((20, 8), ()), ((7, 8), ((1, 1), (1, 12))), ((3, 8), ((1, 12),)), ((7, 2), ((1, 1),)), ((7, 8), ((1, 12),)), ((8, 2), ((1, 1), (1, 12))), ((11, 3), ((1, 1),)), ((9, 4), ((1, 12),)), ((3, 5), ((1, 1), (1, 12))), ((17, 6), ()), ((4, 6), ((1, 1), (1, 12))), ((13, 5), ((1, 1), (1, 12))), ((16, 3), ((1, 1), (1, 12))), ((12, 4), ((1, 1),)), ((15, 9), ())]",290,24,63,87
291,"((20, 8), ())","((20, 7), ())",North,"[((20, 7), ()), ((21, 8), ())]","[((20, 8), ()), ((7, 8), ((1, 1), (1, 12))), ((3, 8), ((1, 12),)), ((7, 2), ((1, 1),)), ((7, 8), ((1, 12),)), ((8, 2), ((1, 1), (1, 12))), ((11, 3), ((1, 1),)), ((9, 4), ((1, 12),)), ((3, 5), ((1, 1), (1, 12))), ((17, 6), ()), ((4, 6), ((1, 1), (1, 12))), ((13, 5), ((1, 1), (1, 12))), ((16, 3), ((1, 1), (1, 12))), ((12, 4), ((1, 1),)), ((15, 9), ())]","[((7, 8), ((1, 1), (1, 12))), ((7, 2), ((1, 1),)), ((21, 8), ()), ((9, 4), ((1, 12),)), ((7, 8), ((1, 12),)), ((8, 2), ((1, 1), (1, 12))), ((3, 8), ((1, 12),)), ((15, 9), ()), ((3, 5), ((1, 1), (1, 12))), ((17, 6), ()), ((4, 6), ((1, 1), (1, 12))), ((13, 5), ((1, 1), (1, 12))), ((16, 3), ((1, 1), (1, 12))), ((12, 4), ((1, 1),)), ((11, 3), ((1, 1),))]",291,26,61,87
292,"((7, 8), ((1, 1), (1, 12)))","((7, 7), ((1, 1), (1, 12)))",North,"[((7, 7), ((1, 1), (1, 12)))]","[((7, 8), ((1, 1), (1, 12))), ((7, 2), ((1, 1),)), ((21, 8), ()), ((9, 4), ((1, 12),)), ((7, 8), ((1, 12),)), ((8, 2), ((1, 1), (1, 12))), ((3, 8), ((1, 12),)), ((15, 9), ()), ((3, 5), ((1, 1), (1, 12))), ((17, 6), ()), ((4, 6), ((1, 1), (1, 12))), ((13, 5), ((1, 1), (1, 12))), ((16, 3), ((1, 1), (1, 12))), ((12, 4), ((1, 1),)), ((11, 3), ((1, 1),))]","[((7, 2), ((1, 1),)), ((7, 8), ((1, 12),)), ((21, 8), ()), ((9, 4), ((1, 12),)), ((17, 6), ()), ((8, 2), ((1, 1), (1, 12))), ((3, 8), ((1, 12),)), ((15, 9), ()), ((3, 5), ((1, 1), (1, 12))), ((11, 3), ((1, 1),)), ((4, 6), ((1, 1), (1, 12))), ((13, 5), ((1, 1), (1, 12))), ((16, 3), ((1, 1), (1, 12))), ((12, 4), ((1, 1),))]",292,51,36,87
293,"((7, 2), ((1, 1),))","((8, 2), ((1, 1),))",West,"[((8, 2), ((1, 1),)), ((6, 2), ((1, 1),))]","[((7, 2), ((1, 1),)), ((7, 8), ((1, 12),)), ((21, 8), ()), ((9, 4), ((1, 12),)), ((17, 6), ()), ((8, 2), ((1, 1), (1, 12))), ((3, 8), ((1, 12),)), ((15, 9), ()), ((3, 5), ((1, 1), (1, 12))), ((11, 3), ((1, 1),)), ((4, 6), ((1, 1), (1, 12))), ((13, 5), ((1, 1), (1, 12))), ((16, 3), ((1, 1), (1, 12))), ((12, 4), ((1, 1),))]","[((21, 8), ()), ((7, 8), ((1, 12),)), ((6, 2), ((1, 1),)), ((9, 4), ((1, 12),)), ((17, 6), ()), ((8, 2), ((1, 1), (1, 12))), ((3, 8), ((1, 12),)), ((15, 9), ()), ((3, 5), ((1, 1), (1, 12))), ((11, 3), ((1, 1),)), ((4, 6), ((1, 1), (1, 12))), ((13, 5), ((1, 1), (1, 12))), ((16, 3), ((1, 1), (1, 12))), ((12, 4), ((1, 1),))]",293,33,54,87
294,"((21, 8), ())","((20, 8), ())",East,"[((22, 8), ()), ((20, 8), ())]","[((21, 8), ()), ((7, 8), ((1, 12),)), ((6, 2), ((1, 1),)), ((9, 4), ((1, 12),)), ((17, 6), ()), ((8, 2), ((1, 1), (1, 12))), ((3, 8), ((1, 12),)), ((15, 9), ()), ((3, 5), ((1, 1), (1, 12))), ((11, 3), ((1, 1),)), ((4, 6), ((1, 1), (1, 12))), ((13, 5), ((1, 1), (1, 12))), ((16, 3), ((1, 1), (1, 12))), ((12, 4), ((1, 1),))]","[((6, 2), ((1, 1),)), ((7, 8), ((1, 12),)), ((22, 8), ()), ((9, 4), ((1, 12),)), ((17, 6), ()), ((8, 2), ((1, 1), (1, 12))), ((3, 8), ((1, 12),)), ((15, 9), ()), ((3, 5), ((1, 1), (1, 12))), ((11, 3), ((1, 1),)), ((4, 6), ((1, 1), (1, 12))), ((13, 5), ((1, 1), (1, 12))), ((16, 3), ((1, 1), (1, 12))), ((12, 4), ((1, 1),))]",294,27,60,87
295,"((6, 2), ((1, 1),))","((7, 2), ((1, 1),))",West,"[((7, 2), ((1, 1),)), ((5, 2), ((1, 1),))]","[((6, 2), ((1, 1),)), ((7, 8), ((1, 12),)), ((22, 8), ()), ((9, 4), ((1, 12),)), ((17, 6), ()), ((8, 2), ((1, 1), (1, 12))), ((3, 8), ((1, 12),)), ((15, 9), ()), ((3, 5), ((1, 1), (1, 12))), ((11, 3), ((1, 1),)), ((4, 6), ((1, 1), (1, 12))), ((13, 5), ((1, 1), (1, 12))), ((16, 3), ((1, 1), (1, 12))), ((12, 4), ((1, 1),))]","[((22, 8), ()), ((7, 8), ((1, 12),)), ((5, 2), ((1, 1),)), ((9, 4), ((1, 12),)), ((17, 6), ()), ((8, 2), ((1, 1), (1, 12))), ((3, 8), ((1, 12),)), ((15, 9), ()), ((3, 5), ((1, 1), (1, 12))), ((11, 3), ((1, 1),)), ((4, 6), ((1, 1), (1, 12))), ((13, 5), ((1, 1), (1, 12))), ((16, 3), ((1, 1), (1, 12))), ((12, 4), ((1, 1),))]",295,34,53,87
296,"((22, 8), ())","((21, 8), ())",East,"[((23, 8), ()), ((21, 8), ())]","[((22, 8), ()), ((7, 8), ((1, 12),)), ((5, 2), ((1, 1),)), ((9, 4), ((1, 12),)), ((17, 6), ()), ((8, 2), ((1, 1), (1, 12))), ((3, 8), ((1, 12),)), ((15, 9), ()), ((3, 5), ((1, 1), (1, 12))), ((11, 3), ((1, 1),)), ((4, 6), ((1, 1), (1, 12))), ((13, 5), ((1, 1), (1, 12))), ((16, 3), ((1, 1), (1, 12))), ((12, 4), ((1, 1),))]","[((5, 2), ((1, 1),)), ((7, 8), ((1, 12),)), ((23, 8), ()), ((9, 4), ((1, 12),)), ((17, 6), ()), ((8, 2), ((1, 1), (1, 12))), ((3, 8), ((1, 12),)), ((15, 9), ()), ((3, 5), ((1, 1), (1, 12))), ((11, 3), ((1, 1),)), ((4, 6), ((1, 1), (1, 12))), ((13, 5), ((1, 1), (1, 12))), ((16, 3), ((1, 1), (1, 12))), ((12, 4), ((1, 1),))]",296,28,59,87
297,"((5, 2), ((1, 1),))","((6, 2), ((1, 1),))",West,"[((5, 1), ((1, 1),)), ((6, 2), ((1, 1),))]","[((5, 2), ((1, 1),)), ((7, 8), ((1, 12),)), ((23, 8), ()), ((9, 4), ((1, 12),)), ((17, 6), ()), ((8, 2), ((1, 1), (1, 12))), ((3, 8), ((1, 12),)), ((15, 9), ()), ((3, 5), ((1, 1), (1, 12))), ((11, 3), ((1, 1),)), ((4, 6), ((1, 1), (1, 12))), ((13, 5), ((1, 1), (1, 12))), ((16, 3), ((1, 1), (1, 12))), ((12, 4), ((1, 1),))]","[((23, 8), ()), ((7, 8), ((1, 12),)), ((3, 8), ((1, 12),)), ((9, 4), ((1, 12),)), ((17, 6), ()), ((8, 2), ((1, 1), (1, 12))), ((12, 4), ((1, 1),)), ((15, 9), ()), ((3, 5), ((1, 1), (1, 12))), ((11, 3), ((1, 1),)), ((4, 6), ((1, 1), (1, 12))), ((13, 5), ((1, 1), (1, 12))), ((16, 3), ((1, 1), (1, 12))), ((5, 1), ((1, 1),))]",297,35,52,87
298,"((23, 8), ())","((22, 8), ())",East,"[((24, 8), ()), ((22, 8), ())]","[((23, 8), ()), ((7, 8), ((1, 12),)), ((3, 8), ((1, 12),)), ((9, 4), ((1, 12),)), ((17, 6), ()), ((8, 2), ((1, 1), (1, 12))), ((12, 4), ((1, 1),)), ((15, 9), ()), ((3, 5), ((1, 1), (1, 12))), ((11, 3), ((1, 1),)), ((4, 6), ((1, 1), (1, 12))), ((13, 5), ((1, 1), (1, 12))), ((16, 3), ((1, 1), (1, 12))), ((5, 1), ((1, 1),))]","[((24, 8), ()), ((9, 4), ((1, 12),)), ((7, 8), ((1, 12),)), ((3, 5), ((1, 1), (1, 12))), ((17, 6), ()), ((8, 2), ((1, 1), (1, 12))), ((3, 8), ((1, 12),)), ((15, 9), ()), ((5, 1), ((1, 1),)), ((11, 3), ((1, 1),)), ((4, 6), ((1, 1), (1, 12))), ((13, 5), ((1, 1), (1, 12))), ((16, 3), ((1, 1), (1, 12))), ((12, 4), ((1, 1),))]",298,29,58,87
299,"((24, 8), ())","((23, 8), ())",East,"[((24, 9), ()), ((24, 7), ()), ((23, 8), ())]","[((24, 8), ()), ((9, 4), ((1, 12),)), ((7, 8), ((1, 12),)), ((3, 5), ((1, 1), (1, 12))), ((17, 6), ()), ((8, 2), ((1, 1), (1, 12))), ((3, 8), ((1, 12),)), ((15, 9), ()), ((5, 1), ((1, 1),)), ((11, 3), ((1, 1),)), ((4, 6), ((1, 1), (1, 12))), ((13, 5), ((1, 1), (1, 12))), ((16, 3), ((1, 1), (1, 12))), ((12, 4), ((1, 1),))]","[((24, 9), ()), ((9, 4), ((1, 12),)), ((7, 8), ((1, 12),)), ((3, 5), ((1, 1), (1, 12))), ((17, 6), ()), ((8, 2), ((1, 1), (1, 12))), ((3, 8), ((1, 12),)), ((15, 9), ()), ((5, 1), ((1, 1),)), ((11, 3), ((1, 1),)), ((4, 6), ((1, 1), (1, 12))), ((13, 5), ((1, 1), (1, 12))), ((16, 3), ((1, 1), (1, 12))), ((12, 4), ((1, 1),)), ((24, 7), ())]",299,30,57,87
300,"((24, 9), ())","((24, 8), ())",North,"[((24, 10), ()), ((24, 8), ())]","[((24, 9), ()), ((9, 4), ((1, 12),)), ((7, 8), ((1, 12),)), ((3, 5), ((1, 1), (1, 12))), ((17, 6), ()), ((8, 2), ((1, 1), (1, 12))), ((3, 8), ((1, 12),)), ((15, 9), ()), ((5, 1), ((1, 1),)), ((11, 3), ((1, 1),)), ((4, 6), ((1, 1), (1, 12))), ((13, 5), ((1, 1), (1, 12))), ((16, 3), ((1, 1), (1, 12))), ((12, 4), ((1, 1),)), ((24, 7), ())]","[((24, 10), ()), ((9, 4), ((1, 12),)), ((7, 8), ((1, 12),)), ((3, 5), ((1, 1), (1, 12))), ((17, 6), ()), ((8, 2), ((1, 1), (1, 12))), ((3, 8), ((1, 12),)), ((15, 9), ()), ((5, 1), ((1, 1),)), ((11, 3), ((1, 1),)), ((4, 6), ((1, 1), (1, 12))), ((13, 5), ((1, 1), (1, 12))), ((16, 3), ((1, 1), (1, 12))), ((24, 7), ()), ((12, 4), ((1, 1),))]",300,31,56,87
301,"((24, 10), ())","((24, 9), ())",North,"[((24, 9), ())]","[((24, 10), ()), ((9, 4), ((1, 12),)), ((7, 8), ((1, 12),)), ((3, 5), ((1, 1), (1, 12))), ((17, 6), ()), ((8, 2), ((1, 1), (1, 12))), ((3, 8), ((1, 12),)), ((15, 9), ()), ((5, 1), ((1, 1),)), ((11, 3), ((1, 1),)), ((4, 6), ((1, 1), (1, 12))), ((13, 5), ((1, 1), (1, 12))), ((16, 3), ((1, 1), (1, 12))), ((24, 7), ()), ((12, 4), ((1, 1),))]","[((7, 8), ((1, 12),)), ((9, 4), ((1, 12),)), ((3, 8), ((1, 12),)), ((3, 5), ((1, 1), (1, 12))), ((17, 6), ()), ((8, 2), ((1, 1), (1, 12))), ((12, 4), ((1, 1),)), ((15, 9), ()), ((5, 1), ((1, 1),)), ((11, 3), ((1, 1),)), ((4, 6), ((1, 1), (1, 12))), ((13, 5), ((1, 1), (1, 12))), ((16, 3), ((1, 1), (1, 12))), ((24, 7), ())]",301,32,55,87
302,"((7, 8), ((1, 12),))","((7, 7), ((1, 12),))",North,"[((7, 7), ((1, 12),))]","[((7, 8), ((1, 12),)), ((9, 4), ((1, 12),)), ((3, 8), ((1, 12),)), ((3, 5), ((1, 1), (1, 12))), ((17, 6), ()), ((8, 2), ((1, 1), (1, 12))), ((12, 4), ((1, 1),)), ((15, 9), ()), ((5, 1), ((1, 1),)), ((11, 3), ((1, 1),)), ((4, 6), ((1, 1), (1, 12))), ((13, 5), ((1, 1), (1, 12))), ((16, 3), ((1, 1), (1, 12))), ((24, 7), ())]","[((9, 4), ((1, 12),)), ((3, 5), ((1, 1), (1, 12))), ((3, 8), ((1, 12),)), ((15, 9), ()), ((17, 6), ()), ((8, 2), ((1, 1), (1, 12))), ((12, 4), ((1, 1),)), ((24, 7), ()), ((5, 1), ((1, 1),)), ((11, 3), ((1, 1),)), ((4, 6), ((1, 1), (1, 12))), ((13, 5), ((1, 1), (1, 12))), ((16, 3), ((1, 1), (1, 12)))]",302,37,51,88
303,"((9, 4), ((1, 12),))","((8, 4), ((1, 12),))",East,"[((9, 3), ((1, 12),)), ((10, 4), ((1, 12),)), ((8, 4), ((1, 12),))]","[((9, 4), ((1, 12),)), ((3, 5), ((1, 1), (1, 12))), ((3, 8), ((1, 12),)), ((15, 9), ()), ((17, 6), ()), ((8, 2), ((1, 1), (1, 12))), ((12, 4), ((1, 1),)), ((24, 7), ()), ((5, 1), ((1, 1),)), ((11, 3), ((1, 1),)), ((4, 6), ((1, 1), (1, 12))), ((13, 5), ((1, 1), (1, 12))), ((16, 3), ((1, 1), (1, 12)))]","[((3, 8), ((1, 12),)), ((3, 5), ((1, 1), (1, 12))), ((8, 2), ((1, 1), (1, 12))), ((15, 9), ()), ((17, 6), ()), ((13, 5), ((1, 1), (1, 12))), ((12, 4), ((1, 1),)), ((24, 7), ()), ((5, 1), ((1, 1),)), ((11, 3), ((1, 1),)), ((4, 6), ((1, 1), (1, 12))), ((16, 3), ((1, 1), (1, 12))), ((9, 3), ((1, 12),)), ((10, 4), ((1, 12),))]",303,39,49,88
304,"((3, 8), ((1, 12),))","((2, 8), ((1, 12),))",East,"[((2, 8), ((1, 12),))]","[((3, 8), ((1, 12),)), ((3, 5), ((1, 1), (1, 12))), ((8, 2), ((1, 1), (1, 12))), ((15, 9), ()), ((17, 6), ()), ((13, 5), ((1, 1), (1, 12))), ((12, 4), ((1, 1),)), ((24, 7), ()), ((5, 1), ((1, 1),)), ((11, 3), ((1, 1),)), ((4, 6), ((1, 1), (1, 12))), ((16, 3), ((1, 1), (1, 12))), ((9, 3), ((1, 12),)), ((10, 4), ((1, 12),))]","[((3, 5), ((1, 1), (1, 12))), ((17, 6), ()), ((8, 2), ((1, 1), (1, 12))), ((15, 9), ()), ((4, 6), ((1, 1), (1, 12))), ((13, 5), ((1, 1), (1, 12))), ((12, 4), ((1, 1),)), ((24, 7), ()), ((5, 1), ((1, 1),)), ((11, 3), ((1, 1),)), ((10, 4), ((1, 12),)), ((16, 3), ((1, 1), (1, 12))), ((9, 3), ((1, 12),))]",304,41,47,88
305,"((3, 5), ((1, 1), (1, 12)))","((3, 4), ((1, 1), (1, 12)))",North,"[((3, 6), ((1, 1), (1, 12))), ((3, 4), ((1, 1), (1, 12)))]","[((3, 5), ((1, 1), (1, 12))), ((17, 6), ()), ((8, 2), ((1, 1), (1, 12))), ((15, 9), ()), ((4, 6), ((1, 1), (1, 12))), ((13, 5), ((1, 1), (1, 12))), ((12, 4), ((1, 1),)), ((24, 7), ()), ((5, 1), ((1, 1),)), ((11, 3), ((1, 1),)), ((10, 4), ((1, 12),)), ((16, 3), ((1, 1), (1, 12))), ((9, 3), ((1, 12),))]","[((17, 6), ()), ((4, 6), ((1, 1), (1, 12))), ((8, 2), ((1, 1), (1, 12))), ((15, 9), ()), ((9, 3), ((1, 12),)), ((13, 5), ((1, 1), (1, 12))), ((12, 4), ((1, 1),)), ((24, 7), ()), ((5, 1), ((1, 1),)), ((11, 3), ((1, 1),)), ((10, 4), ((1, 12),)), ((16, 3), ((1, 1), (1, 12))), ((3, 6), ((1, 1), (1, 12)))]",305,48,40,88
306,"((17, 6), ())","((18, 6), ())",West,"[((18, 6), ()), ((16, 6), ())]","[((17, 6), ()), ((4, 6), ((1, 1), (1, 12))), ((8, 2), ((1, 1), (1, 12))), ((15, 9), ()), ((9, 3), ((1, 12),)), ((13, 5), ((1, 1), (1, 12))), ((12, 4), ((1, 1),)), ((24, 7), ()), ((5, 1), ((1, 1),)), ((11, 3), ((1, 1),)), ((10, 4), ((1, 12),)), ((16, 3), ((1, 1), (1, 12))), ((3, 6), ((1, 1), (1, 12)))]","[((4, 6), ((1, 1), (1, 12))), ((9, 3), ((1, 12),)), ((8, 2), ((1, 1), (1, 12))), ((15, 9), ()), ((11, 3), ((1, 1),)), ((13, 5), ((1, 1), (1, 12))), ((12, 4), ((1, 1),)), ((24, 7), ()), ((5, 1), ((1, 1),)), ((3, 6), ((1, 1), (1, 12))), ((10, 4), ((1, 12),)), ((16, 3), ((1, 1), (1, 12))), ((16, 6), ())]",306,23,65,88
307,"((4, 6), ((1, 1), (1, 12)))","((5, 6), ((1, 1), (1, 12)))",West,"[((5, 6), ((1, 1), (1, 12))), ((3, 6), ((1, 1), (1, 12)))]","[((4, 6), ((1, 1), (1, 12))), ((9, 3), ((1, 12),)), ((8, 2), ((1, 1), (1, 12))), ((15, 9), ()), ((11, 3), ((1, 1),)), ((13, 5), ((1, 1), (1, 12))), ((12, 4), ((1, 1),)), ((24, 7), ()), ((5, 1), ((1, 1),)), ((3, 6), ((1, 1), (1, 12))), ((10, 4), ((1, 12),)), ((16, 3), ((1, 1), (1, 12))), ((16, 6), ())]","[((8, 2), ((1, 1), (1, 12))), ((9, 3), ((1, 12),)), ((13, 5), ((1, 1), (1, 12))), ((15, 9), ()), ((11, 3), ((1, 1),)), ((16, 3), ((1, 1), (1, 12))), ((12, 4), ((1, 1),)), ((24, 7), ()), ((5, 1), ((1, 1),)), ((3, 6), ((1, 1), (1, 12))), ((10, 4), ((1, 12),)), ((16, 6), ())]",307,48,40,88
308,"((8, 2), ((1, 1), (1, 12)))","((9, 2), ((1, 1), (1, 12)))",West,"[((9, 2), ((1, 1), (1, 12))), ((7, 2), ((1, 1), (1, 12)))]","[((8, 2), ((1, 1), (1, 12))), ((9, 3), ((1, 12),)), ((13, 5), ((1, 1), (1, 12))), ((15, 9), ()), ((11, 3), ((1, 1),)), ((16, 3), ((1, 1), (1, 12))), ((12, 4), ((1, 1),)), ((24, 7), ()), ((5, 1), ((1, 1),)), ((3, 6), ((1, 1), (1, 12))), ((10, 4), ((1, 12),)), ((16, 6), ())]","[((13, 5), ((1, 1), (1, 12))), ((9, 3), ((1, 12),)), ((16, 3), ((1, 1), (1, 12))), ((15, 9), ()), ((11, 3), ((1, 1),)), ((16, 6), ()), ((12, 4), ((1, 1),)), ((24, 7), ()), ((5, 1), ((1, 1),)), ((3, 6), ((1, 1), (1, 12))), ((10, 4), ((1, 12),)), ((7, 2), ((1, 1), (1, 12)))]",308,56,32,88
309,"((13, 5), ((1, 1), (1, 12)))","((13, 4), ((1, 1), (1, 12)))",North,"[((13, 6), ((1, 1), (1, 12))), ((13, 4), ((1, 1), (1, 12)))]","[((13, 5), ((1, 1), (1, 12))), ((9, 3), ((1, 12),)), ((16, 3), ((1, 1), (1, 12))), ((15, 9), ()), ((11, 3), ((1, 1),)), ((16, 6), ()), ((12, 4), ((1, 1),)), ((24, 7), ()), ((5, 1), ((1, 1),)), ((3, 6), ((1, 1), (1, 12))), ((10, 4), ((1, 12),)), ((7, 2), ((1, 1), (1, 12)))]","[((16, 3), ((1, 1), (1, 12))), ((9, 3), ((1, 12),)), ((12, 4), ((1, 1),)), ((15, 9), ()), ((11, 3), ((1, 1),)), ((16, 6), ()), ((7, 2), ((1, 1), (1, 12))), ((24, 7), ()), ((5, 1), ((1, 1),)), ((3, 6), ((1, 1), (1, 12))), ((10, 4), ((1, 12),)), ((13, 6), ((1, 1), (1, 12)))]",309,58,30,88
310,"((16, 3), ((1, 1), (1, 12)))","((16, 2), ((1, 1), (1, 12)))",North,"[((16, 4), ((1, 1), (1, 12))), ((16, 2), ((1, 1), (1, 12)))]","[((16, 3), ((1, 1), (1, 12))), ((9, 3), ((1, 12),)), ((12, 4), ((1, 1),)), ((15, 9), ()), ((11, 3), ((1, 1),)), ((16, 6), ()), ((7, 2), ((1, 1), (1, 12))), ((24, 7), ()), ((5, 1), ((1, 1),)), ((3, 6), ((1, 1), (1, 12))), ((10, 4), ((1, 12),)), ((13, 6), ((1, 1), (1, 12)))]","[((9, 3), ((1, 12),)), ((11, 3), ((1, 1),)), ((12, 4), ((1, 1),)), ((15, 9), ()), ((10, 4), ((1, 12),)), ((16, 6), ()), ((7, 2), ((1, 1), (1, 12))), ((24, 7), ()), ((5, 1), ((1, 1),)), ((3, 6), ((1, 1), (1, 12))), ((13, 6), ((1, 1), (1, 12))), ((16, 4), ((1, 1), (1, 12)))]",310,63,25,88
311,"((9, 3), ((1, 12),))","((9, 4), ((1, 12),))",South,"[((9, 4), ((1, 12),)), ((9, 2), ((1, 12),))]","[((9, 3), ((1, 12),)), ((11, 3), ((1, 1),)), ((12, 4), ((1, 1),)), ((15, 9), ()), ((10, 4), ((1, 12),)), ((16, 6), ()), ((7, 2), ((1, 1), (1, 12))), ((24, 7), ()), ((5, 1), ((1, 1),)), ((3, 6), ((1, 1), (1, 12))), ((13, 6), ((1, 1), (1, 12))), ((16, 4), ((1, 1), (1, 12)))]","[((9, 2), ((1, 12),)), ((15, 9), ()), ((11, 3), ((1, 1),)), ((5, 1), ((1, 1),)), ((10, 4), ((1, 12),)), ((12, 4), ((1, 1),)), ((7, 2), ((1, 1), (1, 12))), ((24, 7), ()), ((16, 4), ((1, 1), (1, 12))), ((3, 6), ((1, 1), (1, 12))), ((13, 6), ((1, 1), (1, 12))), ((16, 6), ())]",311,40,48,88
312,"((9, 2), ((1, 12),))","((9, 3), ((1, 12),))",South,"[((9, 3), ((1, 12),)), ((8, 2), ((1, 12),))]","[((9, 2), ((1, 12),)), ((15, 9), ()), ((11, 3), ((1, 1),)), ((5, 1), ((1, 1),)), ((10, 4), ((1, 12),)), ((12, 4), ((1, 1),)), ((7, 2), ((1, 1), (1, 12))), ((24, 7), ()), ((16, 4), ((1, 1), (1, 12))), ((3, 6), ((1, 1), (1, 12))), ((13, 6), ((1, 1), (1, 12))), ((16, 6), ())]","[((8, 2), ((1, 12),)), ((15, 9), ()), ((11, 3), ((1, 1),)), ((5, 1), ((1, 1),)), ((10, 4), ((1, 12),)), ((12, 4), ((1, 1),)), ((7, 2), ((1, 1), (1, 12))), ((24, 7), ()), ((16, 4), ((1, 1), (1, 12))), ((3, 6), ((1, 1), (1, 12))), ((13, 6), ((1, 1), (1, 12))), ((16, 6), ())]",312,41,47,88
313,"((8, 2), ((1, 12),))","((9, 2), ((1, 12),))",West,"[((9, 2), ((1, 12),)), ((7, 2), ((1, 12),))]","[((8, 2), ((1, 12),)), ((15, 9), ()), ((11, 3), ((1, 1),)), ((5, 1), ((1, 1),)), ((10, 4), ((1, 12),)), ((12, 4), ((1, 1),)), ((7, 2), ((1, 1), (1, 12))), ((24, 7), ()), ((16, 4), ((1, 1), (1, 12))), ((3, 6), ((1, 1), (1, 12))), ((13, 6), ((1, 1), (1, 12))), ((16, 6), ())]","[((7, 2), ((1, 12),)), ((15, 9), ()), ((11, 3), ((1, 1),)), ((5, 1), ((1, 1),)), ((10, 4), ((1, 12),)), ((12, 4), ((1, 1),)), ((7, 2), ((1, 1), (1, 12))), ((24, 7), ()), ((16, 4), ((1, 1), (1, 12))), ((3, 6), ((1, 1), (1, 12))), ((13, 6), ((1, 1), (1, 12))), ((16, 6), ())]",313,42,46,88
314,"((7, 2), ((1, 12),))","((8, 2), ((1, 12),))",West,"[((8, 2), ((1, 12),)), ((6, 2), ((1, 12),))]","[((7, 2), ((1, 12),)), ((15, 9), ()), ((11, 3), ((1, 1),)), ((5, 1), ((1, 1),)), ((10, 4), ((1, 12),)), ((12, 4), ((1, 1),)), ((7, 2), ((1, 1), (1, 12))), ((24, 7), ()), ((16, 4), ((1, 1), (1, 12))), ((3, 6), ((1, 1), (1, 12))), ((13, 6), ((1, 1), (1, 12))), ((16, 6), ())]","[((6, 2), ((1, 12),)), ((15, 9), ()), ((11, 3), ((1, 1),)), ((5, 1), ((1, 1),)), ((10, 4), ((1, 12),)), ((12, 4), ((1, 1),)), ((7, 2), ((1, 1), (1, 12))), ((24, 7), ()), ((16, 4), ((1, 1), (1, 12))), ((3, 6), ((1, 1), (1, 12))), ((13, 6), ((1, 1), (1, 12))), ((16, 6), ())]",314,43,45,88
315,"((6, 2), ((1, 12),))","((7, 2), ((1, 12),))",West,"[((7, 2), ((1, 12),)), ((5, 2), ((1, 12),))]","[((6, 2), ((1, 12),)), ((15, 9), ()), ((11, 3), ((1, 1),)), ((5, 1), ((1, 1),)), ((10, 4), ((1, 12),)), ((12, 4), ((1, 1),)), ((7, 2), ((1, 1), (1, 12))), ((24, 7), ()), ((16, 4), ((1, 1), (1, 12))), ((3, 6), ((1, 1), (1, 12))), ((13, 6), ((1, 1), (1, 12))), ((16, 6), ())]","[((5, 2), ((1, 12),)), ((15, 9), ()), ((11, 3), ((1, 1),)), ((5, 1), ((1, 1),)), ((10, 4), ((1, 12),)), ((12, 4), ((1, 1),)), ((7, 2), ((1, 1), (1, 12))), ((24, 7), ()), ((16, 4), ((1, 1), (1, 12))), ((3, 6), ((1, 1), (1, 12))), ((13, 6), ((1, 1), (1, 12))), ((16, 6), ())]",315,44,44,88
316,"((5, 2), ((1, 12),))","((6, 2), ((1, 12),))",West,"[((5, 1), ((1, 12),)), ((6, 2), ((1, 12),))]","[((5, 2), ((1, 12),)), ((15, 9), ()), ((11, 3), ((1, 1),)), ((5, 1), ((1, 1),)), ((10, 4), ((1, 12),)), ((12, 4), ((1, 1),)), ((7, 2), ((1, 1), (1, 12))), ((24, 7), ()), ((16, 4), ((1, 1), (1, 12))), ((3, 6), ((1, 1), (1, 12))), ((13, 6), ((1, 1), (1, 12))), ((16, 6), ())]","[((5, 1), ((1, 12),)), ((15, 9), ()), ((11, 3), ((1, 1),)), ((5, 1), ((1, 1),)), ((10, 4), ((1, 12),)), ((12, 4), ((1, 1),)), ((7, 2), ((1, 1), (1, 12))), ((24, 7), ()), ((16, 4), ((1, 1), (1, 12))), ((3, 6), ((1, 1), (1, 12))), ((13, 6), ((1, 1), (1, 12))), ((16, 6), ())]",316,45,43,88
317,"((5, 1), ((1, 12),))","((5, 2), ((1, 12),))",South,"[((5, 2), ((1, 12),))]","[((5, 1), ((1, 12),)), ((15, 9), ()), ((11, 3), ((1, 1),)), ((5, 1), ((1, 1),)), ((10, 4), ((1, 12),)), ((12, 4), ((1, 1),)), ((7, 2), ((1, 1), (1, 12))), ((24, 7), ()), ((16, 4), ((1, 1), (1, 12))), ((3, 6), ((1, 1), (1, 12))), ((13, 6), ((1, 1), (1, 12))), ((16, 6), ())]","[((11, 3), ((1, 1),)), ((15, 9), ()), ((12, 4), ((1, 1),)), ((5, 1), ((1, 1),)), ((10, 4), ((1, 12),)), ((16, 6), ()), ((7, 2), ((1, 1), (1, 12))), ((24, 7), ()), ((16, 4), ((1, 1), (1, 12))), ((3, 6), ((1, 1), (1, 12))), ((13, 6), ((1, 1), (1, 12)))]",317,46,42,88
318,"((11, 3), ((1, 1),))","((11, 4), ((1, 1),))",South,"[((11, 4), ((1, 1),)), ((11, 2), ((1, 1),))]","[((11, 3), ((1, 1),)), ((15, 9), ()), ((12, 4), ((1, 1),)), ((5, 1), ((1, 1),)), ((10, 4), ((1, 12),)), ((16, 6), ()), ((7, 2), ((1, 1), (1, 12))), ((24, 7), ()), ((16, 4), ((1, 1), (1, 12))), ((3, 6), ((1, 1), (1, 12))), ((13, 6), ((1, 1), (1, 12)))]","[((12, 4), ((1, 1),)), ((15, 9), ()), ((16, 6), ()), ((5, 1), ((1, 1),)), ((11, 2), ((1, 1),)), ((13, 6), ((1, 1), (1, 12))), ((7, 2), ((1, 1), (1, 12))), ((24, 7), ()), ((16, 4), ((1, 1), (1, 12))), ((3, 6), ((1, 1), (1, 12))), ((10, 4), ((1, 12),))]",318,32,57,89
319,"((12, 4), ((1, 1),))","((11, 4), ((1, 1),))",East,"[((13, 4), ((1, 1),)), ((11, 4), ((1, 1),))]","[((12, 4), ((1, 1),)), ((15, 9), ()), ((16, 6), ()), ((5, 1), ((1, 1),)), ((11, 2), ((1, 1),)), ((13, 6), ((1, 1), (1, 12))), ((7, 2), ((1, 1), (1, 12))), ((24, 7), ()), ((16, 4), ((1, 1), (1, 12))), ((3, 6), ((1, 1), (1, 12))), ((10, 4), ((1, 12),))]","[((15, 9), ()), ((5, 1), ((1, 1),)), ((16, 6), ()), ((24, 7), ()), ((11, 2), ((1, 1),)), ((13, 6), ((1, 1), (1, 12))), ((7, 2), ((1, 1), (1, 12))), ((10, 4), ((1, 12),)), ((16, 4), ((1, 1), (1, 12))), ((3, 6), ((1, 1), (1, 12))), ((13, 4), ((1, 1),))]",319,32,57,89
320,"((15, 9), ())","((15, 10), ())",South,"[((15, 10), ()), ((15, 8), ())]","[((15, 9), ()), ((5, 1), ((1, 1),)), ((16, 6), ()), ((24, 7), ()), ((11, 2), ((1, 1),)), ((13, 6), ((1, 1), (1, 12))), ((7, 2), ((1, 1), (1, 12))), ((10, 4), ((1, 12),)), ((16, 4), ((1, 1), (1, 12))), ((3, 6), ((1, 1), (1, 12))), ((13, 4), ((1, 1),))]","[((5, 1), ((1, 1),)), ((24, 7), ()), ((16, 6), ()), ((13, 4), ((1, 1),)), ((11, 2), ((1, 1),)), ((13, 6), ((1, 1), (1, 12))), ((7, 2), ((1, 1), (1, 12))), ((10, 4), ((1, 12),)), ((16, 4), ((1, 1), (1, 12))), ((3, 6), ((1, 1), (1, 12))), ((15, 8), ())]",320,24,65,89
321,"((5, 1), ((1, 1),))","((5, 2), ((1, 1),))",South,"[((5, 2), ((1, 1),))]","[((5, 1), ((1, 1),)), ((24, 7), ()), ((16, 6), ()), ((13, 4), ((1, 1),)), ((11, 2), ((1, 1),)), ((13, 6), ((1, 1), (1, 12))), ((7, 2), ((1, 1), (1, 12))), ((10, 4), ((1, 12),)), ((16, 4), ((1, 1), (1, 12))), ((3, 6), ((1, 1), (1, 12))), ((15, 8), ())]","[((24, 7), ()), ((11, 2), ((1, 1),)), ((16, 6), ()), ((13, 4), ((1, 1),)), ((3, 6), ((1, 1), (1, 12))), ((13, 6), ((1, 1), (1, 12))), ((7, 2), ((1, 1), (1, 12))), ((10, 4), ((1, 12),)), ((16, 4), ((1, 1), (1, 12))), ((15, 8), ())]",321,36,53,89
322,"((24, 7), ())","((24, 8), ())",South,"[((24, 8), ()), ((24, 6), ())]","[((24, 7), ()), ((11, 2), ((1, 1),)), ((16, 6), ()), ((13, 4), ((1, 1),)), ((3, 6), ((1, 1), (1, 12))), ((13, 6), ((1, 1), (1, 12))), ((7, 2), ((1, 1), (1, 12))), ((10, 4), ((1, 12),)), ((16, 4), ((1, 1), (1, 12))), ((15, 8), ())]","[((11, 2), ((1, 1),)), ((13, 4), ((1, 1),)), ((16, 6), ()), ((10, 4), ((1, 12),)), ((3, 6), ((1, 1), (1, 12))), ((13, 6), ((1, 1), (1, 12))), ((7, 2), ((1, 1), (1, 12))), ((15, 8), ()), ((16, 4), ((1, 1), (1, 12))), ((24, 6), ())]",322,31,58,89
323,"((11, 2), ((1, 1),))","((11, 3), ((1, 1),))",South,"[((11, 3), ((1, 1),)), ((11, 1), ((1, 1),)), ((12, 2), ((1, 1),))]","[((11, 2), ((1, 1),)), ((13, 4), ((1, 1),)), ((16, 6), ()), ((10, 4), ((1, 12),)), ((3, 6), ((1, 1), (1, 12))), ((13, 6), ((1, 1), (1, 12))), ((7, 2), ((1, 1), (1, 12))), ((15, 8), ()), ((16, 4), ((1, 1), (1, 12))), ((24, 6), ())]","[((13, 4), ((1, 1),)), ((11, 1), ((1, 1),)), ((16, 6), ()), ((16, 4), ((1, 1), (1, 12))), ((12, 2), ((1, 1),)), ((13, 6), ((1, 1), (1, 12))), ((7, 2), ((1, 1), (1, 12))), ((15, 8), ()), ((24, 6), ()), ((3, 6), ((1, 1), (1, 12))), ((10, 4), ((1, 12),))]",323,33,56,89
324,"((13, 4), ((1, 1),))","((12, 4), ((1, 1),))",East,"[((13, 5), ((1, 1),)), ((12, 4), ((1, 1),))]","[((13, 4), ((1, 1),)), ((11, 1), ((1, 1),)), ((16, 6), ()), ((16, 4), ((1, 1), (1, 12))), ((12, 2), ((1, 1),)), ((13, 6), ((1, 1), (1, 12))), ((7, 2), ((1, 1), (1, 12))), ((15, 8), ()), ((24, 6), ()), ((3, 6), ((1, 1), (1, 12))), ((10, 4), ((1, 12),))]","[((11, 1), ((1, 1),)), ((12, 2), ((1, 1),)), ((16, 6), ()), ((16, 4), ((1, 1), (1, 12))), ((10, 4), ((1, 12),)), ((13, 6), ((1, 1), (1, 12))), ((7, 2), ((1, 1), (1, 12))), ((15, 8), ()), ((24, 6), ()), ((3, 6), ((1, 1), (1, 12))), ((13, 5), ((1, 1),))]",324,33,56,89
325,"((11, 1), ((1, 1),))","((11, 2), ((1, 1),))",South,"[((11, 2), ((1, 1),)), ((12, 1), ((1, 1),))]","[((11, 1), ((1, 1),)), ((12, 2), ((1, 1),)), ((16, 6), ()), ((16, 4), ((1, 1), (1, 12))), ((10, 4), ((1, 12),)), ((13, 6), ((1, 1), (1, 12))), ((7, 2), ((1, 1), (1, 12))), ((15, 8), ()), ((24, 6), ()), ((3, 6), ((1, 1), (1, 12))), ((13, 5), ((1, 1),))]","[((12, 2), ((1, 1),)), ((12, 1), ((1, 1),)), ((16, 6), ()), ((16, 4), ((1, 1), (1, 12))), ((10, 4), ((1, 12),)), ((13, 6), ((1, 1), (1, 12))), ((7, 2), ((1, 1), (1, 12))), ((15, 8), ()), ((24, 6), ()), ((13, 5), ((1, 1),)), ((3, 6), ((1, 1), (1, 12)))]",325,34,55,89
326,"((12, 2), ((1, 1),))","((11, 2), ((1, 1),))",East,"[((12, 1), ((1, 1),)), ((13, 2), ((1, 1),)), ((11, 2), ((1, 1),))]","[((12, 2), ((1, 1),)), ((12, 1), ((1, 1),)), ((16, 6), ()), ((16, 4), ((1, 1), (1, 12))), ((10, 4), ((1, 12),)), ((13, 6), ((1, 1), (1, 12))), ((7, 2), ((1, 1), (1, 12))), ((15, 8), ()), ((24, 6), ()), ((13, 5), ((1, 1),)), ((3, 6), ((1, 1), (1, 12)))]","[((12, 1), ((1, 1),)), ((13, 2), ((1, 1),)), ((16, 6), ()), ((16, 4), ((1, 1), (1, 12))), ((10, 4), ((1, 12),)), ((13, 6), ((1, 1), (1, 12))), ((7, 2), ((1, 1), (1, 12))), ((15, 8), ()), ((24, 6), ()), ((13, 5), ((1, 1),)), ((3, 6), ((1, 1), (1, 12)))]",326,34,55,89
327,"((12, 1), ((1, 1),))","((11, 1), ((1, 1),))",East,"[((12, 2), ((1, 1),)), ((13, 1), ((1, 1),)), ((11, 1), ((1, 1),))]","[((12, 1), ((1, 1),)), ((13, 2), ((1, 1),)), ((16, 6), ()), ((16, 4), ((1, 1), (1, 12))), ((10, 4), ((1, 12),)), ((13, 6), ((1, 1), (1, 12))), ((7, 2), ((1, 1), (1, 12))), ((15, 8), ()), ((24, 6), ()), ((13, 5), ((1, 1),)), ((3, 6), ((1, 1), (1, 12)))]","[((13, 2), ((1, 1),)), ((13, 1), ((1, 1),)), ((16, 6), ()), ((16, 4), ((1, 1), (1, 12))), ((10, 4), ((1, 12),)), ((13, 6), ((1, 1), (1, 12))), ((7, 2), ((1, 1), (1, 12))), ((15, 8), ()), ((24, 6), ()), ((13, 5), ((1, 1),)), ((3, 6), ((1, 1), (1, 12)))]",327,35,54,89
328,"((13, 2), ((1, 1),))","((12, 2), ((1, 1),))",East,"[((13, 1), ((1, 1),)), ((14, 2), ((1, 1),)), ((12, 2), ((1, 1),))]","[((13, 2), ((1, 1),)), ((13, 1), ((1, 1),)), ((16, 6), ()), ((16, 4), ((1, 1), (1, 12))), ((10, 4), ((1, 12),)), ((13, 6), ((1, 1), (1, 12))), ((7, 2), ((1, 1), (1, 12))), ((15, 8), ()), ((24, 6), ()), ((13, 5), ((1, 1),)), ((3, 6), ((1, 1), (1, 12)))]","[((13, 1), ((1, 1),)), ((14, 2), ((1, 1),)), ((16, 6), ()), ((16, 4), ((1, 1), (1, 12))), ((10, 4), ((1, 12),)), ((13, 6), ((1, 1), (1, 12))), ((7, 2), ((1, 1), (1, 12))), ((15, 8), ()), ((24, 6), ()), ((13, 5), ((1, 1),)), ((3, 6), ((1, 1), (1, 12)))]",328,35,54,89
329,"((13, 1), ((1, 1),))","((12, 1), ((1, 1),))",East,"[((13, 2), ((1, 1),)), ((14, 1), ((1, 1),)), ((12, 1), ((1, 1),))]","[((13, 1), ((1, 1),)), ((14, 2), ((1, 1),)), ((16, 6), ()), ((16, 4), ((1, 1), (1, 12))), ((10, 4), ((1, 12),)), ((13, 6), ((1, 1), (1, 12))), ((7, 2), ((1, 1), (1, 12))), ((15, 8), ()), ((24, 6), ()), ((13, 5), ((1, 1),)), ((3, 6), ((1, 1), (1, 12)))]","[((14, 2), ((1, 1),)), ((14, 1), ((1, 1),)), ((16, 6), ()), ((16, 4), ((1, 1), (1, 12))), ((10, 4), ((1, 12),)), ((13, 6), ((1, 1), (1, 12))), ((7, 2), ((1, 1), (1, 12))), ((15, 8), ()), ((24, 6), ()), ((13, 5), ((1, 1),)), ((3, 6), ((1, 1), (1, 12)))]",329,36,53,89
330,"((14, 2), ((1, 1),))","((13, 2), ((1, 1),))",East,"[((14, 1), ((1, 1),)), ((15, 2), ((1, 1),)), ((13, 2), ((1, 1),))]","[((14, 2), ((1, 1),)), ((14, 1), ((1, 1),)), ((16, 6), ()), ((16, 4), ((1, 1), (1, 12))), ((10, 4), ((1, 12),)), ((13, 6), ((1, 1), (1, 12))), ((7, 2), ((1, 1), (1, 12))), ((15, 8), ()), ((24, 6), ()), ((13, 5), ((1, 1),)), ((3, 6), ((1, 1), (1, 12)))]","[((14, 1), ((1, 1),)), ((15, 2), ((1, 1),)), ((16, 6), ()), ((16, 4), ((1, 1), (1, 12))), ((10, 4), ((1, 12),)), ((13, 6), ((1, 1), (1, 12))), ((7, 2), ((1, 1), (1, 12))), ((15, 8), ()), ((24, 6), ()), ((13, 5), ((1, 1),)), ((3, 6), ((1, 1), (1, 12)))]",330,36,53,89
331,"((14, 1), ((1, 1),))","((13, 1), ((1, 1),))",East,"[((14, 2), ((1, 1),)), ((15, 1), ((1, 1),)), ((13, 1), ((1, 1),))]","[((14, 1), ((1, 1),)), ((15, 2), ((1, 1),)), ((16, 6), ()), ((16, 4), ((1, 1), (1, 12))), ((10, 4), ((1, 12),)), ((13, 6), ((1, 1), (1, 12))), ((7, 2), ((1, 1), (1, 12))), ((15, 8), ()), ((24, 6), ()), ((13, 5), ((1, 1),)), ((3, 6), ((1, 1), (1, 12)))]","[((15, 2), ((1, 1),)), ((15, 1), ((1, 1),)), ((16, 6), ()), ((16, 4), ((1, 1), (1, 12))), ((10, 4), ((1, 12),)), ((13, 6), ((1, 1), (1, 12))), ((7, 2), ((1, 1), (1, 12))), ((15, 8), ()), ((24, 6), ()), ((13, 5), ((1, 1),)), ((3, 6), ((1, 1), (1, 12)))]",331,37,52,89
332,"((15, 2), ((1, 1),))","((14, 2), ((1, 1),))",East,"[((15, 1), ((1, 1),)), ((16, 2), ((1, 1),)), ((14, 2), ((1, 1),))]","[((15, 2), ((1, 1),)), ((15, 1), ((1, 1),)), ((16, 6), ()), ((16, 4), ((1, 1), (1, 12))), ((10, 4), ((1, 12),)), ((13, 6), ((1, 1), (1, 12))), ((7, 2), ((1, 1), (1, 12))), ((15, 8), ()), ((24, 6), ()), ((13, 5), ((1, 1),)), ((3, 6), ((1, 1), (1, 12)))]","[((15, 1), ((1, 1),)), ((16, 2), ((1, 1),)), ((16, 6), ()), ((16, 4), ((1, 1), (1, 12))), ((10, 4), ((1, 12),)), ((13, 6), ((1, 1), (1, 12))), ((7, 2), ((1, 1), (1, 12))), ((15, 8), ()), ((24, 6), ()), ((13, 5), ((1, 1),)), ((3, 6), ((1, 1), (1, 12)))]",332,37,52,89
333,"((15, 1), ((1, 1),))","((14, 1), ((1, 1),))",East,"[((15, 2), ((1, 1),)), ((16, 1), ((1, 1),)), ((14, 1), ((1, 1),))]","[((15, 1), ((1, 1),)), ((16, 2), ((1, 1),)), ((16, 6), ()), ((16, 4), ((1, 1), (1, 12))), ((10, 4), ((1, 12),)), ((13, 6), ((1, 1), (1, 12))), ((7, 2), ((1, 1), (1, 12))), ((15, 8), ()), ((24, 6), ()), ((13, 5), ((1, 1),)), ((3, 6), ((1, 1), (1, 12)))]","[((16, 2), ((1, 1),)), ((16, 1), ((1, 1),)), ((16, 6), ()), ((16, 4), ((1, 1), (1, 12))), ((10, 4), ((1, 12),)), ((13, 6), ((1, 1), (1, 12))), ((7, 2), ((1, 1), (1, 12))), ((15, 8), ()), ((24, 6), ()), ((13, 5), ((1, 1),)), ((3, 6), ((1, 1), (1, 12)))]",333,38,51,89
334,"((16, 2), ((1, 1),))","((15, 2), ((1, 1),))",East,"[((16, 3), ((1, 1),)), ((16, 1), ((1, 1),)), ((15, 2), ((1, 1),))]","[((16, 2), ((1, 1),)), ((16, 1), ((1, 1),)), ((16, 6), ()), ((16, 4), ((1, 1), (1, 12))), ((10, 4), ((1, 12),)), ((13, 6), ((1, 1), (1, 12))), ((7, 2), ((1, 1), (1, 12))), ((15, 8), ()), ((24, 6), ()), ((13, 5), ((1, 1),)), ((3, 6), ((1, 1), (1, 12)))]","[((16, 1), ((1, 1),)), ((10, 4), ((1, 12),)), ((16, 6), ()), ((16, 4), ((1, 1), (1, 12))), ((3, 6), ((1, 1), (1, 12))), ((13, 6), ((1, 1), (1, 12))), ((7, 2), ((1, 1), (1, 12))), ((15, 8), ()), ((24, 6), ()), ((13, 5), ((1, 1),)), ((16, 3), ((1, 1),))]",334,38,51,89
335,"((16, 1), ((1, 1),))","((15, 1), ((1, 1),))",East,"[((16, 2), ((1, 1),)), ((15, 1), ((1, 1),))]","[((16, 1), ((1, 1),)), ((10, 4), ((1, 12),)), ((16, 6), ()), ((16, 4), ((1, 1), (1, 12))), ((3, 6), ((1, 1), (1, 12))), ((13, 6), ((1, 1), (1, 12))), ((7, 2), ((1, 1), (1, 12))), ((15, 8), ()), ((24, 6), ()), ((13, 5), ((1, 1),)), ((16, 3), ((1, 1),))]","[((10, 4), ((1, 12),)), ((3, 6), ((1, 1), (1, 12))), ((16, 6), ()), ((16, 4), ((1, 1), (1, 12))), ((13, 5), ((1, 1),)), ((13, 6), ((1, 1), (1, 12))), ((7, 2), ((1, 1), (1, 12))), ((15, 8), ()), ((24, 6), ()), ((16, 3), ((1, 1),))]",335,39,50,89
336,"((10, 4), ((1, 12),))","((9, 4), ((1, 12),))",East,"[((11, 4), ((1, 12),)), ((9, 4), ((1, 12),))]","[((10, 4), ((1, 12),)), ((3, 6), ((1, 1), (1, 12))), ((16, 6), ()), ((16, 4), ((1, 1), (1, 12))), ((13, 5), ((1, 1),)), ((13, 6), ((1, 1), (1, 12))), ((7, 2), ((1, 1), (1, 12))), ((15, 8), ()), ((24, 6), ()), ((16, 3), ((1, 1),))]","[((3, 6), ((1, 1), (1, 12))), ((16, 4), ((1, 1), (1, 12))), ((16, 6), ()), ((24, 6), ()), ((13, 5), ((1, 1),)), ((13, 6), ((1, 1), (1, 12))), ((7, 2), ((1, 1), (1, 12))), ((15, 8), ()), ((16, 3), ((1, 1),)), ((11, 4), ((1, 12),))]",336,40,50,90
337,"((3, 6), ((1, 1), (1, 12)))","((3, 5), ((1, 1), (1, 12)))",North,"[((3, 5), ((1, 1), (1, 12))), ((4, 6), ((1, 1), (1, 12))), ((2, 6), ((1, 1), (1, 12)))]","[((3, 6), ((1, 1), (1, 12))), ((16, 4), ((1, 1), (1, 12))), ((16, 6), ()), ((24, 6), ()), ((13, 5), ((1, 1),)), ((13, 6), ((1, 1), (1, 12))), ((7, 2), ((1, 1), (1, 12))), ((15, 8), ()), ((16, 3), ((1, 1),)), ((11, 4), ((1, 12),))]","[((16, 6), ()), ((16, 4), ((1, 1), (1, 12))), ((7, 2), ((1, 1), (1, 12))), ((24, 6), ()), ((13, 5), ((1, 1),)), ((13, 6), ((1, 1), (1, 12))), ((11, 4), ((1, 12),)), ((15, 8), ()), ((16, 3), ((1, 1),)), ((2, 6), ((1, 1), (1, 12)))]",337,49,41,90
338,"((16, 6), ())","((17, 6), ())",West,"[((17, 6), ())]","[((16, 6), ()), ((16, 4), ((1, 1), (1, 12))), ((7, 2), ((1, 1), (1, 12))), ((24, 6), ()), ((13, 5), ((1, 1),)), ((13, 6), ((1, 1), (1, 12))), ((11, 4), ((1, 12),)), ((15, 8), ()), ((16, 3), ((1, 1),)), ((2, 6), ((1, 1), (1, 12)))]","[((7, 2), ((1, 1), (1, 12))), ((16, 4), ((1, 1), (1, 12))), ((13, 6), ((1, 1), (1, 12))), ((24, 6), ()), ((13, 5), ((1, 1),)), ((2, 6), ((1, 1), (1, 12))), ((11, 4), ((1, 12),)), ((15, 8), ()), ((16, 3), ((1, 1),))]",338,24,66,90
339,"((7, 2), ((1, 1), (1, 12)))","((8, 2), ((1, 1), (1, 12)))",West,"[((8, 2), ((1, 1), (1, 12))), ((6, 2), ((1, 1), (1, 12)))]","[((7, 2), ((1, 1), (1, 12))), ((16, 4), ((1, 1), (1, 12))), ((13, 6), ((1, 1), (1, 12))), ((24, 6), ()), ((13, 5), ((1, 1),)), ((2, 6), ((1, 1), (1, 12))), ((11, 4), ((1, 12),)), ((15, 8), ()), ((16, 3), ((1, 1),))]","[((13, 6), ((1, 1), (1, 12))), ((16, 4), ((1, 1), (1, 12))), ((16, 3), ((1, 1),)), ((24, 6), ()), ((13, 5), ((1, 1),)), ((2, 6), ((1, 1), (1, 12))), ((11, 4), ((1, 12),)), ((15, 8), ()), ((6, 2), ((1, 1), (1, 12)))]",339,57,33,90
340,"((13, 6), ((1, 1), (1, 12)))","((13, 5), ((1, 1), (1, 12)))",North,"[((13, 5), ((1, 1), (1, 12))), ((12, 6), ((1, 1), (1, 12)))]","[((13, 6), ((1, 1), (1, 12))), ((16, 4), ((1, 1), (1, 12))), ((16, 3), ((1, 1),)), ((24, 6), ()), ((13, 5), ((1, 1),)), ((2, 6), ((1, 1), (1, 12))), ((11, 4), ((1, 12),)), ((15, 8), ()), ((6, 2), ((1, 1), (1, 12)))]","[((16, 4), ((1, 1), (1, 12))), ((24, 6), ()), ((16, 3), ((1, 1),)), ((15, 8), ()), ((13, 5), ((1, 1),)), ((2, 6), ((1, 1), (1, 12))), ((11, 4), ((1, 12),)), ((6, 2), ((1, 1), (1, 12))), ((12, 6), ((1, 1), (1, 12)))]",340,59,31,90
341,"((16, 4), ((1, 1), (1, 12)))","((16, 3), ((1, 1), (1, 12)))",North,"[((16, 3), ((1, 1), (1, 12))), ((17, 4), ((1, 1), (1, 12)))]","[((16, 4), ((1, 1), (1, 12))), ((24, 6), ()), ((16, 3), ((1, 1),)), ((15, 8), ()), ((13, 5), ((1, 1),)), ((2, 6), ((1, 1), (1, 12))), ((11, 4), ((1, 12),)), ((6, 2), ((1, 1), (1, 12))), ((12, 6), ((1, 1), (1, 12)))]","[((24, 6), ()), ((17, 4), ((1, 1), (1, 12))), ((16, 3), ((1, 1),)), ((15, 8), ()), ((13, 5), ((1, 1),)), ((2, 6), ((1, 1), (1, 12))), ((11, 4), ((1, 12),)), ((12, 6), ((1, 1), (1, 12))), ((6, 2), ((1, 1), (1, 12)))]",341,64,26,90
342,"((24, 6), ())","((24, 7), ())",South,"[((24, 7), ()), ((24, 5), ())]","[((24, 6), ()), ((17, 4), ((1, 1), (1, 12))), ((16, 3), ((1, 1),)), ((15, 8), ()), ((13, 5), ((1, 1),)), ((2, 6), ((1, 1), (1, 12))), ((11, 4), ((1, 12),)), ((12, 6), ((1, 1), (1, 12))), ((6, 2), ((1, 1), (1, 12)))]","[((17, 4), ((1, 1), (1, 12))), ((24, 5), ()), ((16, 3), ((1, 1),)), ((15, 8), ()), ((13, 5), ((1, 1),)), ((2, 6), ((1, 1), (1, 12))), ((11, 4), ((1, 12),)), ((12, 6), ((1, 1), (1, 12))), ((6, 2), ((1, 1), (1, 12)))]",342,32,58,90
343,"((17, 4), ((1, 1), (1, 12)))","((16, 4), ((1, 1), (1, 12)))",East,"[((18, 4), ((1, 1), (1, 12))), ((16, 4), ((1, 1), (1, 12)))]","[((17, 4), ((1, 1), (1, 12))), ((24, 5), ()), ((16, 3), ((1, 1),)), ((15, 8), ()), ((13, 5), ((1, 1),)), ((2, 6), ((1, 1), (1, 12))), ((11, 4), ((1, 12),)), ((12, 6), ((1, 1), (1, 12))), ((6, 2), ((1, 1), (1, 12)))]","[((24, 5), ()), ((18, 4), ((1, 1), (1, 12))), ((16, 3), ((1, 1),)), ((15, 8), ()), ((13, 5), ((1, 1),)), ((2, 6), ((1, 1), (1, 12))), ((11, 4), ((1, 12),)), ((12, 6), ((1, 1), (1, 12))), ((6, 2), ((1, 1), (1, 12)))]",343,65,25,90
344,"((24, 5), ())","((24, 6), ())",South,"[((24, 6), ()), ((24, 4), ())]","[((24, 5), ()), ((18, 4), ((1, 1), (1, 12))), ((16, 3), ((1, 1),)), ((15, 8), ()), ((13, 5), ((1, 1),)), ((2, 6), ((1, 1), (1, 12))), ((11, 4), ((1, 12),)), ((12, 6), ((1, 1), (1, 12))), ((6, 2), ((1, 1), (1, 12)))]","[((18, 4), ((1, 1), (1, 12))), ((24, 4), ()), ((16, 3), ((1, 1),)), ((15, 8), ()), ((13, 5), ((1, 1),)), ((2, 6), ((1, 1), (1, 12))), ((11, 4), ((1, 12),)), ((12, 6), ((1, 1), (1, 12))), ((6, 2), ((1, 1), (1, 12)))]",344,33,57,90
345,"((18, 4), ((1, 1), (1, 12)))","((17, 4), ((1, 1), (1, 12)))",East,"[((18, 5), ((1, 1), (1, 12))), ((18, 3), ((1, 1), (1, 12))), ((19, 4), ((1, 1), (1, 12))), ((17, 4), ((1, 1), (1, 12)))]","[((18, 4), ((1, 1), (1, 12))), ((24, 4), ()), ((16, 3), ((1, 1),)), ((15, 8), ()), ((13, 5), ((1, 1),)), ((2, 6), ((1, 1), (1, 12))), ((11, 4), ((1, 12),)), ((12, 6), ((1, 1), (1, 12))), ((6, 2), ((1, 1), (1, 12)))]","[((24, 4), ()), ((18, 3), ((1, 1), (1, 12))), ((16, 3), ((1, 1),)), ((6, 2), ((1, 1), (1, 12))), ((19, 4), ((1, 1), (1, 12))), ((2, 6), ((1, 1), (1, 12))), ((11, 4), ((1, 12),)), ((12, 6), ((1, 1), (1, 12))), ((18, 5), ((1, 1), (1, 12))), ((13, 5), ((1, 1),)), ((15, 8), ())]",345,66,24,90
346,"((24, 4), ())","((24, 5), ())",South,"[((24, 5), ()), ((25, 4), ()), ((23, 4), ())]","[((24, 4), ()), ((18, 3), ((1, 1), (1, 12))), ((16, 3), ((1, 1),)), ((6, 2), ((1, 1), (1, 12))), ((19, 4), ((1, 1), (1, 12))), ((2, 6), ((1, 1), (1, 12))), ((11, 4), ((1, 12),)), ((12, 6), ((1, 1), (1, 12))), ((18, 5), ((1, 1), (1, 12))), ((13, 5), ((1, 1),)), ((15, 8), ())]","[((18, 3), ((1, 1), (1, 12))), ((19, 4), ((1, 1), (1, 12))), ((16, 3), ((1, 1),)), ((6, 2), ((1, 1), (1, 12))), ((25, 4), ()), ((2, 6), ((1, 1), (1, 12))), ((11, 4), ((1, 12),)), ((12, 6), ((1, 1), (1, 12))), ((18, 5), ((1, 1), (1, 12))), ((13, 5), ((1, 1),)), ((15, 8), ()), ((23, 4), ())]",346,34,56,90
347,"((18, 3), ((1, 1), (1, 12)))","((18, 4), ((1, 1), (1, 12)))",South,"[((18, 4), ((1, 1), (1, 12))), ((18, 2), ((1, 1), (1, 12)))]","[((18, 3), ((1, 1), (1, 12))), ((19, 4), ((1, 1), (1, 12))), ((16, 3), ((1, 1),)), ((6, 2), ((1, 1), (1, 12))), ((25, 4), ()), ((2, 6), ((1, 1), (1, 12))), ((11, 4), ((1, 12),)), ((12, 6), ((1, 1), (1, 12))), ((18, 5), ((1, 1), (1, 12))), ((13, 5), ((1, 1),)), ((15, 8), ()), ((23, 4), ())]","[((19, 4), ((1, 1), (1, 12))), ((25, 4), ()), ((18, 2), ((1, 1), (1, 12))), ((6, 2), ((1, 1), (1, 12))), ((15, 8), ()), ((16, 3), ((1, 1),)), ((11, 4), ((1, 12),)), ((12, 6), ((1, 1), (1, 12))), ((18, 5), ((1, 1), (1, 12))), ((13, 5), ((1, 1),)), ((23, 4), ()), ((2, 6), ((1, 1), (1, 12)))]",347,67,23,90
348,"((19, 4), ((1, 1), (1, 12)))","((18, 4), ((1, 1), (1, 12)))",East,"[((20, 4), ((1, 1), (1, 12))), ((18, 4), ((1, 1), (1, 12)))]","[((19, 4), ((1, 1), (1, 12))), ((25, 4), ()), ((18, 2), ((1, 1), (1, 12))), ((6, 2), ((1, 1), (1, 12))), ((15, 8), ()), ((16, 3), ((1, 1),)), ((11, 4), ((1, 12),)), ((12, 6), ((1, 1), (1, 12))), ((18, 5), ((1, 1), (1, 12))), ((13, 5), ((1, 1),)), ((23, 4), ()), ((2, 6), ((1, 1), (1, 12)))]","[((25, 4), ()), ((15, 8), ()), ((18, 2), ((1, 1), (1, 12))), ((6, 2), ((1, 1), (1, 12))), ((13, 5), ((1, 1),)), ((20, 4), ((1, 1), (1, 12))), ((11, 4), ((1, 12),)), ((12, 6), ((1, 1), (1, 12))), ((18, 5), ((1, 1), (1, 12))), ((2, 6), ((1, 1), (1, 12))), ((23, 4), ()), ((16, 3), ((1, 1),))]",348,67,23,90
349,"((25, 4), ())","((24, 4), ())",East,"[((26, 4), ()), ((24, 4), ())]","[((25, 4), ()), ((15, 8), ()), ((18, 2), ((1, 1), (1, 12))), ((6, 2), ((1, 1), (1, 12))), ((13, 5), ((1, 1),)), ((20, 4), ((1, 1), (1, 12))), ((11, 4), ((1, 12),)), ((12, 6), ((1, 1), (1, 12))), ((18, 5), ((1, 1), (1, 12))), ((2, 6), ((1, 1), (1, 12))), ((23, 4), ()), ((16, 3), ((1, 1),))]","[((18, 2), ((1, 1), (1, 12))), ((15, 8), ()), ((20, 4), ((1, 1), (1, 12))), ((6, 2), ((1, 1), (1, 12))), ((13, 5), ((1, 1),)), ((26, 4), ()), ((11, 4), ((1, 12),)), ((12, 6), ((1, 1), (1, 12))), ((18, 5), ((1, 1), (1, 12))), ((2, 6), ((1, 1), (1, 12))), ((23, 4), ()), ((16, 3), ((1, 1),))]",349,35,55,90
350,"((18, 2), ((1, 1), (1, 12)))","((18, 3), ((1, 1), (1, 12)))",South,"[((18, 3), ((1, 1), (1, 12))), ((18, 1), ((1, 1), (1, 12)))]","[((18, 2), ((1, 1), (1, 12))), ((15, 8), ()), ((20, 4), ((1, 1), (1, 12))), ((6, 2), ((1, 1), (1, 12))), ((13, 5), ((1, 1),)), ((26, 4), ()), ((11, 4), ((1, 12),)), ((12, 6), ((1, 1), (1, 12))), ((18, 5), ((1, 1), (1, 12))), ((2, 6), ((1, 1), (1, 12))), ((23, 4), ()), ((16, 3), ((1, 1),))]","[((20, 4), ((1, 1), (1, 12))), ((15, 8), ()), ((26, 4), ()), ((6, 2), ((1, 1), (1, 12))), ((13, 5), ((1, 1),)), ((18, 1), ((1, 1), (1, 12))), ((11, 4), ((1, 12),)), ((12, 6), ((1, 1), (1, 12))), ((18, 5), ((1, 1), (1, 12))), ((2, 6), ((1, 1), (1, 12))), ((23, 4), ()), ((16, 3), ((1, 1),))]",350,68,22,90
351,"((20, 4), ((1, 1), (1, 12)))","((19, 4), ((1, 1), (1, 12)))",East,"[((19, 4), ((1, 1), (1, 12)))]","[((20, 4), ((1, 1), (1, 12))), ((15, 8), ()), ((26, 4), ()), ((6, 2), ((1, 1), (1, 12))), ((13, 5), ((1, 1),)), ((18, 1), ((1, 1), (1, 12))), ((11, 4), ((1, 12),)), ((12, 6), ((1, 1), (1, 12))), ((18, 5), ((1, 1), (1, 12))), ((2, 6), ((1, 1), (1, 12))), ((23, 4), ()), ((16, 3), ((1, 1),))]","[((26, 4), ()), ((15, 8), ()), ((18, 1), ((1, 1), (1, 12))), ((6, 2), ((1, 1), (1, 12))), ((13, 5), ((1, 1),)), ((16, 3), ((1, 1),)), ((11, 4), ((1, 12),)), ((12, 6), ((1, 1), (1, 12))), ((18, 5), ((1, 1), (1, 12))), ((2, 6), ((1, 1), (1, 12))), ((23, 4), ())]",351,68,22,90
352,"((26, 4), ())","((25, 4), ())",East,"[((26, 5), ()), ((26, 3), ()), ((25, 4), ())]","[((26, 4), ()), ((15, 8), ()), ((18, 1), ((1, 1), (1, 12))), ((6, 2), ((1, 1), (1, 12))), ((13, 5), ((1, 1),)), ((16, 3), ((1, 1),)), ((11, 4), ((1, 12),)), ((12, 6), ((1, 1), (1, 12))), ((18, 5), ((1, 1), (1, 12))), ((2, 6), ((1, 1), (1, 12))), ((23, 4), ())]","[((18, 1), ((1, 1), (1, 12))), ((15, 8), ()), ((26, 3), ()), ((6, 2), ((1, 1), (1, 12))), ((13, 5), ((1, 1),)), ((16, 3), ((1, 1),)), ((11, 4), ((1, 12),)), ((12, 6), ((1, 1), (1, 12))), ((18, 5), ((1, 1), (1, 12))), ((2, 6), ((1, 1), (1, 12))), ((26, 5), ()), ((23, 4), ())]",352,36,54,90
353,"((18, 1), ((1, 1), (1, 12)))","((18, 2), ((1, 1), (1, 12)))",South,"[((18, 2), ((1, 1), (1, 12)))]","[((18, 1), ((1, 1), (1, 12))), ((15, 8), ()), ((26, 3), ()), ((6, 2), ((1, 1), (1, 12))), ((13, 5), ((1, 1),)), ((16, 3), ((1, 1),)), ((11, 4), ((1, 12),)), ((12, 6), ((1, 1), (1, 12))), ((18, 5), ((1, 1), (1, 12))), ((2, 6), ((1, 1), (1, 12))), ((26, 5), ()), ((23, 4), ())]","[((26, 3), ()), ((15, 8), ()), ((16, 3), ((1, 1),)), ((6, 2), ((1, 1), (1, 12))), ((13, 5), ((1, 1),)), ((23, 4), ()), ((11, 4), ((1, 12),)), ((12, 6), ((1, 1), (1, 12))), ((18, 5), ((1, 1), (1, 12))), ((2, 6), ((1, 1), (1, 12))), ((26, 5), ())]",353,69,21,90
354,"((26, 3), ())","((26, 4), ())",South,"[((26, 4), ())]","[((26, 3), ()), ((15, 8), ()), ((16, 3), ((1, 1),)), ((6, 2), ((1, 1), (1, 12))), ((13, 5), ((1, 1),)), ((23, 4), ()), ((11, 4), ((1, 12),)), ((12, 6), ((1, 1), (1, 12))), ((18, 5), ((1, 1), (1, 12))), ((2, 6), ((1, 1), (1, 12))), ((26, 5), ())]","[((15, 8), ()), ((13, 5), ((1, 1),)), ((16, 3), ((1, 1),)), ((6, 2), ((1, 1), (1, 12))), ((2, 6), ((1, 1), (1, 12))), ((23, 4), ()), ((11, 4), ((1, 12),)), ((12, 6), ((1, 1), (1, 12))), ((18, 5), ((1, 1), (1, 12))), ((26, 5), ())]",354,37,53,90
355,"((15, 8), ())","((15, 9), ())",South,"[((15, 9), ()), ((16, 8), ())]","[((15, 8), ()), ((13, 5), ((1, 1),)), ((16, 3), ((1, 1),)), ((6, 2), ((1, 1), (1, 12))), ((2, 6), ((1, 1), (1, 12))), ((23, 4), ()), ((11, 4), ((1, 12),)), ((12, 6), ((1, 1), (1, 12))), ((18, 5), ((1, 1), (1, 12))), ((26, 5), ())]","[((13, 5), ((1, 1),)), ((16, 8), ()), ((16, 3), ((1, 1),)), ((6, 2), ((1, 1), (1, 12))), ((2, 6), ((1, 1), (1, 12))), ((23, 4), ()), ((11, 4), ((1, 12),)), ((12, 6), ((1, 1), (1, 12))), ((18, 5), ((1, 1), (1, 12))), ((26, 5), ())]",355,25,66,91
356,"((13, 5), ((1, 1),))","((13, 4), ((1, 1),))",North,"[((13, 6), ((1, 1),)), ((13, 4), ((1, 1),))]","[((13, 5), ((1, 1),)), ((16, 8), ()), ((16, 3), ((1, 1),)), ((6, 2), ((1, 1), (1, 12))), ((2, 6), ((1, 1), (1, 12))), ((23, 4), ()), ((11, 4), ((1, 12),)), ((12, 6), ((1, 1), (1, 12))), ((18, 5), ((1, 1), (1, 12))), ((26, 5), ())]","[((16, 3), ((1, 1),)), ((16, 8), ()), ((11, 4), ((1, 12),)), ((6, 2), ((1, 1), (1, 12))), ((13, 6), ((1, 1),)), ((23, 4), ()), ((26, 5), ()), ((12, 6), ((1, 1), (1, 12))), ((18, 5), ((1, 1), (1, 12))), ((2, 6), ((1, 1), (1, 12)))]",356,34,57,91
357,"((16, 3), ((1, 1),))","((16, 2), ((1, 1),))",North,"[((16, 4), ((1, 1),)), ((16, 2), ((1, 1),))]","[((16, 3), ((1, 1),)), ((16, 8), ()), ((11, 4), ((1, 12),)), ((6, 2), ((1, 1), (1, 12))), ((13, 6), ((1, 1),)), ((23, 4), ()), ((26, 5), ()), ((12, 6), ((1, 1), (1, 12))), ((18, 5), ((1, 1), (1, 12))), ((2, 6), ((1, 1), (1, 12)))]","[((16, 8), ()), ((13, 6), ((1, 1),)), ((11, 4), ((1, 12),)), ((6, 2), ((1, 1), (1, 12))), ((2, 6), ((1, 1), (1, 12))), ((23, 4), ()), ((26, 5), ()), ((12, 6), ((1, 1), (1, 12))), ((18, 5), ((1, 1), (1, 12))), ((16, 4), ((1, 1),))]",357,39,52,91
358,"((16, 8), ())","((15, 8), ())",East,"[((17, 8), ()), ((15, 8), ())]","[((16, 8), ()), ((13, 6), ((1, 1),)), ((11, 4), ((1, 12),)), ((6, 2), ((1, 1), (1, 12))), ((2, 6), ((1, 1), (1, 12))), ((23, 4), ()), ((26, 5), ()), ((12, 6), ((1, 1), (1, 12))), ((18, 5), ((1, 1), (1, 12))), ((16, 4), ((1, 1),))]","[((13, 6), ((1, 1),)), ((17, 8), ()), ((11, 4), ((1, 12),)), ((6, 2), ((1, 1), (1, 12))), ((2, 6), ((1, 1), (1, 12))), ((23, 4), ()), ((26, 5), ()), ((12, 6), ((1, 1), (1, 12))), ((18, 5), ((1, 1), (1, 12))), ((16, 4), ((1, 1),))]",358,26,65,91
359,"((13, 6), ((1, 1),))","((13, 5), ((1, 1),))",North,"[((13, 5), ((1, 1),)), ((12, 6), ((1, 1),))]","[((13, 6), ((1, 1),)), ((17, 8), ()), ((11, 4), ((1, 12),)), ((6, 2), ((1, 1), (1, 12))), ((2, 6), ((1, 1), (1, 12))), ((23, 4), ()), ((26, 5), ()), ((12, 6), ((1, 1), (1, 12))), ((18, 5), ((1, 1), (1, 12))), ((16, 4), ((1, 1),))]","[((17, 8), ()), ((12, 6), ((1, 1),)), ((11, 4), ((1, 12),)), ((6, 2), ((1, 1), (1, 12))), ((2, 6), ((1, 1), (1, 12))), ((23, 4), ()), ((26, 5), ()), ((12, 6), ((1, 1), (1, 12))), ((18, 5), ((1, 1), (1, 12))), ((16, 4), ((1, 1),))]",359,35,56,91
360,"((17, 8), ())","((16, 8), ())",East,"[((18, 8), ()), ((16, 8), ())]","[((17, 8), ()), ((12, 6), ((1, 1),)), ((11, 4), ((1, 12),)), ((6, 2), ((1, 1), (1, 12))), ((2, 6), ((1, 1), (1, 12))), ((23, 4), ()), ((26, 5), ()), ((12, 6), ((1, 1), (1, 12))), ((18, 5), ((1, 1), (1, 12))), ((16, 4), ((1, 1),))]","[((12, 6), ((1, 1),)), ((18, 8), ()), ((11, 4), ((1, 12),)), ((6, 2), ((1, 1), (1, 12))), ((2, 6), ((1, 1), (1, 12))), ((23, 4), ()), ((26, 5), ()), ((12, 6), ((1, 1), (1, 12))), ((18, 5), ((1, 1), (1, 12))), ((16, 4), ((1, 1),))]",360,27,64,91
361,"((12, 6), ((1, 1),))","((13, 6), ((1, 1),))",West,"[((13, 6), ((1, 1),)), ((11, 6), ((1, 1),))]","[((12, 6), ((1, 1),)), ((18, 8), ()), ((11, 4), ((1, 12),)), ((6, 2), ((1, 1), (1, 12))), ((2, 6), ((1, 1), (1, 12))), ((23, 4), ()), ((26, 5), ()), ((12, 6), ((1, 1), (1, 12))), ((18, 5), ((1, 1), (1, 12))), ((16, 4), ((1, 1),))]","[((18, 8), ()), ((11, 6), ((1, 1),)), ((11, 4), ((1, 12),)), ((6, 2), ((1, 1), (1, 12))), ((2, 6), ((1, 1), (1, 12))), ((23, 4), ()), ((26, 5), ()), ((12, 6), ((1, 1), (1, 12))), ((18, 5), ((1, 1), (1, 12))), ((16, 4), ((1, 1),))]",361,36,55,91
362,"((18, 8), ())","((17, 8), ())",East,"[((18, 9), ()), ((17, 8), ())]","[((18, 8), ()), ((11, 6), ((1, 1),)), ((11, 4), ((1, 12),)), ((6, 2), ((1, 1), (1, 12))), ((2, 6), ((1, 1), (1, 12))), ((23, 4), ()), ((26, 5), ()), ((12, 6), ((1, 1), (1, 12))), ((18, 5), ((1, 1), (1, 12))), ((16, 4), ((1, 1),))]","[((11, 6), ((1, 1),)), ((18, 9), ()), ((11, 4), ((1, 12),)), ((6, 2), ((1, 1), (1, 12))), ((2, 6), ((1, 1), (1, 12))), ((23, 4), ()), ((26, 5), ()), ((12, 6), ((1, 1), (1, 12))), ((18, 5), ((1, 1), (1, 12))), ((16, 4), ((1, 1),))]",362,28,63,91
363,"((11, 6), ((1, 1),))","((12, 6), ((1, 1),))",West,"[((11, 7), ((1, 1),)), ((12, 6), ((1, 1),)), ((10, 6), ((1, 1),))]","[((11, 6), ((1, 1),)), ((18, 9), ()), ((11, 4), ((1, 12),)), ((6, 2), ((1, 1), (1, 12))), ((2, 6), ((1, 1), (1, 12))), ((23, 4), ()), ((26, 5), ()), ((12, 6), ((1, 1), (1, 12))), ((18, 5), ((1, 1), (1, 12))), ((16, 4), ((1, 1),))]","[((18, 9), ()), ((11, 7), ((1, 1),)), ((11, 4), ((1, 12),)), ((6, 2), ((1, 1), (1, 12))), ((10, 6), ((1, 1),)), ((23, 4), ()), ((26, 5), ()), ((12, 6), ((1, 1), (1, 12))), ((18, 5), ((1, 1), (1, 12))), ((16, 4), ((1, 1),)), ((2, 6), ((1, 1), (1, 12)))]",363,37,54,91
364,"((18, 9), ())","((18, 8), ())",North,"[((18, 10), ()), ((18, 8), ())]","[((18, 9), ()), ((11, 7), ((1, 1),)), ((11, 4), ((1, 12),)), ((6, 2), ((1, 1), (1, 12))), ((10, 6), ((1, 1),)), ((23, 4), ()), ((26, 5), ()), ((12, 6), ((1, 1), (1, 12))), ((18, 5), ((1, 1), (1, 12))), ((16, 4), ((1, 1),)), ((2, 6), ((1, 1), (1, 12)))]","[((11, 7), ((1, 1),)), ((10, 6), ((1, 1),)), ((11, 4), ((1, 12),)), ((6, 2), ((1, 1), (1, 12))), ((18, 10), ()), ((23, 4), ()), ((26, 5), ()), ((12, 6), ((1, 1), (1, 12))), ((18, 5), ((1, 1), (1, 12))), ((16, 4), ((1, 1),)), ((2, 6), ((1, 1), (1, 12)))]",364,29,62,91
365,"((11, 7), ((1, 1),))","((11, 6), ((1, 1),))",North,"[((11, 8), ((1, 1),)), ((11, 6), ((1, 1),))]","[((11, 7), ((1, 1),)), ((10, 6), ((1, 1),)), ((11, 4), ((1, 12),)), ((6, 2), ((1, 1), (1, 12))), ((18, 10), ()), ((23, 4), ()), ((26, 5), ()), ((12, 6), ((1, 1), (1, 12))), ((18, 5), ((1, 1), (1, 12))), ((16, 4), ((1, 1),)), ((2, 6), ((1, 1), (1, 12)))]","[((10, 6), ((1, 1),)), ((18, 10), ()), ((11, 4), ((1, 12),)), ((6, 2), ((1, 1), (1, 12))), ((11, 8), ((1, 1),)), ((23, 4), ()), ((26, 5), ()), ((12, 6), ((1, 1), (1, 12))), ((18, 5), ((1, 1), (1, 12))), ((16, 4), ((1, 1),)), ((2, 6), ((1, 1), (1, 12)))]",365,38,53,91
366,"((10, 6), ((1, 1),))","((11, 6), ((1, 1),))",West,"[((11, 6), ((1, 1),)), ((9, 6), ((1, 1),))]","[((10, 6), ((1, 1),)), ((18, 10), ()), ((11, 4), ((1, 12),)), ((6, 2), ((1, 1), (1, 12))), ((11, 8), ((1, 1),)), ((23, 4), ()), ((26, 5), ()), ((12, 6), ((1, 1), (1, 12))), ((18, 5), ((1, 1), (1, 12))), ((16, 4), ((1, 1),)), ((2, 6), ((1, 1), (1, 12)))]","[((18, 10), ()), ((11, 8), ((1, 1),)), ((11, 4), ((1, 12),)), ((6, 2), ((1, 1), (1, 12))), ((9, 6), ((1, 1),)), ((23, 4), ()), ((26, 5), ()), ((12, 6), ((1, 1), (1, 12))), ((18, 5), ((1, 1), (1, 12))), ((16, 4), ((1, 1),)), ((2, 6), ((1, 1), (1, 12)))]",366,38,53,91
367,"((18, 10), ())","((18, 9), ())",North,"[((18, 11), ()), ((18, 9), ()), ((19, 10), ())]","[((18, 10), ()), ((11, 8), ((1, 1),)), ((11, 4), ((1, 12),)), ((6, 2), ((1, 1), (1, 12))), ((9, 6), ((1, 1),)), ((23, 4), ()), ((26, 5), ()), ((12, 6), ((1, 1), (1, 12))), ((18, 5), ((1, 1), (1, 12))), ((16, 4), ((1, 1),)), ((2, 6), ((1, 1), (1, 12)))]","[((11, 8), ((1, 1),)), ((9, 6), ((1, 1),)), ((19, 10), ()), ((6, 2), ((1, 1), (1, 12))), ((18, 11), ()), ((11, 4), ((1, 12),)), ((26, 5), ()), ((12, 6), ((1, 1), (1, 12))), ((18, 5), ((1, 1), (1, 12))), ((16, 4), ((1, 1),)), ((2, 6), ((1, 1), (1, 12))), ((23, 4), ())]",367,30,61,91
368,"((11, 8), ((1, 1),))","((11, 7), ((1, 1),))",North,"[((11, 9), ((1, 1),)), ((11, 7), ((1, 1),)), ((12, 8), ((1, 1),))]","[((11, 8), ((1, 1),)), ((9, 6), ((1, 1),)), ((19, 10), ()), ((6, 2), ((1, 1), (1, 12))), ((18, 11), ()), ((11, 4), ((1, 12),)), ((26, 5), ()), ((12, 6), ((1, 1), (1, 12))), ((18, 5), ((1, 1), (1, 12))), ((16, 4), ((1, 1),)), ((2, 6), ((1, 1), (1, 12))), ((23, 4), ())]","[((9, 6), ((1, 1),)), ((18, 11), ()), ((19, 10), ()), ((6, 2), ((1, 1), (1, 12))), ((2, 6), ((1, 1), (1, 12))), ((11, 9), ((1, 1),)), ((26, 5), ()), ((12, 6), ((1, 1), (1, 12))), ((18, 5), ((1, 1), (1, 12))), ((16, 4), ((1, 1),)), ((23, 4), ()), ((11, 4), ((1, 12),)), ((12, 8), ((1, 1),))]",368,39,52,91
369,"((9, 6), ((1, 1),))","((10, 6), ((1, 1),))",West,"[((9, 7), ((1, 1),)), ((10, 6), ((1, 1),))]","[((9, 6), ((1, 1),)), ((18, 11), ()), ((19, 10), ()), ((6, 2), ((1, 1), (1, 12))), ((2, 6), ((1, 1), (1, 12))), ((11, 9), ((1, 1),)), ((26, 5), ()), ((12, 6), ((1, 1), (1, 12))), ((18, 5), ((1, 1), (1, 12))), ((16, 4), ((1, 1),)), ((23, 4), ()), ((11, 4), ((1, 12),)), ((12, 8), ((1, 1),))]","[((18, 11), ()), ((2, 6), ((1, 1), (1, 12))), ((19, 10), ()), ((6, 2), ((1, 1), (1, 12))), ((23, 4), ()), ((11, 9), ((1, 1),)), ((26, 5), ()), ((12, 6), ((1, 1), (1, 12))), ((18, 5), ((1, 1), (1, 12))), ((16, 4), ((1, 1),)), ((12, 8), ((1, 1),)), ((11, 4), ((1, 12),)), ((9, 7), ((1, 1),))]",369,39,52,91
370,"((18, 11), ())","((18, 10), ())",North,"[((18, 12), ()), ((18, 10), ())]","[((18, 11), ()), ((2, 6), ((1, 1), (1, 12))), ((19, 10), ()), ((6, 2), ((1, 1), (1, 12))), ((23, 4), ()), ((11, 9), ((1, 1),)), ((26, 5), ()), ((12, 6), ((1, 1), (1, 12))), ((18, 5), ((1, 1), (1, 12))), ((16, 4), ((1, 1),)), ((12, 8), ((1, 1),)), ((11, 4), ((1, 12),)), ((9, 7), ((1, 1),))]","[((19, 10), ()), ((2, 6), ((1, 1), (1, 12))), ((11, 9), ((1, 1),)), ((6, 2), ((1, 1), (1, 12))), ((23, 4), ()), ((9, 7), ((1, 1),)), ((26, 5), ()), ((12, 6), ((1, 1), (1, 12))), ((18, 5), ((1, 1), (1, 12))), ((16, 4), ((1, 1),)), ((12, 8), ((1, 1),)), ((11, 4), ((1, 12),)), ((18, 12), ())]",370,31,60,91
371,"((19, 10), ())","((18, 10), ())",East,"[((20, 10), ()), ((18, 10), ())]","[((19, 10), ()), ((2, 6), ((1, 1), (1, 12))), ((11, 9), ((1, 1),)), ((6, 2), ((1, 1), (1, 12))), ((23, 4), ()), ((9, 7), ((1, 1),)), ((26, 5), ()), ((12, 6), ((1, 1), (1, 12))), ((18, 5), ((1, 1), (1, 12))), ((16, 4), ((1, 1),)), ((12, 8), ((1, 1),)), ((11, 4), ((1, 12),)), ((18, 12), ())]","[((11, 9), ((1, 1),)), ((2, 6), ((1, 1), (1, 12))), ((9, 7), ((1, 1),)), ((6, 2), ((1, 1), (1, 12))), ((23, 4), ()), ((18, 12), ()), ((26, 5), ()), ((12, 6), ((1, 1), (1, 12))), ((18, 5), ((1, 1), (1, 12))), ((16, 4), ((1, 1),)), ((12, 8), ((1, 1),)), ((11, 4), ((1, 12),)), ((20, 10), ())]",371,31,60,91
372,"((11, 9), ((1, 1),))","((11, 8), ((1, 1),))",North,"[((11, 10), ((1, 1),)), ((11, 8), ((1, 1),))]","[((11, 9), ((1, 1),)), ((2, 6), ((1, 1), (1, 12))), ((9, 7), ((1, 1),)), ((6, 2), ((1, 1), (1, 12))), ((23, 4), ()), ((18, 12), ()), ((26, 5), ()), ((12, 6), ((1, 1), (1, 12))), ((18, 5), ((1, 1), (1, 12))), ((16, 4), ((1, 1),)), ((12, 8), ((1, 1),)), ((11, 4), ((1, 12),)), ((20, 10), ())]","[((9, 7), ((1, 1),)), ((2, 6), ((1, 1), (1, 12))), ((18, 12), ()), ((6, 2), ((1, 1), (1, 12))), ((23, 4), ()), ((20, 10), ()), ((26, 5), ()), ((12, 6), ((1, 1), (1, 12))), ((18, 5), ((1, 1), (1, 12))), ((16, 4), ((1, 1),)), ((12, 8), ((1, 1),)), ((11, 4), ((1, 12),)), ((11, 10), ((1, 1),))]",372,40,51,91
373,"((9, 7), ((1, 1),))","((9, 6), ((1, 1),))",North,"[((9, 8), ((1, 1),)), ((9, 6), ((1, 1),))]","[((9, 7), ((1, 1),)), ((2, 6), ((1, 1), (1, 12))), ((18, 12), ()), ((6, 2), ((1, 1), (1, 12))), ((23, 4), ()), ((20, 10), ()), ((26, 5), ()), ((12, 6), ((1, 1), (1, 12))), ((18, 5), ((1, 1), (1, 12))), ((16, 4), ((1, 1),)), ((12, 8), ((1, 1),)), ((11, 4), ((1, 12),)), ((11, 10), ((1, 1),))]","[((18, 12), ()), ((2, 6), ((1, 1), (1, 12))), ((20, 10), ()), ((6, 2), ((1, 1), (1, 12))), ((23, 4), ()), ((11, 10), ((1, 1),)), ((26, 5), ()), ((12, 6), ((1, 1), (1, 12))), ((18, 5), ((1, 1), (1, 12))), ((16, 4), ((1, 1),)), ((12, 8), ((1, 1),)), ((11, 4), ((1, 12),)), ((9, 8), ((1, 1),))]",373,40,51,91
374,"((18, 12), ())","((18, 11), ())",North,"[((18, 11), ()), ((19, 12), ()), ((17, 12), ())]","[((18, 12), ()), ((2, 6), ((1, 1), (1, 12))), ((20, 10), ()), ((6, 2), ((1, 1), (1, 12))), ((23, 4), ()), ((11, 10), ((1, 1),)), ((26, 5), ()), ((12, 6), ((1, 1), (1, 12))), ((18, 5), ((1, 1), (1, 12))), ((16, 4), ((1, 1),)), ((12, 8), ((1, 1),)), ((11, 4), ((1, 12),)), ((9, 8), ((1, 1),))]","[((20, 10), ()), ((2, 6), ((1, 1), (1, 12))), ((11, 10), ((1, 1),)), ((6, 2), ((1, 1), (1, 12))), ((23, 4), ()), ((9, 8), ((1, 1),)), ((26, 5), ()), ((12, 6), ((1, 1), (1, 12))), ((18, 5), ((1, 1), (1, 12))), ((16, 4), ((1, 1),)), ((12, 8), ((1, 1),)), ((11, 4), ((1, 12),)), ((19, 12), ()), ((17, 12), ())]",374,32,59,91
375,"((20, 10), ())","((19, 10), ())",East,"[((21, 10), ()), ((19, 10), ())]","[((20, 10), ()), ((2, 6), ((1, 1), (1, 12))), ((11, 10), ((1, 1),)), ((6, 2), ((1, 1), (1, 12))), ((23, 4), ()), ((9, 8), ((1, 1),)), ((26, 5), ()), ((12, 6), ((1, 1), (1, 12))), ((18, 5), ((1, 1), (1, 12))), ((16, 4), ((1, 1),)), ((12, 8), ((1, 1),)), ((11, 4), ((1, 12),)), ((19, 12), ()), ((17, 12), ())]","[((11, 10), ((1, 1),)), ((2, 6), ((1, 1), (1, 12))), ((9, 8), ((1, 1),)), ((6, 2), ((1, 1), (1, 12))), ((23, 4), ()), ((19, 12), ()), ((21, 10), ()), ((12, 6), ((1, 1), (1, 12))), ((18, 5), ((1, 1), (1, 12))), ((16, 4), ((1, 1),)), ((12, 8), ((1, 1),)), ((11, 4), ((1, 12),)), ((17, 12), ()), ((26, 5), ())]",375,32,59,91
376,"((11, 10), ((1, 1),))","((11, 9), ((1, 1),))",North,"[((11, 11), ((1, 1),)), ((11, 9), ((1, 1),)), ((12, 10), ((1, 1),)), ((10, 10), ((1, 1),))]","[((11, 10), ((1, 1),)), ((2, 6), ((1, 1), (1, 12))), ((9, 8), ((1, 1),)), ((6, 2), ((1, 1), (1, 12))), ((23, 4), ()), ((19, 12), ()), ((21, 10), ()), ((12, 6), ((1, 1), (1, 12))), ((18, 5), ((1, 1), (1, 12))), ((16, 4), ((1, 1),)), ((12, 8), ((1, 1),)), ((11, 4), ((1, 12),)), ((17, 12), ()), ((26, 5), ())]","[((9, 8), ((1, 1),)), ((10, 10), ((1, 1),)), ((19, 12), ()), ((2, 6), ((1, 1), (1, 12))), ((23, 4), ()), ((11, 4), ((1, 12),)), ((21, 10), ()), ((6, 2), ((1, 1), (1, 12))), ((18, 5), ((1, 1), (1, 12))), ((16, 4), ((1, 1),)), ((12, 8), ((1, 1),)), ((26, 5), ()), ((17, 12), ()), ((11, 11), ((1, 1),)), ((12, 10), ((1, 1),)), ((12, 6), ((1, 1), (1, 12)))]",376,41,50,91
377,"((9, 8), ((1, 1),))","((9, 7), ((1, 1),))",North,"[((9, 7), ((1, 1),))]","[((9, 8), ((1, 1),)), ((10, 10), ((1, 1),)), ((19, 12), ()), ((2, 6), ((1, 1), (1, 12))), ((23, 4), ()), ((11, 4), ((1, 12),)), ((21, 10), ()), ((6, 2), ((1, 1), (1, 12))), ((18, 5), ((1, 1), (1, 12))), ((16, 4), ((1, 1),)), ((12, 8), ((1, 1),)), ((26, 5), ()), ((17, 12), ()), ((11, 11), ((1, 1),)), ((12, 10), ((1, 1),)), ((12, 6), ((1, 1), (1, 12)))]","[((19, 12), ()), ((10, 10), ((1, 1),)), ((21, 10), ()), ((2, 6), ((1, 1), (1, 12))), ((23, 4), ()), ((11, 4), ((1, 12),)), ((11, 11), ((1, 1),)), ((6, 2), ((1, 1), (1, 12))), ((18, 5), ((1, 1), (1, 12))), ((16, 4), ((1, 1),)), ((12, 8), ((1, 1),)), ((26, 5), ()), ((17, 12), ()), ((12, 6), ((1, 1), (1, 12))), ((12, 10), ((1, 1),))]",377,41,50,91
378,"((19, 12), ())","((18, 12), ())",East,"[((20, 12), ()), ((18, 12), ())]","[((19, 12), ()), ((10, 10), ((1, 1),)), ((21, 10), ()), ((2, 6), ((1, 1), (1, 12))), ((23, 4), ()), ((11, 4), ((1, 12),)), ((11, 11), ((1, 1),)), ((6, 2), ((1, 1), (1, 12))), ((18, 5), ((1, 1), (1, 12))), ((16, 4), ((1, 1),)), ((12, 8), ((1, 1),)), ((26, 5), ()), ((17, 12), ()), ((12, 6), ((1, 1), (1, 12))), ((12, 10), ((1, 1),))]","[((21, 10), ()), ((10, 10), ((1, 1),)), ((11, 11), ((1, 1),)), ((2, 6), ((1, 1), (1, 12))), ((23, 4), ()), ((11, 4), ((1, 12),)), ((20, 12), ()), ((6, 2), ((1, 1), (1, 12))), ((18, 5), ((1, 1), (1, 12))), ((16, 4), ((1, 1),)), ((12, 8), ((1, 1),)), ((26, 5), ()), ((17, 12), ()), ((12, 10), ((1, 1),)), ((12, 6), ((1, 1), (1, 12)))]",378,33,58,91
379,"((21, 10), ())","((20, 10), ())",East,"[((22, 10), ()), ((20, 10), ())]","[((21, 10), ()), ((10, 10), ((1, 1),)), ((11, 11), ((1, 1),)), ((2, 6), ((1, 1), (1, 12))), ((23, 4), ()), ((11, 4), ((1, 12),)), ((20, 12), ()), ((6, 2), ((1, 1), (1, 12))), ((18, 5), ((1, 1), (1, 12))), ((16, 4), ((1, 1),)), ((12, 8), ((1, 1),)), ((26, 5), ()), ((17, 12), ()), ((12, 10), ((1, 1),)), ((12, 6), ((1, 1), (1, 12)))]","[((11, 11), ((1, 1),)), ((10, 10), ((1, 1),)), ((20, 12), ()), ((2, 6), ((1, 1), (1, 12))), ((23, 4), ()), ((11, 4), ((1, 12),)), ((22, 10), ()), ((6, 2), ((1, 1), (1, 12))), ((18, 5), ((1, 1), (1, 12))), ((16, 4), ((1, 1),)), ((12, 8), ((1, 1),)), ((26, 5), ()), ((17, 12), ()), ((12, 10), ((1, 1),)), ((12, 6), ((1, 1), (1, 12)))]",379,33,58,91
380,"((11, 11), ((1, 1),))","((11, 10), ((1, 1),))",North,"[((11, 12), ((1, 1),)), ((11, 10), ((1, 1),))]","[((11, 11), ((1, 1),)), ((10, 10), ((1, 1),)), ((20, 12), ()), ((2, 6), ((1, 1), (1, 12))), ((23, 4), ()), ((11, 4), ((1, 12),)), ((22, 10), ()), ((6, 2), ((1, 1), (1, 12))), ((18, 5), ((1, 1), (1, 12))), ((16, 4), ((1, 1),)), ((12, 8), ((1, 1),)), ((26, 5), ()), ((17, 12), ()), ((12, 10), ((1, 1),)), ((12, 6), ((1, 1), (1, 12)))]","[((10, 10), ((1, 1),)), ((2, 6), ((1, 1), (1, 12))), ((20, 12), ()), ((6, 2), ((1, 1), (1, 12))), ((23, 4), ()), ((11, 4), ((1, 12),)), ((22, 10), ()), ((12, 6), ((1, 1), (1, 12))), ((18, 5), ((1, 1), (1, 12))), ((16, 4), ((1, 1),)), ((12, 8), ((1, 1),)), ((26, 5), ()), ((17, 12), ()), ((12, 10), ((1, 1),)), ((11, 12), ((1, 1),))]",380,42,49,91
381,"((10, 10), ((1, 1),))","((11, 10), ((1, 1),))",West,"[((11, 10), ((1, 1),)), ((9, 10), ((1, 1),))]","[((10, 10), ((1, 1),)), ((2, 6), ((1, 1), (1, 12))), ((20, 12), ()), ((6, 2), ((1, 1), (1, 12))), ((23, 4), ()), ((11, 4), ((1, 12),)), ((22, 10), ()), ((12, 6), ((1, 1), (1, 12))), ((18, 5), ((1, 1), (1, 12))), ((16, 4), ((1, 1),)), ((12, 8), ((1, 1),)), ((26, 5), ()), ((17, 12), ()), ((12, 10), ((1, 1),)), ((11, 12), ((1, 1),))]","[((20, 12), ()), ((2, 6), ((1, 1), (1, 12))), ((22, 10), ()), ((6, 2), ((1, 1), (1, 12))), ((23, 4), ()), ((11, 4), ((1, 12),)), ((11, 12), ((1, 1),)), ((12, 6), ((1, 1), (1, 12))), ((18, 5), ((1, 1), (1, 12))), ((16, 4), ((1, 1),)), ((12, 8), ((1, 1),)), ((26, 5), ()), ((17, 12), ()), ((12, 10), ((1, 1),)), ((9, 10), ((1, 1),))]",381,42,49,91
382,"((20, 12), ())","((19, 12), ())",East,"[((21, 12), ()), ((19, 12), ())]","[((20, 12), ()), ((2, 6), ((1, 1), (1, 12))), ((22, 10), ()), ((6, 2), ((1, 1), (1, 12))), ((23, 4), ()), ((11, 4), ((1, 12),)), ((11, 12), ((1, 1),)), ((12, 6), ((1, 1), (1, 12))), ((18, 5), ((1, 1), (1, 12))), ((16, 4), ((1, 1),)), ((12, 8), ((1, 1),)), ((26, 5), ()), ((17, 12), ()), ((12, 10), ((1, 1),)), ((9, 10), ((1, 1),))]","[((22, 10), ()), ((2, 6), ((1, 1), (1, 12))), ((11, 12), ((1, 1),)), ((6, 2), ((1, 1), (1, 12))), ((23, 4), ()), ((11, 4), ((1, 12),)), ((9, 10), ((1, 1),)), ((12, 6), ((1, 1), (1, 12))), ((18, 5), ((1, 1), (1, 12))), ((16, 4), ((1, 1),)), ((12, 8), ((1, 1),)), ((26, 5), ()), ((17, 12), ()), ((12, 10), ((1, 1),)), ((21, 12), ())]",382,34,57,91
383,"((22, 10), ())","((21, 10), ())",East,"[((21, 10), ())]","[((22, 10), ()), ((2, 6), ((1, 1), (1, 12))), ((11, 12), ((1, 1),)), ((6, 2), ((1, 1), (1, 12))), ((23, 4), ()), ((11, 4), ((1, 12),)), ((9, 10), ((1, 1),)), ((12, 6), ((1, 1), (1, 12))), ((18, 5), ((1, 1), (1, 12))), ((16, 4), ((1, 1),)), ((12, 8), ((1, 1),)), ((26, 5), ()), ((17, 12), ()), ((12, 10), ((1, 1),)), ((21, 12), ())]","[((11, 12), ((1, 1),)), ((2, 6), ((1, 1), (1, 12))), ((9, 10), ((1, 1),)), ((6, 2), ((1, 1), (1, 12))), ((23, 4), ()), ((11, 4), ((1, 12),)), ((21, 12), ()), ((12, 6), ((1, 1), (1, 12))), ((18, 5), ((1, 1), (1, 12))), ((16, 4), ((1, 1),)), ((12, 8), ((1, 1),)), ((26, 5), ()), ((17, 12), ()), ((12, 10), ((1, 1),))]",383,34,57,91
384,"((11, 12), ((1, 1),))","((11, 11), ((1, 1),))",North,"[((11, 11), ((1, 1),))]","[((11, 12), ((1, 1),)), ((2, 6), ((1, 1), (1, 12))), ((9, 10), ((1, 1),)), ((6, 2), ((1, 1), (1, 12))), ((23, 4), ()), ((11, 4), ((1, 12),)), ((21, 12), ()), ((12, 6), ((1, 1), (1, 12))), ((18, 5), ((1, 1), (1, 12))), ((16, 4), ((1, 1),)), ((12, 8), ((1, 1),)), ((26, 5), ()), ((17, 12), ()), ((12, 10), ((1, 1),))]","[((9, 10), ((1, 1),)), ((2, 6), ((1, 1), (1, 12))), ((21, 12), ()), ((6, 2), ((1, 1), (1, 12))), ((23, 4), ()), ((11, 4), ((1, 12),)), ((12, 10), ((1, 1),)), ((12, 6), ((1, 1), (1, 12))), ((18, 5), ((1, 1), (1, 12))), ((16, 4), ((1, 1),)), ((12, 8), ((1, 1),)), ((26, 5), ()), ((17, 12), ())]",384,43,48,91
385,"((9, 10), ((1, 1),))","((10, 10), ((1, 1),))",West,"[((9, 11), ((1, 1),)), ((10, 10), ((1, 1),))]","[((9, 10), ((1, 1),)), ((2, 6), ((1, 1), (1, 12))), ((21, 12), ()), ((6, 2), ((1, 1), (1, 12))), ((23, 4), ()), ((11, 4), ((1, 12),)), ((12, 10), ((1, 1),)), ((12, 6), ((1, 1), (1, 12))), ((18, 5), ((1, 1), (1, 12))), ((16, 4), ((1, 1),)), ((12, 8), ((1, 1),)), ((26, 5), ()), ((17, 12), ())]","[((21, 12), ()), ((2, 6), ((1, 1), (1, 12))), ((9, 11), ((1, 1),)), ((6, 2), ((1, 1), (1, 12))), ((23, 4), ()), ((11, 4), ((1, 12),)), ((12, 10), ((1, 1),)), ((12, 6), ((1, 1), (1, 12))), ((18, 5), ((1, 1), (1, 12))), ((16, 4), ((1, 1),)), ((12, 8), ((1, 1),)), ((17, 12), ()), ((26, 5), ())]",385,43,48,91
386,"((21, 12), ())","((20, 12), ())",East,"[((22, 12), ()), ((20, 12), ())]","[((21, 12), ()), ((2, 6), ((1, 1), (1, 12))), ((9, 11), ((1, 1),)), ((6, 2), ((1, 1), (1, 12))), ((23, 4), ()), ((11, 4), ((1, 12),)), ((12, 10), ((1, 1),)), ((12, 6), ((1, 1), (1, 12))), ((18, 5), ((1, 1), (1, 12))), ((16, 4), ((1, 1),)), ((12, 8), ((1, 1),)), ((17, 12), ()), ((26, 5), ())]","[((9, 11), ((1, 1),)), ((2, 6), ((1, 1), (1, 12))), ((22, 12), ()), ((6, 2), ((1, 1), (1, 12))), ((23, 4), ()), ((11, 4), ((1, 12),)), ((12, 10), ((1, 1),)), ((12, 6), ((1, 1), (1, 12))), ((18, 5), ((1, 1), (1, 12))), ((16, 4), ((1, 1),)), ((12, 8), ((1, 1),)), ((17, 12), ()), ((26, 5), ())]",386,35,56,91
387,"((9, 11), ((1, 1),))","((9, 10), ((1, 1),))",North,"[((9, 12), ((1, 1),)), ((9, 10), ((1, 1),))]","[((9, 11), ((1, 1),)), ((2, 6), ((1, 1), (1, 12))), ((22, 12), ()), ((6, 2), ((1, 1), (1, 12))), ((23, 4), ()), ((11, 4), ((1, 12),)), ((12, 10), ((1, 1),)), ((12, 6), ((1, 1), (1, 12))), ((18, 5), ((1, 1), (1, 12))), ((16, 4), ((1, 1),)), ((12, 8), ((1, 1),)), ((17, 12), ()), ((26, 5), ())]","[((22, 12), ()), ((2, 6), ((1, 1), (1, 12))), ((9, 12), ((1, 1),)), ((6, 2), ((1, 1), (1, 12))), ((23, 4), ()), ((11, 4), ((1, 12),)), ((12, 10), ((1, 1),)), ((12, 6), ((1, 1), (1, 12))), ((18, 5), ((1, 1), (1, 12))), ((16, 4), ((1, 1),)), ((12, 8), ((1, 1),)), ((17, 12), ()), ((26, 5), ())]",387,44,47,91
388,"((22, 12), ())","((21, 12), ())",East,"[((23, 12), ()), ((21, 12), ())]","[((22, 12), ()), ((2, 6), ((1, 1), (1, 12))), ((9, 12), ((1, 1),)), ((6, 2), ((1, 1), (1, 12))), ((23, 4), ()), ((11, 4), ((1, 12),)), ((12, 10), ((1, 1),)), ((12, 6), ((1, 1), (1, 12))), ((18, 5), ((1, 1), (1, 12))), ((16, 4), ((1, 1),)), ((12, 8), ((1, 1),)), ((17, 12), ()), ((26, 5), ())]","[((9, 12), ((1, 1),)), ((2, 6), ((1, 1), (1, 12))), ((23, 12), ()), ((6, 2), ((1, 1), (1, 12))), ((23, 4), ()), ((11, 4), ((1, 12),)), ((12, 10), ((1, 1),)), ((12, 6), ((1, 1), (1, 12))), ((18, 5), ((1, 1), (1, 12))), ((16, 4), ((1, 1),)), ((12, 8), ((1, 1),)), ((17, 12), ()), ((26, 5), ())]",388,36,55,91
389,"((9, 12), ((1, 1),))","((9, 11), ((1, 1),))",North,"[((9, 11), ((1, 1),))]","[((9, 12), ((1, 1),)), ((2, 6), ((1, 1), (1, 12))), ((23, 12), ()), ((6, 2), ((1, 1), (1, 12))), ((23, 4), ()), ((11, 4), ((1, 12),)), ((12, 10), ((1, 1),)), ((12, 6), ((1, 1), (1, 12))), ((18, 5), ((1, 1), (1, 12))), ((16, 4), ((1, 1),)), ((12, 8), ((1, 1),)), ((17, 12), ()), ((26, 5), ())]","[((23, 12), ()), ((2, 6), ((1, 1), (1, 12))), ((11, 4), ((1, 12),)), ((6, 2), ((1, 1), (1, 12))), ((23, 4), ()), ((26, 5), ()), ((12, 10), ((1, 1),)), ((12, 6), ((1, 1), (1, 12))), ((18, 5), ((1, 1), (1, 12))), ((16, 4), ((1, 1),)), ((12, 8), ((1, 1),)), ((17, 12), ())]",389,45,46,91
390,"((23, 12), ())","((22, 12), ())",East,"[((24, 12), ()), ((22, 12), ())]","[((23, 12), ()), ((2, 6), ((1, 1), (1, 12))), ((11, 4), ((1, 12),)), ((6, 2), ((1, 1), (1, 12))), ((23, 4), ()), ((26, 5), ()), ((12, 10), ((1, 1),)), ((12, 6), ((1, 1), (1, 12))), ((18, 5), ((1, 1), (1, 12))), ((16, 4), ((1, 1),)), ((12, 8), ((1, 1),)), ((17, 12), ())]","[((24, 12), ()), ((2, 6), ((1, 1), (1, 12))), ((11, 4), ((1, 12),)), ((6, 2), ((1, 1), (1, 12))), ((23, 4), ()), ((26, 5), ()), ((12, 10), ((1, 1),)), ((12, 6), ((1, 1), (1, 12))), ((18, 5), ((1, 1), (1, 12))), ((16, 4), ((1, 1),)), ((12, 8), ((1, 1),)), ((17, 12), ())]",390,37,54,91
391,"((24, 12), ())","((23, 12), ())",East,"[((25, 12), ()), ((23, 12), ())]","[((24, 12), ()), ((2, 6), ((1, 1), (1, 12))), ((11, 4), ((1, 12),)), ((6, 2), ((1, 1), (1, 12))), ((23, 4), ()), ((26, 5), ()), ((12, 10), ((1, 1),)), ((12, 6), ((1, 1), (1, 12))), ((18, 5), ((1, 1), (1, 12))), ((16, 4), ((1, 1),)), ((12, 8), ((1, 1),)), ((17, 12), ())]","[((25, 12), ()), ((2, 6), ((1, 1), (1, 12))), ((11, 4), ((1, 12),)), ((6, 2), ((1, 1), (1, 12))), ((23, 4), ()), ((26, 5), ()), ((12, 10), ((1, 1),)), ((12, 6), ((1, 1), (1, 12))), ((18, 5), ((1, 1), (1, 12))), ((16, 4), ((1, 1),)), ((12, 8), ((1, 1),)), ((17, 12), ())]",391,38,53,91
392,"((25, 12), ())","((24, 12), ())",East,"[((26, 12), ()), ((24, 12), ())]","[((25, 12), ()), ((2, 6), ((1, 1), (1, 12))), ((11, 4), ((1, 12),)), ((6, 2), ((1, 1), (1, 12))), ((23, 4), ()), ((26, 5), ()), ((12, 10), ((1, 1),)), ((12, 6), ((1, 1), (1, 12))), ((18, 5), ((1, 1), (1, 12))), ((16, 4), ((1, 1),)), ((12, 8), ((1, 1),)), ((17, 12), ())]","[((26, 12), ()), ((2, 6), ((1, 1), (1, 12))), ((11, 4), ((1, 12),)), ((6, 2), ((1, 1), (1, 12))), ((23, 4), ()), ((26, 5), ()), ((12, 10), ((1, 1),)), ((12, 6), ((1, 1), (1, 12))), ((18, 5), ((1, 1), (1, 12))), ((16, 4), ((1, 1),)), ((12, 8), ((1, 1),)), ((17, 12), ())]",392,39,52,91
393,"((26, 12), ())","((25, 12), ())",East,"[((26, 11), ()), ((25, 12), ())]","[((26, 12), ()), ((2, 6), ((1, 1), (1, 12))), ((11, 4), ((1, 12),)), ((6, 2), ((1, 1), (1, 12))), ((23, 4), ()), ((26, 5), ()), ((12, 10), ((1, 1),)), ((12, 6), ((1, 1), (1, 12))), ((18, 5), ((1, 1), (1, 12))), ((16, 4), ((1, 1),)), ((12, 8), ((1, 1),)), ((17, 12), ())]","[((11, 4), ((1, 12),)), ((2, 6), ((1, 1), (1, 12))), ((26, 5), ()), ((6, 2), ((1, 1), (1, 12))), ((23, 4), ()), ((17, 12), ()), ((12, 10), ((1, 1),)), ((12, 6), ((1, 1), (1, 12))), ((18, 5), ((1, 1), (1, 12))), ((16, 4), ((1, 1),)), ((12, 8), ((1, 1),)), ((26, 11), ())]",393,40,51,91
394,"((11, 4), ((1, 12),))","((10, 4), ((1, 12),))",East,"[((11, 3), ((1, 12),)), ((12, 4), ((1, 12),)), ((10, 4), ((1, 12),))]","[((11, 4), ((1, 12),)), ((2, 6), ((1, 1), (1, 12))), ((26, 5), ()), ((6, 2), ((1, 1), (1, 12))), ((23, 4), ()), ((17, 12), ()), ((12, 10), ((1, 1),)), ((12, 6), ((1, 1), (1, 12))), ((18, 5), ((1, 1), (1, 12))), ((16, 4), ((1, 1),)), ((12, 8), ((1, 1),)), ((26, 11), ())]","[((2, 6), ((1, 1), (1, 12))), ((6, 2), ((1, 1), (1, 12))), ((26, 5), ()), ((12, 6), ((1, 1), (1, 12))), ((23, 4), ()), ((11, 3), ((1, 12),)), ((12, 10), ((1, 1),)), ((26, 11), ()), ((18, 5), ((1, 1), (1, 12))), ((16, 4), ((1, 1),)), ((12, 8), ((1, 1),)), ((17, 12), ()), ((12, 4), ((1, 12),))]",394,41,51,92
395,"((2, 6), ((1, 1), (1, 12)))","((3, 6), ((1, 1), (1, 12)))",West,"[((3, 6), ((1, 1), (1, 12))), ((1, 6), ((1, 1), (1, 12)))]","[((2, 6), ((1, 1), (1, 12))), ((6, 2), ((1, 1), (1, 12))), ((26, 5), ()), ((12, 6), ((1, 1), (1, 12))), ((23, 4), ()), ((11, 3), ((1, 12),)), ((12, 10), ((1, 1),)), ((26, 11), ()), ((18, 5), ((1, 1), (1, 12))), ((16, 4), ((1, 1),)), ((12, 8), ((1, 1),)), ((17, 12), ()), ((12, 4), ((1, 12),))]","[((6, 2), ((1, 1), (1, 12))), ((12, 6), ((1, 1), (1, 12))), ((26, 5), ()), ((18, 5), ((1, 1), (1, 12))), ((23, 4), ()), ((11, 3), ((1, 12),)), ((12, 10), ((1, 1),)), ((26, 11), ()), ((12, 4), ((1, 12),)), ((16, 4), ((1, 1),)), ((12, 8), ((1, 1),)), ((17, 12), ()), ((1, 6), ((1, 1), (1, 12)))]",395,50,42,92
396,"((6, 2), ((1, 1), (1, 12)))","((7, 2), ((1, 1), (1, 12)))",West,"[((7, 2), ((1, 1), (1, 12))), ((5, 2), ((1, 1), (1, 12)))]","[((6, 2), ((1, 1), (1, 12))), ((12, 6), ((1, 1), (1, 12))), ((26, 5), ()), ((18, 5), ((1, 1), (1, 12))), ((23, 4), ()), ((11, 3), ((1, 12),)), ((12, 10), ((1, 1),)), ((26, 11), ()), ((12, 4), ((1, 12),)), ((16, 4), ((1, 1),)), ((12, 8), ((1, 1),)), ((17, 12), ()), ((1, 6), ((1, 1), (1, 12)))]","[((12, 6), ((1, 1), (1, 12))), ((18, 5), ((1, 1), (1, 12))), ((26, 5), ()), ((26, 11), ()), ((23, 4), ()), ((11, 3), ((1, 12),)), ((12, 10), ((1, 1),)), ((1, 6), ((1, 1), (1, 12))), ((12, 4), ((1, 12),)), ((16, 4), ((1, 1),)), ((12, 8), ((1, 1),)), ((17, 12), ()), ((5, 2), ((1, 1), (1, 12)))]",396,58,34,92
397,"((12, 6), ((1, 1), (1, 12)))","((13, 6), ((1, 1), (1, 12)))",West,"[((13, 6), ((1, 1), (1, 12))), ((11, 6), ((1, 1), (1, 12)))]","[((12, 6), ((1, 1), (1, 12))), ((18, 5), ((1, 1), (1, 12))), ((26, 5), ()), ((26, 11), ()), ((23, 4), ()), ((11, 3), ((1, 12),)), ((12, 10), ((1, 1),)), ((1, 6), ((1, 1), (1, 12))), ((12, 4), ((1, 12),)), ((16, 4), ((1, 1),)), ((12, 8), ((1, 1),)), ((17, 12), ()), ((5, 2), ((1, 1), (1, 12)))]","[((18, 5), ((1, 1), (1, 12))), ((23, 4), ()), ((26, 5), ()), ((26, 11), ()), ((16, 4), ((1, 1),)), ((11, 3), ((1, 12),)), ((12, 10), ((1, 1),)), ((1, 6), ((1, 1), (1, 12))), ((12, 4), ((1, 12),)), ((5, 2), ((1, 1), (1, 12))), ((12, 8), ((1, 1),)), ((17, 12), ()), ((11, 6), ((1, 1), (1, 12)))]",397,60,32,92
398,"((18, 5), ((1, 1), (1, 12)))","((18, 4), ((1, 1), (1, 12)))",North,"[((18, 6), ((1, 1), (1, 12))), ((18, 4), ((1, 1), (1, 12)))]","[((18, 5), ((1, 1), (1, 12))), ((23, 4), ()), ((26, 5), ()), ((26, 11), ()), ((16, 4), ((1, 1),)), ((11, 3), ((1, 12),)), ((12, 10), ((1, 1),)), ((1, 6), ((1, 1), (1, 12))), ((12, 4), ((1, 12),)), ((5, 2), ((1, 1), (1, 12))), ((12, 8), ((1, 1),)), ((17, 12), ()), ((11, 6), ((1, 1), (1, 12)))]","[((23, 4), ()), ((16, 4), ((1, 1),)), ((26, 5), ()), ((26, 11), ()), ((12, 8), ((1, 1),)), ((11, 3), ((1, 12),)), ((12, 10), ((1, 1),)), ((1, 6), ((1, 1), (1, 12))), ((12, 4), ((1, 12),)), ((5, 2), ((1, 1), (1, 12))), ((11, 6), ((1, 1), (1, 12))), ((17, 12), ()), ((18, 6), ((1, 1), (1, 12)))]",398,67,25,92
399,"((23, 4), ())","((24, 4), ())",West,"[((24, 4), ()), ((22, 4), ())]","[((23, 4), ()), ((16, 4), ((1, 1),)), ((26, 5), ()), ((26, 11), ()), ((12, 8), ((1, 1),)), ((11, 3), ((1, 12),)), ((12, 10), ((1, 1),)), ((1, 6), ((1, 1), (1, 12))), ((12, 4), ((1, 12),)), ((5, 2), ((1, 1), (1, 12))), ((11, 6), ((1, 1), (1, 12))), ((17, 12), ()), ((18, 6), ((1, 1), (1, 12)))]","[((26, 5), ()), ((16, 4), ((1, 1),)), ((11, 3), ((1, 12),)), ((26, 11), ()), ((12, 8), ((1, 1),)), ((17, 12), ()), ((12, 10), ((1, 1),)), ((1, 6), ((1, 1), (1, 12))), ((12, 4), ((1, 12),)), ((5, 2), ((1, 1), (1, 12))), ((11, 6), ((1, 1), (1, 12))), ((18, 6), ((1, 1), (1, 12))), ((22, 4), ())]",399,35,57,92
400,"((26, 5), ())","((26, 4), ())",North,"[((26, 6), ()), ((26, 4), ())]","[((26, 5), ()), ((16, 4), ((1, 1),)), ((11, 3), ((1, 12),)), ((26, 11), ()), ((12, 8), ((1, 1),)), ((17, 12), ()), ((12, 10), ((1, 1),)), ((1, 6), ((1, 1), (1, 12))), ((12, 4), ((1, 12),)), ((5, 2), ((1, 1), (1, 12))), ((11, 6), ((1, 1), (1, 12))), ((18, 6), ((1, 1), (1, 12))), ((22, 4), ())]","[((11, 3), ((1, 12),)), ((16, 4), ((1, 1),)), ((17, 12), ()), ((26, 11), ()), ((12, 8), ((1, 1),)), ((18, 6), ((1, 1), (1, 12))), ((12, 10), ((1, 1),)), ((1, 6), ((1, 1), (1, 12))), ((12, 4), ((1, 12),)), ((5, 2), ((1, 1), (1, 12))), ((11, 6), ((1, 1), (1, 12))), ((22, 4), ()), ((26, 6), ())]",400,37,55,92
401,"((11, 3), ((1, 12),))","((11, 4), ((1, 12),))",South,"[((11, 4), ((1, 12),)), ((11, 2), ((1, 12),))]","[((11, 3), ((1, 12),)), ((16, 4), ((1, 1),)), ((17, 12), ()), ((26, 11), ()), ((12, 8), ((1, 1),)), ((18, 6), ((1, 1), (1, 12))), ((12, 10), ((1, 1),)), ((1, 6), ((1, 1), (1, 12))), ((12, 4), ((1, 12),)), ((5, 2), ((1, 1), (1, 12))), ((11, 6), ((1, 1), (1, 12))), ((22, 4), ()), ((26, 6), ())]","[((11, 2), ((1, 12),)), ((12, 8), ((1, 1),)), ((16, 4), ((1, 1),)), ((26, 11), ()), ((5, 2), ((1, 1), (1, 12))), ((17, 12), ()), ((12, 10), ((1, 1),)), ((1, 6), ((1, 1), (1, 12))), ((12, 4), ((1, 12),)), ((26, 6), ()), ((11, 6), ((1, 1), (1, 12))), ((22, 4), ()), ((18, 6), ((1, 1), (1, 12)))]",401,42,50,92
402,"((11, 2), ((1, 12),))","((11, 3), ((1, 12),))",South,"[((11, 3), ((1, 12),)), ((11, 1), ((1, 12),)), ((12, 2), ((1, 12),))]","[((11, 2), ((1, 12),)), ((12, 8), ((1, 1),)), ((16, 4), ((1, 1),)), ((26, 11), ()), ((5, 2), ((1, 1), (1, 12))), ((17, 12), ()), ((12, 10), ((1, 1),)), ((1, 6), ((1, 1), (1, 12))), ((12, 4), ((1, 12),)), ((26, 6), ()), ((11, 6), ((1, 1), (1, 12))), ((22, 4), ()), ((18, 6), ((1, 1), (1, 12)))]","[((11, 1), ((1, 12),)), ((12, 8), ((1, 1),)), ((16, 4), ((1, 1),)), ((26, 11), ()), ((5, 2), ((1, 1), (1, 12))), ((17, 12), ()), ((12, 10), ((1, 1),)), ((1, 6), ((1, 1), (1, 12))), ((12, 4), ((1, 12),)), ((26, 6), ()), ((11, 6), ((1, 1), (1, 12))), ((22, 4), ()), ((18, 6), ((1, 1), (1, 12))), ((12, 2), ((1, 12),))]",402,43,49,92
403,"((11, 1), ((1, 12),))","((11, 2), ((1, 12),))",South,"[((11, 2), ((1, 12),)), ((12, 1), ((1, 12),))]","[((11, 1), ((1, 12),)), ((12, 8), ((1, 1),)), ((16, 4), ((1, 1),)), ((26, 11), ()), ((5, 2), ((1, 1), (1, 12))), ((17, 12), ()), ((12, 10), ((1, 1),)), ((1, 6), ((1, 1), (1, 12))), ((12, 4), ((1, 12),)), ((26, 6), ()), ((11, 6), ((1, 1), (1, 12))), ((22, 4), ()), ((18, 6), ((1, 1), (1, 12))), ((12, 2), ((1, 12),))]","[((16, 4), ((1, 1),)), ((12, 8), ((1, 1),)), ((17, 12), ()), ((26, 11), ()), ((5, 2), ((1, 1), (1, 12))), ((18, 6), ((1, 1), (1, 12))), ((12, 10), ((1, 1),)), ((1, 6), ((1, 1), (1, 12))), ((12, 4), ((1, 12),)), ((26, 6), ()), ((11, 6), ((1, 1), (1, 12))), ((22, 4), ()), ((12, 2), ((1, 12),)), ((12, 1), ((1, 12),))]",403,44,48,92
404,"((16, 4), ((1, 1),))","((16, 3), ((1, 1),))",North,"[((16, 3), ((1, 1),)), ((17, 4), ((1, 1),))]","[((16, 4), ((1, 1),)), ((12, 8), ((1, 1),)), ((17, 12), ()), ((26, 11), ()), ((5, 2), ((1, 1), (1, 12))), ((18, 6), ((1, 1), (1, 12))), ((12, 10), ((1, 1),)), ((1, 6), ((1, 1), (1, 12))), ((12, 4), ((1, 12),)), ((26, 6), ()), ((11, 6), ((1, 1), (1, 12))), ((22, 4), ()), ((12, 2), ((1, 12),)), ((12, 1), ((1, 12),))]","[((12, 8), ((1, 1),)), ((26, 11), ()), ((17, 12), ()), ((12, 4), ((1, 12),)), ((5, 2), ((1, 1), (1, 12))), ((18, 6), ((1, 1), (1, 12))), ((12, 10), ((1, 1),)), ((1, 6), ((1, 1), (1, 12))), ((12, 1), ((1, 12),)), ((26, 6), ()), ((11, 6), ((1, 1), (1, 12))), ((22, 4), ()), ((12, 2), ((1, 12),)), ((17, 4), ((1, 1),))]",404,40,53,93
405,"((12, 8), ((1, 1),))","((11, 8), ((1, 1),))",East,"[((13, 8), ((1, 1),)), ((11, 8), ((1, 1),))]","[((12, 8), ((1, 1),)), ((26, 11), ()), ((17, 12), ()), ((12, 4), ((1, 12),)), ((5, 2), ((1, 1), (1, 12))), ((18, 6), ((1, 1), (1, 12))), ((12, 10), ((1, 1),)), ((1, 6), ((1, 1), (1, 12))), ((12, 1), ((1, 12),)), ((26, 6), ()), ((11, 6), ((1, 1), (1, 12))), ((22, 4), ()), ((12, 2), ((1, 12),)), ((17, 4), ((1, 1),))]","[((17, 12), ()), ((26, 11), ()), ((12, 10), ((1, 1),)), ((12, 4), ((1, 12),)), ((5, 2), ((1, 1), (1, 12))), ((18, 6), ((1, 1), (1, 12))), ((17, 4), ((1, 1),)), ((1, 6), ((1, 1), (1, 12))), ((12, 1), ((1, 12),)), ((26, 6), ()), ((11, 6), ((1, 1), (1, 12))), ((22, 4), ()), ((12, 2), ((1, 12),)), ((13, 8), ((1, 1),))]",405,40,53,93
406,"((17, 12), ())","((18, 12), ())",West,"[((18, 12), ()), ((16, 12), ())]","[((17, 12), ()), ((26, 11), ()), ((12, 10), ((1, 1),)), ((12, 4), ((1, 12),)), ((5, 2), ((1, 1), (1, 12))), ((18, 6), ((1, 1), (1, 12))), ((17, 4), ((1, 1),)), ((1, 6), ((1, 1), (1, 12))), ((12, 1), ((1, 12),)), ((26, 6), ()), ((11, 6), ((1, 1), (1, 12))), ((22, 4), ()), ((12, 2), ((1, 12),)), ((13, 8), ((1, 1),))]","[((12, 10), ((1, 1),)), ((26, 11), ()), ((17, 4), ((1, 1),)), ((12, 4), ((1, 12),)), ((5, 2), ((1, 1), (1, 12))), ((18, 6), ((1, 1), (1, 12))), ((13, 8), ((1, 1),)), ((1, 6), ((1, 1), (1, 12))), ((12, 1), ((1, 12),)), ((26, 6), ()), ((11, 6), ((1, 1), (1, 12))), ((22, 4), ()), ((12, 2), ((1, 12),)), ((16, 12), ())]",406,33,60,93
407,"((12, 10), ((1, 1),))","((11, 10), ((1, 1),))",East,"[((13, 10), ((1, 1),)), ((11, 10), ((1, 1),))]","[((12, 10), ((1, 1),)), ((26, 11), ()), ((17, 4), ((1, 1),)), ((12, 4), ((1, 12),)), ((5, 2), ((1, 1), (1, 12))), ((18, 6), ((1, 1), (1, 12))), ((13, 8), ((1, 1),)), ((1, 6), ((1, 1), (1, 12))), ((12, 1), ((1, 12),)), ((26, 6), ()), ((11, 6), ((1, 1), (1, 12))), ((22, 4), ()), ((12, 2), ((1, 12),)), ((16, 12), ())]","[((26, 11), ()), ((12, 4), ((1, 12),)), ((17, 4), ((1, 1),)), ((1, 6), ((1, 1), (1, 12))), ((5, 2), ((1, 1), (1, 12))), ((18, 6), ((1, 1), (1, 12))), ((13, 8), ((1, 1),)), ((16, 12), ()), ((12, 1), ((1, 12),)), ((26, 6), ()), ((11, 6), ((1, 1), (1, 12))), ((22, 4), ()), ((12, 2), ((1, 12),)), ((13, 10), ((1, 1),))]",407,42,51,93
408,"((26, 11), ())","((26, 12), ())",South,"[((26, 12), ()), ((26, 10), ())]","[((26, 11), ()), ((12, 4), ((1, 12),)), ((17, 4), ((1, 1),)), ((1, 6), ((1, 1), (1, 12))), ((5, 2), ((1, 1), (1, 12))), ((18, 6), ((1, 1), (1, 12))), ((13, 8), ((1, 1),)), ((16, 12), ()), ((12, 1), ((1, 12),)), ((26, 6), ()), ((11, 6), ((1, 1), (1, 12))), ((22, 4), ()), ((12, 2), ((1, 12),)), ((13, 10), ((1, 1),))]","[((17, 4), ((1, 1),)), ((12, 4), ((1, 12),)), ((18, 6), ((1, 1), (1, 12))), ((1, 6), ((1, 1), (1, 12))), ((5, 2), ((1, 1), (1, 12))), ((22, 4), ()), ((13, 8), ((1, 1),)), ((16, 12), ()), ((12, 1), ((1, 12),)), ((26, 6), ()), ((11, 6), ((1, 1), (1, 12))), ((13, 10), ((1, 1),)), ((12, 2), ((1, 12),)), ((26, 10), ())]",408,41,52,93
409,"((17, 4), ((1, 1),))","((16, 4), ((1, 1),))",East,"[((18, 4), ((1, 1),)), ((16, 4), ((1, 1),))]","[((17, 4), ((1, 1),)), ((12, 4), ((1, 12),)), ((18, 6), ((1, 1), (1, 12))), ((1, 6), ((1, 1), (1, 12))), ((5, 2), ((1, 1), (1, 12))), ((22, 4), ()), ((13, 8), ((1, 1),)), ((16, 12), ()), ((12, 1), ((1, 12),)), ((26, 6), ()), ((11, 6), ((1, 1), (1, 12))), ((13, 10), ((1, 1),)), ((12, 2), ((1, 12),)), ((26, 10), ())]","[((18, 4), ((1, 1),)), ((1, 6), ((1, 1), (1, 12))), ((12, 4), ((1, 12),)), ((12, 1), ((1, 12),)), ((5, 2), ((1, 1), (1, 12))), ((22, 4), ()), ((18, 6), ((1, 1), (1, 12))), ((16, 12), ()), ((26, 10), ()), ((26, 6), ()), ((11, 6), ((1, 1), (1, 12))), ((13, 10), ((1, 1),)), ((12, 2), ((1, 12),)), ((13, 8), ((1, 1),))]",409,41,52,93
410,"((18, 4), ((1, 1),))","((17, 4), ((1, 1),))",East,"[((18, 5), ((1, 1),)), ((18, 3), ((1, 1),)), ((19, 4), ((1, 1),)), ((17, 4), ((1, 1),))]","[((18, 4), ((1, 1),)), ((1, 6), ((1, 1), (1, 12))), ((12, 4), ((1, 12),)), ((12, 1), ((1, 12),)), ((5, 2), ((1, 1), (1, 12))), ((22, 4), ()), ((18, 6), ((1, 1), (1, 12))), ((16, 12), ()), ((26, 10), ()), ((26, 6), ()), ((11, 6), ((1, 1), (1, 12))), ((13, 10), ((1, 1),)), ((12, 2), ((1, 12),)), ((13, 8), ((1, 1),))]","[((18, 3), ((1, 1),)), ((19, 4), ((1, 1),)), ((12, 4), ((1, 12),)), ((1, 6), ((1, 1), (1, 12))), ((5, 2), ((1, 1), (1, 12))), ((22, 4), ()), ((18, 6), ((1, 1), (1, 12))), ((12, 1), ((1, 12),)), ((26, 10), ()), ((26, 6), ()), ((11, 6), ((1, 1), (1, 12))), ((13, 10), ((1, 1),)), ((12, 2), ((1, 12),)), ((18, 5), ((1, 1),)), ((13, 8), ((1, 1),)), ((16, 12), ())]",410,42,51,93
411,"((18, 3), ((1, 1),))","((18, 4), ((1, 1),))",South,"[((18, 4), ((1, 1),)), ((18, 2), ((1, 1),))]","[((18, 3), ((1, 1),)), ((19, 4), ((1, 1),)), ((12, 4), ((1, 12),)), ((1, 6), ((1, 1), (1, 12))), ((5, 2), ((1, 1), (1, 12))), ((22, 4), ()), ((18, 6), ((1, 1), (1, 12))), ((12, 1), ((1, 12),)), ((26, 10), ()), ((26, 6), ()), ((11, 6), ((1, 1), (1, 12))), ((13, 10), ((1, 1),)), ((12, 2), ((1, 12),)), ((18, 5), ((1, 1),)), ((13, 8), ((1, 1),)), ((16, 12), ())]","[((19, 4), ((1, 1),)), ((18, 2), ((1, 1),)), ((12, 4), ((1, 12),)), ((1, 6), ((1, 1), (1, 12))), ((5, 2), ((1, 1), (1, 12))), ((22, 4), ()), ((18, 6), ((1, 1), (1, 12))), ((12, 1), ((1, 12),)), ((26, 10), ()), ((26, 6), ()), ((11, 6), ((1, 1), (1, 12))), ((13, 10), ((1, 1),)), ((12, 2), ((1, 12),)), ((18, 5), ((1, 1),)), ((13, 8), ((1, 1),)), ((16, 12), ())]",411,43,50,93
412,"((19, 4), ((1, 1),))","((18, 4), ((1, 1),))",East,"[((20, 4), ((1, 1),)), ((18, 4), ((1, 1),))]","[((19, 4), ((1, 1),)), ((18, 2), ((1, 1),)), ((12, 4), ((1, 12),)), ((1, 6), ((1, 1), (1, 12))), ((5, 2), ((1, 1), (1, 12))), ((22, 4), ()), ((18, 6), ((1, 1), (1, 12))), ((12, 1), ((1, 12),)), ((26, 10), ()), ((26, 6), ()), ((11, 6), ((1, 1), (1, 12))), ((13, 10), ((1, 1),)), ((12, 2), ((1, 12),)), ((18, 5), ((1, 1),)), ((13, 8), ((1, 1),)), ((16, 12), ())]","[((18, 2), ((1, 1),)), ((20, 4), ((1, 1),)), ((12, 4), ((1, 12),)), ((1, 6), ((1, 1), (1, 12))), ((5, 2), ((1, 1), (1, 12))), ((22, 4), ()), ((18, 6), ((1, 1), (1, 12))), ((12, 1), ((1, 12),)), ((26, 10), ()), ((26, 6), ()), ((11, 6), ((1, 1), (1, 12))), ((13, 10), ((1, 1),)), ((12, 2), ((1, 12),)), ((18, 5), ((1, 1),)), ((13, 8), ((1, 1),)), ((16, 12), ())]",412,43,50,93
413,"((18, 2), ((1, 1),))","((18, 3), ((1, 1),))",South,"[((18, 3), ((1, 1),)), ((18, 1), ((1, 1),))]","[((18, 2), ((1, 1),)), ((20, 4), ((1, 1),)), ((12, 4), ((1, 12),)), ((1, 6), ((1, 1), (1, 12))), ((5, 2), ((1, 1), (1, 12))), ((22, 4), ()), ((18, 6), ((1, 1), (1, 12))), ((12, 1), ((1, 12),)), ((26, 10), ()), ((26, 6), ()), ((11, 6), ((1, 1), (1, 12))), ((13, 10), ((1, 1),)), ((12, 2), ((1, 12),)), ((18, 5), ((1, 1),)), ((13, 8), ((1, 1),)), ((16, 12), ())]","[((20, 4), ((1, 1),)), ((18, 1), ((1, 1),)), ((12, 4), ((1, 12),)), ((1, 6), ((1, 1), (1, 12))), ((5, 2), ((1, 1), (1, 12))), ((22, 4), ()), ((18, 6), ((1, 1), (1, 12))), ((12, 1), ((1, 12),)), ((26, 10), ()), ((26, 6), ()), ((11, 6), ((1, 1), (1, 12))), ((13, 10), ((1, 1),)), ((12, 2), ((1, 12),)), ((18, 5), ((1, 1),)), ((13, 8), ((1, 1),)), ((16, 12), ())]",413,44,49,93
414,"((20, 4), ((1, 1),))","((19, 4), ((1, 1),))",East,"[((19, 4), ((1, 1),))]","[((20, 4), ((1, 1),)), ((18, 1), ((1, 1),)), ((12, 4), ((1, 12),)), ((1, 6), ((1, 1), (1, 12))), ((5, 2), ((1, 1), (1, 12))), ((22, 4), ()), ((18, 6), ((1, 1), (1, 12))), ((12, 1), ((1, 12),)), ((26, 10), ()), ((26, 6), ()), ((11, 6), ((1, 1), (1, 12))), ((13, 10), ((1, 1),)), ((12, 2), ((1, 12),)), ((18, 5), ((1, 1),)), ((13, 8), ((1, 1),)), ((16, 12), ())]","[((18, 1), ((1, 1),)), ((1, 6), ((1, 1), (1, 12))), ((12, 4), ((1, 12),)), ((12, 1), ((1, 12),)), ((5, 2), ((1, 1), (1, 12))), ((22, 4), ()), ((18, 6), ((1, 1), (1, 12))), ((16, 12), ()), ((26, 10), ()), ((26, 6), ()), ((11, 6), ((1, 1), (1, 12))), ((13, 10), ((1, 1),)), ((12, 2), ((1, 12),)), ((18, 5), ((1, 1),)), ((13, 8), ((1, 1),))]",414,44,49,93
415,"((18, 1), ((1, 1),))","((18, 2), ((1, 1),))",South,"[((18, 2), ((1, 1),))]","[((18, 1), ((1, 1),)), ((1, 6), ((1, 1), (1, 12))), ((12, 4), ((1, 12),)), ((12, 1), ((1, 12),)), ((5, 2), ((1, 1), (1, 12))), ((22, 4), ()), ((18, 6), ((1, 1), (1, 12))), ((16, 12), ()), ((26, 10), ()), ((26, 6), ()), ((11, 6), ((1, 1), (1, 12))), ((13, 10), ((1, 1),)), ((12, 2), ((1, 12),)), ((18, 5), ((1, 1),)), ((13, 8), ((1, 1),))]","[((12, 4), ((1, 12),)), ((1, 6), ((1, 1), (1, 12))), ((18, 6), ((1, 1), (1, 12))), ((12, 1), ((1, 12),)), ((5, 2), ((1, 1), (1, 12))), ((22, 4), ()), ((13, 8), ((1, 1),)), ((16, 12), ()), ((26, 10), ()), ((26, 6), ()), ((11, 6), ((1, 1), (1, 12))), ((13, 10), ((1, 1),)), ((12, 2), ((1, 12),)), ((18, 5), ((1, 1),))]",415,45,48,93
416,"((12, 4), ((1, 12),))","((11, 4), ((1, 12),))",East,"[((13, 4), ((1, 12),)), ((11, 4), ((1, 12),))]","[((12, 4), ((1, 12),)), ((1, 6), ((1, 1), (1, 12))), ((18, 6), ((1, 1), (1, 12))), ((12, 1), ((1, 12),)), ((5, 2), ((1, 1), (1, 12))), ((22, 4), ()), ((13, 8), ((1, 1),)), ((16, 12), ()), ((26, 10), ()), ((26, 6), ()), ((11, 6), ((1, 1), (1, 12))), ((13, 10), ((1, 1),)), ((12, 2), ((1, 12),)), ((18, 5), ((1, 1),))]","[((1, 6), ((1, 1), (1, 12))), ((5, 2), ((1, 1), (1, 12))), ((18, 6), ((1, 1), (1, 12))), ((12, 1), ((1, 12),)), ((11, 6), ((1, 1), (1, 12))), ((22, 4), ()), ((13, 8), ((1, 1),)), ((16, 12), ()), ((26, 10), ()), ((26, 6), ()), ((18, 5), ((1, 1),)), ((13, 10), ((1, 1),)), ((12, 2), ((1, 12),)), ((13, 4), ((1, 12),))]",416,42,52,94
417,"((1, 6), ((1, 1), (1, 12)))","((2, 6), ((1, 1), (1, 12)))",West,"[((1, 7), ((1, 1), (1, 12))), ((2, 6), ((1, 1), (1, 12)))]","[((1, 6), ((1, 1), (1, 12))), ((5, 2), ((1, 1), (1, 12))), ((18, 6), ((1, 1), (1, 12))), ((12, 1), ((1, 12),)), ((11, 6), ((1, 1), (1, 12))), ((22, 4), ()), ((13, 8), ((1, 1),)), ((16, 12), ()), ((26, 10), ()), ((26, 6), ()), ((18, 5), ((1, 1),)), ((13, 10), ((1, 1),)), ((12, 2), ((1, 12),)), ((13, 4), ((1, 12),))]","[((5, 2), ((1, 1), (1, 12))), ((11, 6), ((1, 1), (1, 12))), ((18, 6), ((1, 1), (1, 12))), ((12, 1), ((1, 12),)), ((26, 6), ()), ((22, 4), ()), ((13, 8), ((1, 1),)), ((16, 12), ()), ((26, 10), ()), ((13, 4), ((1, 12),)), ((18, 5), ((1, 1),)), ((13, 10), ((1, 1),)), ((12, 2), ((1, 12),)), ((1, 7), ((1, 1), (1, 12)))]",417,51,43,94
418,"((5, 2), ((1, 1), (1, 12)))","((6, 2), ((1, 1), (1, 12)))",West,"[((5, 1), ((1, 1), (1, 12))), ((6, 2), ((1, 1), (1, 12)))]","[((5, 2), ((1, 1), (1, 12))), ((11, 6), ((1, 1), (1, 12))), ((18, 6), ((1, 1), (1, 12))), ((12, 1), ((1, 12),)), ((26, 6), ()), ((22, 4), ()), ((13, 8), ((1, 1),)), ((16, 12), ()), ((26, 10), ()), ((13, 4), ((1, 12),)), ((18, 5), ((1, 1),)), ((13, 10), ((1, 1),)), ((12, 2), ((1, 12),)), ((1, 7), ((1, 1), (1, 12)))]","[((11, 6), ((1, 1), (1, 12))), ((26, 6), ()), ((18, 6), ((1, 1), (1, 12))), ((12, 1), ((1, 12),)), ((18, 5), ((1, 1),)), ((22, 4), ()), ((5, 1), ((1, 1), (1, 12))), ((16, 12), ()), ((26, 10), ()), ((13, 4), ((1, 12),)), ((1, 7), ((1, 1), (1, 12))), ((13, 10), ((1, 1),)), ((12, 2), ((1, 12),)), ((13, 8), ((1, 1),))]",418,59,35,94
419,"((11, 6), ((1, 1), (1, 12)))","((12, 6), ((1, 1), (1, 12)))",West,"[((11, 7), ((1, 1), (1, 12))), ((12, 6), ((1, 1), (1, 12))), ((10, 6), ((1, 1), (1, 12)))]","[((11, 6), ((1, 1), (1, 12))), ((26, 6), ()), ((18, 6), ((1, 1), (1, 12))), ((12, 1), ((1, 12),)), ((18, 5), ((1, 1),)), ((22, 4), ()), ((5, 1), ((1, 1), (1, 12))), ((16, 12), ()), ((26, 10), ()), ((13, 4), ((1, 12),)), ((1, 7), ((1, 1), (1, 12))), ((13, 10), ((1, 1),)), ((12, 2), ((1, 12),)), ((13, 8), ((1, 1),))]","[((18, 6), ((1, 1), (1, 12))), ((26, 6), ()), ((22, 4), ()), ((12, 1), ((1, 12),)), ((18, 5), ((1, 1),)), ((12, 2), ((1, 12),)), ((5, 1), ((1, 1), (1, 12))), ((16, 12), ()), ((26, 10), ()), ((13, 4), ((1, 12),)), ((1, 7), ((1, 1), (1, 12))), ((13, 10), ((1, 1),)), ((13, 8), ((1, 1),)), ((11, 7), ((1, 1), (1, 12))), ((10, 6), ((1, 1), (1, 12)))]",419,61,33,94
420,"((18, 6), ((1, 1), (1, 12)))","((18, 5), ((1, 1), (1, 12)))",North,"[((18, 5), ((1, 1), (1, 12))), ((19, 6), ((1, 1), (1, 12))), ((17, 6), ((1, 1), (1, 12)))]","[((18, 6), ((1, 1), (1, 12))), ((26, 6), ()), ((22, 4), ()), ((12, 1), ((1, 12),)), ((18, 5), ((1, 1),)), ((12, 2), ((1, 12),)), ((5, 1), ((1, 1), (1, 12))), ((16, 12), ()), ((26, 10), ()), ((13, 4), ((1, 12),)), ((1, 7), ((1, 1), (1, 12))), ((13, 10), ((1, 1),)), ((13, 8), ((1, 1),)), ((11, 7), ((1, 1), (1, 12))), ((10, 6), ((1, 1), (1, 12)))]","[((22, 4), ()), ((26, 6), ()), ((12, 2), ((1, 12),)), ((12, 1), ((1, 12),)), ((18, 5), ((1, 1),)), ((13, 8), ((1, 1),)), ((5, 1), ((1, 1), (1, 12))), ((16, 12), ()), ((26, 10), ()), ((13, 4), ((1, 12),)), ((1, 7), ((1, 1), (1, 12))), ((13, 10), ((1, 1),)), ((10, 6), ((1, 1), (1, 12))), ((11, 7), ((1, 1), (1, 12))), ((19, 6), ((1, 1), (1, 12))), ((17, 6), ((1, 1), (1, 12)))]",420,68,26,94
421,"((22, 4), ())","((23, 4), ())",West,"[((22, 5), ()), ((22, 3), ()), ((23, 4), ())]","[((22, 4), ()), ((26, 6), ()), ((12, 2), ((1, 12),)), ((12, 1), ((1, 12),)), ((18, 5), ((1, 1),)), ((13, 8), ((1, 1),)), ((5, 1), ((1, 1), (1, 12))), ((16, 12), ()), ((26, 10), ()), ((13, 4), ((1, 12),)), ((1, 7), ((1, 1), (1, 12))), ((13, 10), ((1, 1),)), ((10, 6), ((1, 1), (1, 12))), ((11, 7), ((1, 1), (1, 12))), ((19, 6), ((1, 1), (1, 12))), ((17, 6), ((1, 1), (1, 12)))]","[((26, 6), ()), ((12, 1), ((1, 12),)), ((12, 2), ((1, 12),)), ((22, 3), ()), ((18, 5), ((1, 1),)), ((13, 8), ((1, 1),)), ((5, 1), ((1, 1), (1, 12))), ((16, 12), ()), ((26, 10), ()), ((13, 4), ((1, 12),)), ((1, 7), ((1, 1), (1, 12))), ((13, 10), ((1, 1),)), ((10, 6), ((1, 1), (1, 12))), ((11, 7), ((1, 1), (1, 12))), ((19, 6), ((1, 1), (1, 12))), ((22, 5), ()), ((17, 6), ((1, 1), (1, 12)))]",421,36,58,94
422,"((26, 6), ())","((26, 5), ())",North,"[((26, 5), ()), ((27, 6), ())]","[((26, 6), ()), ((12, 1), ((1, 12),)), ((12, 2), ((1, 12),)), ((22, 3), ()), ((18, 5), ((1, 1),)), ((13, 8), ((1, 1),)), ((5, 1), ((1, 1), (1, 12))), ((16, 12), ()), ((26, 10), ()), ((13, 4), ((1, 12),)), ((1, 7), ((1, 1), (1, 12))), ((13, 10), ((1, 1),)), ((10, 6), ((1, 1), (1, 12))), ((11, 7), ((1, 1), (1, 12))), ((19, 6), ((1, 1), (1, 12))), ((22, 5), ()), ((17, 6), ((1, 1), (1, 12)))]","[((12, 2), ((1, 12),)), ((12, 1), ((1, 12),)), ((5, 1), ((1, 1), (1, 12))), ((22, 3), ()), ((18, 5), ((1, 1),)), ((13, 8), ((1, 1),)), ((19, 6), ((1, 1), (1, 12))), ((27, 6), ()), ((26, 10), ()), ((13, 4), ((1, 12),)), ((1, 7), ((1, 1), (1, 12))), ((13, 10), ((1, 1),)), ((10, 6), ((1, 1), (1, 12))), ((11, 7), ((1, 1), (1, 12))), ((17, 6), ((1, 1), (1, 12))), ((22, 5), ()), ((16, 12), ())]",422,38,56,94
423,"((12, 2), ((1, 12),))","((11, 2), ((1, 12),))",East,"[((12, 1), ((1, 12),)), ((13, 2), ((1, 12),)), ((11, 2), ((1, 12),))]","[((12, 2), ((1, 12),)), ((12, 1), ((1, 12),)), ((5, 1), ((1, 1), (1, 12))), ((22, 3), ()), ((18, 5), ((1, 1),)), ((13, 8), ((1, 1),)), ((19, 6), ((1, 1), (1, 12))), ((27, 6), ()), ((26, 10), ()), ((13, 4), ((1, 12),)), ((1, 7), ((1, 1), (1, 12))), ((13, 10), ((1, 1),)), ((10, 6), ((1, 1), (1, 12))), ((11, 7), ((1, 1), (1, 12))), ((17, 6), ((1, 1), (1, 12))), ((22, 5), ()), ((16, 12), ())]","[((12, 1), ((1, 12),)), ((22, 3), ()), ((5, 1), ((1, 1), (1, 12))), ((27, 6), ()), ((18, 5), ((1, 1),)), ((13, 8), ((1, 1),)), ((19, 6), ((1, 1), (1, 12))), ((16, 12), ()), ((26, 10), ()), ((13, 4), ((1, 12),)), ((1, 7), ((1, 1), (1, 12))), ((13, 10), ((1, 1),)), ((10, 6), ((1, 1), (1, 12))), ((11, 7), ((1, 1), (1, 12))), ((17, 6), ((1, 1), (1, 12))), ((22, 5), ()), ((13, 2), ((1, 12),))]",423,44,50,94
424,"((12, 1), ((1, 12),))","((11, 1), ((1, 12),))",East,"[((12, 2), ((1, 12),)), ((13, 1), ((1, 12),)), ((11, 1), ((1, 12),))]","[((12, 1), ((1, 12),)), ((22, 3), ()), ((5, 1), ((1, 1), (1, 12))), ((27, 6), ()), ((18, 5), ((1, 1),)), ((13, 8), ((1, 1),)), ((19, 6), ((1, 1), (1, 12))), ((16, 12), ()), ((26, 10), ()), ((13, 4), ((1, 12),)), ((1, 7), ((1, 1), (1, 12))), ((13, 10), ((1, 1),)), ((10, 6), ((1, 1), (1, 12))), ((11, 7), ((1, 1), (1, 12))), ((17, 6), ((1, 1), (1, 12))), ((22, 5), ()), ((13, 2), ((1, 12),))]","[((5, 1), ((1, 1), (1, 12))), ((22, 3), ()), ((19, 6), ((1, 1), (1, 12))), ((27, 6), ()), ((18, 5), ((1, 1),)), ((13, 8), ((1, 1),)), ((11, 7), ((1, 1), (1, 12))), ((16, 12), ()), ((26, 10), ()), ((13, 4), ((1, 12),)), ((1, 7), ((1, 1), (1, 12))), ((13, 10), ((1, 1),)), ((10, 6), ((1, 1), (1, 12))), ((13, 2), ((1, 12),)), ((17, 6), ((1, 1), (1, 12))), ((22, 5), ()), ((13, 1), ((1, 12),))]",424,45,49,94
425,"((5, 1), ((1, 1), (1, 12)))","((5, 2), ((1, 1), (1, 12)))",South,"[((5, 2), ((1, 1), (1, 12)))]","[((5, 1), ((1, 1), (1, 12))), ((22, 3), ()), ((19, 6), ((1, 1), (1, 12))), ((27, 6), ()), ((18, 5), ((1, 1),)), ((13, 8), ((1, 1),)), ((11, 7), ((1, 1), (1, 12))), ((16, 12), ()), ((26, 10), ()), ((13, 4), ((1, 12),)), ((1, 7), ((1, 1), (1, 12))), ((13, 10), ((1, 1),)), ((10, 6), ((1, 1), (1, 12))), ((13, 2), ((1, 12),)), ((17, 6), ((1, 1), (1, 12))), ((22, 5), ()), ((13, 1), ((1, 12),))]","[((19, 6), ((1, 1), (1, 12))), ((22, 3), ()), ((13, 8), ((1, 1),)), ((27, 6), ()), ((18, 5), ((1, 1),)), ((13, 10), ((1, 1),)), ((11, 7), ((1, 1), (1, 12))), ((16, 12), ()), ((26, 10), ()), ((13, 4), ((1, 12),)), ((1, 7), ((1, 1), (1, 12))), ((13, 1), ((1, 12),)), ((10, 6), ((1, 1), (1, 12))), ((13, 2), ((1, 12),)), ((17, 6), ((1, 1), (1, 12))), ((22, 5), ())]",425,60,34,94
426,"((19, 6), ((1, 1), (1, 12)))","((18, 6), ((1, 1), (1, 12)))",East,"[((20, 6), ((1, 1), (1, 12))), ((18, 6), ((1, 1), (1, 12)))]","[((19, 6), ((1, 1), (1, 12))), ((22, 3), ()), ((13, 8), ((1, 1),)), ((27, 6), ()), ((18, 5), ((1, 1),)), ((13, 10), ((1, 1),)), ((11, 7), ((1, 1), (1, 12))), ((16, 12), ()), ((26, 10), ()), ((13, 4), ((1, 12),)), ((1, 7), ((1, 1), (1, 12))), ((13, 1), ((1, 12),)), ((10, 6), ((1, 1), (1, 12))), ((13, 2), ((1, 12),)), ((17, 6), ((1, 1), (1, 12))), ((22, 5), ())]","[((22, 3), ()), ((27, 6), ()), ((13, 8), ((1, 1),)), ((20, 6), ((1, 1), (1, 12))), ((18, 5), ((1, 1),)), ((13, 10), ((1, 1),)), ((11, 7), ((1, 1), (1, 12))), ((16, 12), ()), ((26, 10), ()), ((13, 4), ((1, 12),)), ((1, 7), ((1, 1), (1, 12))), ((13, 1), ((1, 12),)), ((10, 6), ((1, 1), (1, 12))), ((13, 2), ((1, 12),)), ((17, 6), ((1, 1), (1, 12))), ((22, 5), ())]",426,69,25,94
427,"((22, 3), ())","((22, 4), ())",South,"[((22, 4), ()), ((22, 2), ())]","[((22, 3), ()), ((27, 6), ()), ((13, 8), ((1, 1),)), ((20, 6), ((1, 1), (1, 12))), ((18, 5), ((1, 1),)), ((13, 10), ((1, 1),)), ((11, 7), ((1, 1), (1, 12))), ((16, 12), ()), ((26, 10), ()), ((13, 4), ((1, 12),)), ((1, 7), ((1, 1), (1, 12))), ((13, 1), ((1, 12),)), ((10, 6), ((1, 1), (1, 12))), ((13, 2), ((1, 12),)), ((17, 6), ((1, 1), (1, 12))), ((22, 5), ())]","[((27, 6), ()), ((20, 6), ((1, 1), (1, 12))), ((13, 8), ((1, 1),)), ((22, 2), ()), ((18, 5), ((1, 1),)), ((13, 10), ((1, 1),)), ((11, 7), ((1, 1), (1, 12))), ((16, 12), ()), ((26, 10), ()), ((13, 4), ((1, 12),)), ((1, 7), ((1, 1), (1, 12))), ((13, 1), ((1, 12),)), ((10, 6), ((1, 1), (1, 12))), ((13, 2), ((1, 12),)), ((17, 6), ((1, 1), (1, 12))), ((22, 5), ())]",427,37,57,94
428,"((27, 6), ())","((26, 6), ())",East,"[((28, 6), ()), ((26, 6), ())]","[((27, 6), ()), ((20, 6), ((1, 1), (1, 12))), ((13, 8), ((1, 1),)), ((22, 2), ()), ((18, 5), ((1, 1),)), ((13, 10), ((1, 1),)), ((11, 7), ((1, 1), (1, 12))), ((16, 12), ()), ((26, 10), ()), ((13, 4), ((1, 12),)), ((1, 7), ((1, 1), (1, 12))), ((13, 1), ((1, 12),)), ((10, 6), ((1, 1), (1, 12))), ((13, 2), ((1, 12),)), ((17, 6), ((1, 1), (1, 12))), ((22, 5), ())]","[((20, 6), ((1, 1), (1, 12))), ((22, 2), ()), ((13, 8), ((1, 1),)), ((28, 6), ()), ((18, 5), ((1, 1),)), ((13, 10), ((1, 1),)), ((11, 7), ((1, 1), (1, 12))), ((16, 12), ()), ((26, 10), ()), ((13, 4), ((1, 12),)), ((1, 7), ((1, 1), (1, 12))), ((13, 1), ((1, 12),)), ((10, 6), ((1, 1), (1, 12))), ((13, 2), ((1, 12),)), ((17, 6), ((1, 1), (1, 12))), ((22, 5), ())]",428,39,55,94
429,"((20, 6), ((1, 1), (1, 12)))","((19, 6), ((1, 1), (1, 12)))",East,"[((20, 7), ((1, 1), (1, 12))), ((19, 6), ((1, 1), (1, 12)))]","[((20, 6), ((1, 1), (1, 12))), ((22, 2), ()), ((13, 8), ((1, 1),)), ((28, 6), ()), ((18, 5), ((1, 1),)), ((13, 10), ((1, 1),)), ((11, 7), ((1, 1), (1, 12))), ((16, 12), ()), ((26, 10), ()), ((13, 4), ((1, 12),)), ((1, 7), ((1, 1), (1, 12))), ((13, 1), ((1, 12),)), ((10, 6), ((1, 1), (1, 12))), ((13, 2), ((1, 12),)), ((17, 6), ((1, 1), (1, 12))), ((22, 5), ())]","[((22, 2), ()), ((28, 6), ()), ((13, 8), ((1, 1),)), ((16, 12), ()), ((18, 5), ((1, 1),)), ((13, 10), ((1, 1),)), ((11, 7), ((1, 1), (1, 12))), ((20, 7), ((1, 1), (1, 12))), ((26, 10), ()), ((13, 4), ((1, 12),)), ((1, 7), ((1, 1), (1, 12))), ((13, 1), ((1, 12),)), ((10, 6), ((1, 1), (1, 12))), ((13, 2), ((1, 12),)), ((17, 6), ((1, 1), (1, 12))), ((22, 5), ())]",429,70,24,94
430,"((22, 2), ())","((22, 3), ())",South,"[((22, 3), ()), ((22, 1), ()), ((21, 2), ())]","[((22, 2), ()), ((28, 6), ()), ((13, 8), ((1, 1),)), ((16, 12), ()), ((18, 5), ((1, 1),)), ((13, 10), ((1, 1),)), ((11, 7), ((1, 1), (1, 12))), ((20, 7), ((1, 1), (1, 12))), ((26, 10), ()), ((13, 4), ((1, 12),)), ((1, 7), ((1, 1), (1, 12))), ((13, 1), ((1, 12),)), ((10, 6), ((1, 1), (1, 12))), ((13, 2), ((1, 12),)), ((17, 6), ((1, 1), (1, 12))), ((22, 5), ())]","[((28, 6), ()), ((22, 1), ()), ((13, 8), ((1, 1),)), ((16, 12), ()), ((18, 5), ((1, 1),)), ((13, 10), ((1, 1),)), ((11, 7), ((1, 1), (1, 12))), ((26, 10), ()), ((22, 5), ()), ((13, 4), ((1, 12),)), ((1, 7), ((1, 1), (1, 12))), ((13, 1), ((1, 12),)), ((10, 6), ((1, 1), (1, 12))), ((13, 2), ((1, 12),)), ((17, 6), ((1, 1), (1, 12))), ((20, 7), ((1, 1), (1, 12))), ((21, 2), ())]",430,38,56,94
431,"((28, 6), ())","((27, 6), ())",East,"[((28, 7), ()), ((28, 5), ()), ((27, 6), ())]","[((28, 6), ()), ((22, 1), ()), ((13, 8), ((1, 1),)), ((16, 12), ()), ((18, 5), ((1, 1),)), ((13, 10), ((1, 1),)), ((11, 7), ((1, 1), (1, 12))), ((26, 10), ()), ((22, 5), ()), ((13, 4), ((1, 12),)), ((1, 7), ((1, 1), (1, 12))), ((13, 1), ((1, 12),)), ((10, 6), ((1, 1), (1, 12))), ((13, 2), ((1, 12),)), ((17, 6), ((1, 1), (1, 12))), ((20, 7), ((1, 1), (1, 12))), ((21, 2), ())]","[((22, 1), ()), ((28, 5), ()), ((13, 8), ((1, 1),)), ((16, 12), ()), ((18, 5), ((1, 1),)), ((13, 10), ((1, 1),)), ((11, 7), ((1, 1), (1, 12))), ((20, 7), ((1, 1), (1, 12))), ((26, 10), ()), ((13, 4), ((1, 12),)), ((1, 7), ((1, 1), (1, 12))), ((13, 1), ((1, 12),)), ((10, 6), ((1, 1), (1, 12))), ((13, 2), ((1, 12),)), ((17, 6), ((1, 1), (1, 12))), ((21, 2), ()), ((28, 7), ()), ((22, 5), ())]",431,40,54,94
432,"((22, 1), ())","((22, 2), ())",South,"[((22, 2), ())]","[((22, 1), ()), ((28, 5), ()), ((13, 8), ((1, 1),)), ((16, 12), ()), ((18, 5), ((1, 1),)), ((13, 10), ((1, 1),)), ((11, 7), ((1, 1), (1, 12))), ((20, 7), ((1, 1), (1, 12))), ((26, 10), ()), ((13, 4), ((1, 12),)), ((1, 7), ((1, 1), (1, 12))), ((13, 1), ((1, 12),)), ((10, 6), ((1, 1), (1, 12))), ((13, 2), ((1, 12),)), ((17, 6), ((1, 1), (1, 12))), ((21, 2), ()), ((28, 7), ()), ((22, 5), ())]","[((28, 5), ()), ((16, 12), ()), ((13, 8), ((1, 1),)), ((26, 10), ()), ((18, 5), ((1, 1),)), ((13, 10), ((1, 1),)), ((11, 7), ((1, 1), (1, 12))), ((20, 7), ((1, 1), (1, 12))), ((22, 5), ()), ((13, 4), ((1, 12),)), ((1, 7), ((1, 1), (1, 12))), ((13, 1), ((1, 12),)), ((10, 6), ((1, 1), (1, 12))), ((13, 2), ((1, 12),)), ((17, 6), ((1, 1), (1, 12))), ((21, 2), ()), ((28, 7), ())]",432,39,55,94
433,"((28, 5), ())","((28, 6), ())",South,"[((28, 6), ()), ((28, 4), ())]","[((28, 5), ()), ((16, 12), ()), ((13, 8), ((1, 1),)), ((26, 10), ()), ((18, 5), ((1, 1),)), ((13, 10), ((1, 1),)), ((11, 7), ((1, 1), (1, 12))), ((20, 7), ((1, 1), (1, 12))), ((22, 5), ()), ((13, 4), ((1, 12),)), ((1, 7), ((1, 1), (1, 12))), ((13, 1), ((1, 12),)), ((10, 6), ((1, 1), (1, 12))), ((13, 2), ((1, 12),)), ((17, 6), ((1, 1), (1, 12))), ((21, 2), ()), ((28, 7), ())]","[((28, 4), ()), ((13, 8), ((1, 1),)), ((13, 10), ((1, 1),)), ((16, 12), ()), ((18, 5), ((1, 1),)), ((28, 7), ()), ((11, 7), ((1, 1), (1, 12))), ((26, 10), ()), ((22, 5), ()), ((13, 4), ((1, 12),)), ((1, 7), ((1, 1), (1, 12))), ((13, 1), ((1, 12),)), ((10, 6), ((1, 1), (1, 12))), ((13, 2), ((1, 12),)), ((17, 6), ((1, 1), (1, 12))), ((21, 2), ()), ((20, 7), ((1, 1), (1, 12)))]",433,41,53,94
434,"((28, 4), ())","((28, 5), ())",South,"[((28, 5), ()), ((28, 3), ())]","[((28, 4), ()), ((13, 8), ((1, 1),)), ((13, 10), ((1, 1),)), ((16, 12), ()), ((18, 5), ((1, 1),)), ((28, 7), ()), ((11, 7), ((1, 1), (1, 12))), ((26, 10), ()), ((22, 5), ()), ((13, 4), ((1, 12),)), ((1, 7), ((1, 1), (1, 12))), ((13, 1), ((1, 12),)), ((10, 6), ((1, 1), (1, 12))), ((13, 2), ((1, 12),)), ((17, 6), ((1, 1), (1, 12))), ((21, 2), ()), ((20, 7), ((1, 1), (1, 12)))]","[((28, 3), ()), ((13, 8), ((1, 1),)), ((13, 10), ((1, 1),)), ((16, 12), ()), ((18, 5), ((1, 1),)), ((28, 7), ()), ((11, 7), ((1, 1), (1, 12))), ((26, 10), ()), ((22, 5), ()), ((13, 4), ((1, 12),)), ((1, 7), ((1, 1), (1, 12))), ((13, 1), ((1, 12),)), ((10, 6), ((1, 1), (1, 12))), ((13, 2), ((1, 12),)), ((17, 6), ((1, 1), (1, 12))), ((21, 2), ()), ((20, 7), ((1, 1), (1, 12)))]",434,42,52,94
435,"((28, 3), ())","((28, 4), ())",South,"[((28, 4), ()), ((28, 2), ())]","[((28, 3), ()), ((13, 8), ((1, 1),)), ((13, 10), ((1, 1),)), ((16, 12), ()), ((18, 5), ((1, 1),)), ((28, 7), ()), ((11, 7), ((1, 1), (1, 12))), ((26, 10), ()), ((22, 5), ()), ((13, 4), ((1, 12),)), ((1, 7), ((1, 1), (1, 12))), ((13, 1), ((1, 12),)), ((10, 6), ((1, 1), (1, 12))), ((13, 2), ((1, 12),)), ((17, 6), ((1, 1), (1, 12))), ((21, 2), ()), ((20, 7), ((1, 1), (1, 12)))]","[((28, 2), ()), ((13, 8), ((1, 1),)), ((13, 10), ((1, 1),)), ((16, 12), ()), ((18, 5), ((1, 1),)), ((28, 7), ()), ((11, 7), ((1, 1), (1, 12))), ((26, 10), ()), ((22, 5), ()), ((13, 4), ((1, 12),)), ((1, 7), ((1, 1), (1, 12))), ((13, 1), ((1, 12),)), ((10, 6), ((1, 1), (1, 12))), ((13, 2), ((1, 12),)), ((17, 6), ((1, 1), (1, 12))), ((21, 2), ()), ((20, 7), ((1, 1), (1, 12)))]",435,43,51,94
436,"((28, 2), ())","((28, 3), ())",South,"[((28, 3), ()), ((28, 1), ((28, 1),))]","[((28, 2), ()), ((13, 8), ((1, 1),)), ((13, 10), ((1, 1),)), ((16, 12), ()), ((18, 5), ((1, 1),)), ((28, 7), ()), ((11, 7), ((1, 1), (1, 12))), ((26, 10), ()), ((22, 5), ()), ((13, 4), ((1, 12),)), ((1, 7), ((1, 1), (1, 12))), ((13, 1), ((1, 12),)), ((10, 6), ((1, 1), (1, 12))), ((13, 2), ((1, 12),)), ((17, 6), ((1, 1), (1, 12))), ((21, 2), ()), ((20, 7), ((1, 1), (1, 12)))]","[((28, 1), ((28, 1),)), ((13, 8), ((1, 1),)), ((13, 10), ((1, 1),)), ((16, 12), ()), ((18, 5), ((1, 1),)), ((28, 7), ()), ((11, 7), ((1, 1), (1, 12))), ((26, 10), ()), ((22, 5), ()), ((13, 4), ((1, 12),)), ((1, 7), ((1, 1), (1, 12))), ((13, 1), ((1, 12),)), ((10, 6), ((1, 1), (1, 12))), ((13, 2), ((1, 12),)), ((17, 6), ((1, 1), (1, 12))), ((21, 2), ()), ((20, 7), ((1, 1), (1, 12)))]",436,44,50,94
437,"((28, 1), ((28, 1),))","((28, 2), ())",South,"[((28, 2), ((28, 1),)), ((27, 1), ((28, 1),))]","[((28, 1), ((28, 1),)), ((13, 8), ((1, 1),)), ((13, 10), ((1, 1),)), ((16, 12), ()), ((18, 5), ((1, 1),)), ((28, 7), ()), ((11, 7), ((1, 1), (1, 12))), ((26, 10), ()), ((22, 5), ()), ((13, 4), ((1, 12),)), ((1, 7), ((1, 1), (1, 12))), ((13, 1), ((1, 12),)), ((10, 6), ((1, 1), (1, 12))), ((13, 2), ((1, 12),)), ((17, 6), ((1, 1), (1, 12))), ((21, 2), ()), ((20, 7), ((1, 1), (1, 12)))]","[((28, 2), ((28, 1),)), ((13, 8), ((1, 1),)), ((13, 10), ((1, 1),)), ((16, 12), ()), ((18, 5), ((1, 1),)), ((28, 7), ()), ((11, 7), ((1, 1), (1, 12))), ((26, 10), ()), ((22, 5), ()), ((13, 4), ((1, 12),)), ((1, 7), ((1, 1), (1, 12))), ((13, 1), ((1, 12),)), ((10, 6), ((1, 1), (1, 12))), ((13, 2), ((1, 12),)), ((17, 6), ((1, 1), (1, 12))), ((21, 2), ()), ((20, 7), ((1, 1), (1, 12))), ((27, 1), ((28, 1),))]",437,45,49,94
438,"((28, 2), ((28, 1),))","((28, 1), ((28, 1),))",North,"[((28, 3), ((28, 1),)), ((28, 1), ((28, 1),))]","[((28, 2), ((28, 1),)), ((13, 8), ((1, 1),)), ((13, 10), ((1, 1),)), ((16, 12), ()), ((18, 5), ((1, 1),)), ((28, 7), ()), ((11, 7), ((1, 1), (1, 12))), ((26, 10), ()), ((22, 5), ()), ((13, 4), ((1, 12),)), ((1, 7), ((1, 1), (1, 12))), ((13, 1), ((1, 12),)), ((10, 6), ((1, 1), (1, 12))), ((13, 2), ((1, 12),)), ((17, 6), ((1, 1), (1, 12))), ((21, 2), ()), ((20, 7), ((1, 1), (1, 12))), ((27, 1), ((28, 1),))]","[((28, 3), ((28, 1),)), ((13, 8), ((1, 1),)), ((13, 10), ((1, 1),)), ((16, 12), ()), ((18, 5), ((1, 1),)), ((28, 7), ()), ((11, 7), ((1, 1), (1, 12))), ((20, 7), ((1, 1), (1, 12))), ((26, 10), ()), ((13, 4), ((1, 12),)), ((1, 7), ((1, 1), (1, 12))), ((13, 1), ((1, 12),)), ((10, 6), ((1, 1), (1, 12))), ((13, 2), ((1, 12),)), ((17, 6), ((1, 1), (1, 12))), ((21, 2), ()), ((27, 1), ((28, 1),)), ((22, 5), ())]",438,46,48,94
439,"((28, 3), ((28, 1),))","((28, 2), ((28, 1),))",North,"[((28, 4), ((28, 1),)), ((28, 2), ((28, 1),))]","[((28, 3), ((28, 1),)), ((13, 8), ((1, 1),)), ((13, 10), ((1, 1),)), ((16, 12), ()), ((18, 5), ((1, 1),)), ((28, 7), ()), ((11, 7), ((1, 1), (1, 12))), ((20, 7), ((1, 1), (1, 12))), ((26, 10), ()), ((13, 4), ((1, 12),)), ((1, 7), ((1, 1), (1, 12))), ((13, 1), ((1, 12),)), ((10, 6), ((1, 1), (1, 12))), ((13, 2), ((1, 12),)), ((17, 6), ((1, 1), (1, 12))), ((21, 2), ()), ((27, 1), ((28, 1),)), ((22, 5), ())]","[((28, 4), ((28, 1),)), ((13, 8), ((1, 1),)), ((13, 10), ((1, 1),)), ((16, 12), ()), ((18, 5), ((1, 1),)), ((28, 7), ()), ((11, 7), ((1, 1), (1, 12))), ((20, 7), ((1, 1), (1, 12))), ((26, 10), ()), ((13, 4), ((1, 12),)), ((1, 7), ((1, 1), (1, 12))), ((13, 1), ((1, 12),)), ((10, 6), ((1, 1), (1, 12))), ((13, 2), ((1, 12),)), ((17, 6), ((1, 1), (1, 12))), ((21, 2), ()), ((27, 1), ((28, 1),)), ((22, 5), ())]",439,47,47,94
440,"((28, 4), ((28, 1),))","((28, 3), ((28, 1),))",North,"[((28, 5), ((28, 1),)), ((28, 3), ((28, 1),))]","[((28, 4), ((28, 1),)), ((13, 8), ((1, 1),)), ((13, 10), ((1, 1),)), ((16, 12), ()), ((18, 5), ((1, 1),)), ((28, 7), ()), ((11, 7), ((1, 1), (1, 12))), ((20, 7), ((1, 1), (1, 12))), ((26, 10), ()), ((13, 4), ((1, 12),)), ((1, 7), ((1, 1), (1, 12))), ((13, 1), ((1, 12),)), ((10, 6), ((1, 1), (1, 12))), ((13, 2), ((1, 12),)), ((17, 6), ((1, 1), (1, 12))), ((21, 2), ()), ((27, 1), ((28, 1),)), ((22, 5), ())]","[((28, 5), ((28, 1),)), ((13, 8), ((1, 1),)), ((13, 10), ((1, 1),)), ((16, 12), ()), ((18, 5), ((1, 1),)), ((28, 7), ()), ((11, 7), ((1, 1), (1, 12))), ((20, 7), ((1, 1), (1, 12))), ((26, 10), ()), ((13, 4), ((1, 12),)), ((1, 7), ((1, 1), (1, 12))), ((13, 1), ((1, 12),)), ((10, 6), ((1, 1), (1, 12))), ((13, 2), ((1, 12),)), ((17, 6), ((1, 1), (1, 12))), ((21, 2), ()), ((27, 1), ((28, 1),)), ((22, 5), ())]",440,48,46,94
441,"((28, 5), ((28, 1),))","((28, 4), ((28, 1),))",North,"[((28, 6), ((28, 1),)), ((28, 4), ((28, 1),))]","[((28, 5), ((28, 1),)), ((13, 8), ((1, 1),)), ((13, 10), ((1, 1),)), ((16, 12), ()), ((18, 5), ((1, 1),)), ((28, 7), ()), ((11, 7), ((1, 1), (1, 12))), ((20, 7), ((1, 1), (1, 12))), ((26, 10), ()), ((13, 4), ((1, 12),)), ((1, 7), ((1, 1), (1, 12))), ((13, 1), ((1, 12),)), ((10, 6), ((1, 1), (1, 12))), ((13, 2), ((1, 12),)), ((17, 6), ((1, 1), (1, 12))), ((21, 2), ()), ((27, 1), ((28, 1),)), ((22, 5), ())]","[((28, 6), ((28, 1),)), ((13, 8), ((1, 1),)), ((13, 10), ((1, 1),)), ((16, 12), ()), ((18, 5), ((1, 1),)), ((28, 7), ()), ((11, 7), ((1, 1), (1, 12))), ((20, 7), ((1, 1), (1, 12))), ((26, 10), ()), ((13, 4), ((1, 12),)), ((1, 7), ((1, 1), (1, 12))), ((13, 1), ((1, 12),)), ((10, 6), ((1, 1), (1, 12))), ((13, 2), ((1, 12),)), ((17, 6), ((1, 1), (1, 12))), ((21, 2), ()), ((27, 1), ((28, 1),)), ((22, 5), ())]",441,49,45,94
442,"((28, 6), ((28, 1),))","((28, 5), ((28, 1),))",North,"[((28, 7), ((28, 1),)), ((28, 5), ((28, 1),)), ((27, 6), ((28, 1),))]","[((28, 6), ((28, 1),)), ((13, 8), ((1, 1),)), ((13, 10), ((1, 1),)), ((16, 12), ()), ((18, 5), ((1, 1),)), ((28, 7), ()), ((11, 7), ((1, 1), (1, 12))), ((20, 7), ((1, 1), (1, 12))), ((26, 10), ()), ((13, 4), ((1, 12),)), ((1, 7), ((1, 1), (1, 12))), ((13, 1), ((1, 12),)), ((10, 6), ((1, 1), (1, 12))), ((13, 2), ((1, 12),)), ((17, 6), ((1, 1), (1, 12))), ((21, 2), ()), ((27, 1), ((28, 1),)), ((22, 5), ())]","[((28, 7), ((28, 1),)), ((13, 8), ((1, 1),)), ((13, 10), ((1, 1),)), ((16, 12), ()), ((18, 5), ((1, 1),)), ((28, 7), ()), ((11, 7), ((1, 1), (1, 12))), ((20, 7), ((1, 1), (1, 12))), ((26, 10), ()), ((13, 4), ((1, 12),)), ((1, 7), ((1, 1), (1, 12))), ((13, 1), ((1, 12),)), ((10, 6), ((1, 1), (1, 12))), ((13, 2), ((1, 12),)), ((17, 6), ((1, 1), (1, 12))), ((21, 2), ()), ((27, 1), ((28, 1),)), ((22, 5), ()), ((27, 6), ((28, 1),))]",442,50,44,94
443,"((28, 7), ((28, 1),))","((28, 6), ((28, 1),))",North,"[((28, 8), ((28, 1),)), ((28, 6), ((28, 1),))]","[((28, 7), ((28, 1),)), ((13, 8), ((1, 1),)), ((13, 10), ((1, 1),)), ((16, 12), ()), ((18, 5), ((1, 1),)), ((28, 7), ()), ((11, 7), ((1, 1), (1, 12))), ((20, 7), ((1, 1), (1, 12))), ((26, 10), ()), ((13, 4), ((1, 12),)), ((1, 7), ((1, 1), (1, 12))), ((13, 1), ((1, 12),)), ((10, 6), ((1, 1), (1, 12))), ((13, 2), ((1, 12),)), ((17, 6), ((1, 1), (1, 12))), ((21, 2), ()), ((27, 1), ((28, 1),)), ((22, 5), ()), ((27, 6), ((28, 1),))]","[((28, 8), ((28, 1),)), ((13, 8), ((1, 1),)), ((13, 10), ((1, 1),)), ((16, 12), ()), ((18, 5), ((1, 1),)), ((28, 7), ()), ((11, 7), ((1, 1), (1, 12))), ((20, 7), ((1, 1), (1, 12))), ((26, 10), ()), ((13, 4), ((1, 12),)), ((1, 7), ((1, 1), (1, 12))), ((13, 1), ((1, 12),)), ((10, 6), ((1, 1), (1, 12))), ((13, 2), ((1, 12),)), ((17, 6), ((1, 1), (1, 12))), ((21, 2), ()), ((27, 1), ((28, 1),)), ((27, 6), ((28, 1),)), ((22, 5), ())]",443,51,43,94
444,"((28, 8), ((28, 1),))","((28, 7), ((28, 1),))",North,"[((28, 7), ((28, 1),)), ((27, 8), ((28, 1),))]","[((28, 8), ((28, 1),)), ((13, 8), ((1, 1),)), ((13, 10), ((1, 1),)), ((16, 12), ()), ((18, 5), ((1, 1),)), ((28, 7), ()), ((11, 7), ((1, 1), (1, 12))), ((20, 7), ((1, 1), (1, 12))), ((26, 10), ()), ((13, 4), ((1, 12),)), ((1, 7), ((1, 1), (1, 12))), ((13, 1), ((1, 12),)), ((10, 6), ((1, 1), (1, 12))), ((13, 2), ((1, 12),)), ((17, 6), ((1, 1), (1, 12))), ((21, 2), ()), ((27, 1), ((28, 1),)), ((27, 6), ((28, 1),)), ((22, 5), ())]","[((13, 8), ((1, 1),)), ((16, 12), ()), ((13, 10), ((1, 1),)), ((26, 10), ()), ((18, 5), ((1, 1),)), ((28, 7), ()), ((11, 7), ((1, 1), (1, 12))), ((20, 7), ((1, 1), (1, 12))), ((22, 5), ()), ((13, 4), ((1, 12),)), ((1, 7), ((1, 1), (1, 12))), ((13, 1), ((1, 12),)), ((10, 6), ((1, 1), (1, 12))), ((13, 2), ((1, 12),)), ((17, 6), ((1, 1), (1, 12))), ((21, 2), ()), ((27, 1), ((28, 1),)), ((27, 6), ((28, 1),)), ((27, 8), ((28, 1),))]",444,52,42,94
445,"((13, 8), ((1, 1),))","((12, 8), ((1, 1),))",East,"[((12, 8), ((1, 1),))]","[((13, 8), ((1, 1),)), ((16, 12), ()), ((13, 10), ((1, 1),)), ((26, 10), ()), ((18, 5), ((1, 1),)), ((28, 7), ()), ((11, 7), ((1, 1), (1, 12))), ((20, 7), ((1, 1), (1, 12))), ((22, 5), ()), ((13, 4), ((1, 12),)), ((1, 7), ((1, 1), (1, 12))), ((13, 1), ((1, 12),)), ((10, 6), ((1, 1), (1, 12))), ((13, 2), ((1, 12),)), ((17, 6), ((1, 1), (1, 12))), ((21, 2), ()), ((27, 1), ((28, 1),)), ((27, 6), ((28, 1),)), ((27, 8), ((28, 1),))]","[((16, 12), ()), ((26, 10), ()), ((13, 10), ((1, 1),)), ((20, 7), ((1, 1), (1, 12))), ((18, 5), ((1, 1),)), ((28, 7), ()), ((11, 7), ((1, 1), (1, 12))), ((21, 2), ()), ((22, 5), ()), ((13, 4), ((1, 12),)), ((1, 7), ((1, 1), (1, 12))), ((13, 1), ((1, 12),)), ((10, 6), ((1, 1), (1, 12))), ((13, 2), ((1, 12),)), ((17, 6), ((1, 1), (1, 12))), ((27, 8), ((28, 1),)), ((27, 1), ((28, 1),)), ((27, 6), ((28, 1),))]",445,41,54,95
446,"((16, 12), ())","((17, 12), ())",West,"[((17, 12), ()), ((15, 12), ())]","[((16, 12), ()), ((26, 10), ()), ((13, 10), ((1, 1),)), ((20, 7), ((1, 1), (1, 12))), ((18, 5), ((1, 1),)), ((28, 7), ()), ((11, 7), ((1, 1), (1, 12))), ((21, 2), ()), ((22, 5), ()), ((13, 4), ((1, 12),)), ((1, 7), ((1, 1), (1, 12))), ((13, 1), ((1, 12),)), ((10, 6), ((1, 1), (1, 12))), ((13, 2), ((1, 12),)), ((17, 6), ((1, 1), (1, 12))), ((27, 8), ((28, 1),)), ((27, 1), ((28, 1),)), ((27, 6), ((28, 1),))]","[((13, 10), ((1, 1),)), ((26, 10), ()), ((11, 7), ((1, 1), (1, 12))), ((20, 7), ((1, 1), (1, 12))), ((18, 5), ((1, 1),)), ((28, 7), ()), ((17, 6), ((1, 1), (1, 12))), ((21, 2), ()), ((22, 5), ()), ((13, 4), ((1, 12),)), ((1, 7), ((1, 1), (1, 12))), ((13, 1), ((1, 12),)), ((10, 6), ((1, 1), (1, 12))), ((13, 2), ((1, 12),)), ((27, 6), ((28, 1),)), ((27, 8), ((28, 1),)), ((27, 1), ((28, 1),)), ((15, 12), ())]",446,34,61,95
447,"((13, 10), ((1, 1),))","((12, 10), ((1, 1),))",East,"[((14, 10), ((1, 1),)), ((12, 10), ((1, 1),))]","[((13, 10), ((1, 1),)), ((26, 10), ()), ((11, 7), ((1, 1), (1, 12))), ((20, 7), ((1, 1), (1, 12))), ((18, 5), ((1, 1),)), ((28, 7), ()), ((17, 6), ((1, 1), (1, 12))), ((21, 2), ()), ((22, 5), ()), ((13, 4), ((1, 12),)), ((1, 7), ((1, 1), (1, 12))), ((13, 1), ((1, 12),)), ((10, 6), ((1, 1), (1, 12))), ((13, 2), ((1, 12),)), ((27, 6), ((28, 1),)), ((27, 8), ((28, 1),)), ((27, 1), ((28, 1),)), ((15, 12), ())]","[((26, 10), ()), ((18, 5), ((1, 1),)), ((11, 7), ((1, 1), (1, 12))), ((20, 7), ((1, 1), (1, 12))), ((1, 7), ((1, 1), (1, 12))), ((28, 7), ()), ((17, 6), ((1, 1), (1, 12))), ((21, 2), ()), ((22, 5), ()), ((13, 4), ((1, 12),)), ((15, 12), ()), ((13, 1), ((1, 12),)), ((10, 6), ((1, 1), (1, 12))), ((13, 2), ((1, 12),)), ((27, 6), ((28, 1),)), ((27, 8), ((28, 1),)), ((27, 1), ((28, 1),)), ((14, 10), ((1, 1),))]",447,43,52,95
448,"((26, 10), ())","((26, 11), ())",South,"[((26, 11), ()), ((26, 9), ()), ((27, 10), ())]","[((26, 10), ()), ((18, 5), ((1, 1),)), ((11, 7), ((1, 1), (1, 12))), ((20, 7), ((1, 1), (1, 12))), ((1, 7), ((1, 1), (1, 12))), ((28, 7), ()), ((17, 6), ((1, 1), (1, 12))), ((21, 2), ()), ((22, 5), ()), ((13, 4), ((1, 12),)), ((15, 12), ()), ((13, 1), ((1, 12),)), ((10, 6), ((1, 1), (1, 12))), ((13, 2), ((1, 12),)), ((27, 6), ((28, 1),)), ((27, 8), ((28, 1),)), ((27, 1), ((28, 1),)), ((14, 10), ((1, 1),))]","[((18, 5), ((1, 1),)), ((1, 7), ((1, 1), (1, 12))), ((11, 7), ((1, 1), (1, 12))), ((20, 7), ((1, 1), (1, 12))), ((13, 4), ((1, 12),)), ((28, 7), ()), ((17, 6), ((1, 1), (1, 12))), ((21, 2), ()), ((27, 10), ()), ((14, 10), ((1, 1),)), ((15, 12), ()), ((13, 1), ((1, 12),)), ((10, 6), ((1, 1), (1, 12))), ((13, 2), ((1, 12),)), ((27, 6), ((28, 1),)), ((27, 8), ((28, 1),)), ((27, 1), ((28, 1),)), ((26, 9), ()), ((22, 5), ())]",448,42,53,95
449,"((18, 5), ((1, 1),))","((18, 4), ((1, 1),))",North,"[((18, 6), ((1, 1),)), ((18, 4), ((1, 1),))]","[((18, 5), ((1, 1),)), ((1, 7), ((1, 1), (1, 12))), ((11, 7), ((1, 1), (1, 12))), ((20, 7), ((1, 1), (1, 12))), ((13, 4), ((1, 12),)), ((28, 7), ()), ((17, 6), ((1, 1), (1, 12))), ((21, 2), ()), ((27, 10), ()), ((14, 10), ((1, 1),)), ((15, 12), ()), ((13, 1), ((1, 12),)), ((10, 6), ((1, 1), (1, 12))), ((13, 2), ((1, 12),)), ((27, 6), ((28, 1),)), ((27, 8), ((28, 1),)), ((27, 1), ((28, 1),)), ((26, 9), ()), ((22, 5), ())]","[((1, 7), ((1, 1), (1, 12))), ((20, 7), ((1, 1), (1, 12))), ((11, 7), ((1, 1), (1, 12))), ((27, 10), ()), ((13, 4), ((1, 12),)), ((28, 7), ()), ((17, 6), ((1, 1), (1, 12))), ((21, 2), ()), ((22, 5), ()), ((14, 10), ((1, 1),)), ((15, 12), ()), ((13, 1), ((1, 12),)), ((10, 6), ((1, 1), (1, 12))), ((13, 2), ((1, 12),)), ((27, 6), ((28, 1),)), ((27, 8), ((28, 1),)), ((27, 1), ((28, 1),)), ((26, 9), ()), ((18, 6), ((1, 1),))]",449,43,52,95
450,"((1, 7), ((1, 1), (1, 12)))","((1, 6), ((1, 1), (1, 12)))",North,"[((1, 8), ((1, 1), (1, 12))), ((1, 6), ((1, 1), (1, 12)))]","[((1, 7), ((1, 1), (1, 12))), ((20, 7), ((1, 1), (1, 12))), ((11, 7), ((1, 1), (1, 12))), ((27, 10), ()), ((13, 4), ((1, 12),)), ((28, 7), ()), ((17, 6), ((1, 1), (1, 12))), ((21, 2), ()), ((22, 5), ()), ((14, 10), ((1, 1),)), ((15, 12), ()), ((13, 1), ((1, 12),)), ((10, 6), ((1, 1), (1, 12))), ((13, 2), ((1, 12),)), ((27, 6), ((28, 1),)), ((27, 8), ((28, 1),)), ((27, 1), ((28, 1),)), ((26, 9), ()), ((18, 6), ((1, 1),))]","[((11, 7), ((1, 1), (1, 12))), ((20, 7), ((1, 1), (1, 12))), ((28, 7), ()), ((27, 10), ()), ((13, 4), ((1, 12),)), ((10, 6), ((1, 1), (1, 12))), ((17, 6), ((1, 1), (1, 12))), ((21, 2), ()), ((1, 8), ((1, 1), (1, 12))), ((14, 10), ((1, 1),)), ((15, 12), ()), ((13, 1), ((1, 12),)), ((18, 6), ((1, 1),)), ((13, 2), ((1, 12),)), ((27, 6), ((28, 1),)), ((27, 8), ((28, 1),)), ((27, 1), ((28, 1),)), ((26, 9), ()), ((22, 5), ())]",450,52,43,95
451,"((11, 7), ((1, 1), (1, 12)))","((11, 6), ((1, 1), (1, 12)))",North,"[((11, 8), ((1, 1), (1, 12))), ((11, 6), ((1, 1), (1, 12)))]","[((11, 7), ((1, 1), (1, 12))), ((20, 7), ((1, 1), (1, 12))), ((28, 7), ()), ((27, 10), ()), ((13, 4), ((1, 12),)), ((10, 6), ((1, 1), (1, 12))), ((17, 6), ((1, 1), (1, 12))), ((21, 2), ()), ((1, 8), ((1, 1), (1, 12))), ((14, 10), ((1, 1),)), ((15, 12), ()), ((13, 1), ((1, 12),)), ((18, 6), ((1, 1),)), ((13, 2), ((1, 12),)), ((27, 6), ((28, 1),)), ((27, 8), ((28, 1),)), ((27, 1), ((28, 1),)), ((26, 9), ()), ((22, 5), ())]","[((20, 7), ((1, 1), (1, 12))), ((27, 10), ()), ((28, 7), ()), ((1, 8), ((1, 1), (1, 12))), ((13, 4), ((1, 12),)), ((10, 6), ((1, 1), (1, 12))), ((17, 6), ((1, 1), (1, 12))), ((21, 2), ()), ((11, 8), ((1, 1), (1, 12))), ((14, 10), ((1, 1),)), ((15, 12), ()), ((13, 1), ((1, 12),)), ((18, 6), ((1, 1),)), ((13, 2), ((1, 12),)), ((27, 6), ((28, 1),)), ((27, 8), ((28, 1),)), ((27, 1), ((28, 1),)), ((26, 9), ()), ((22, 5), ())]",451,62,33,95
452,"((20, 7), ((1, 1), (1, 12)))","((20, 6), ((1, 1), (1, 12)))",North,"[((20, 8), ((1, 1), (1, 12))), ((20, 6), ((1, 1), (1, 12)))]","[((20, 7), ((1, 1), (1, 12))), ((27, 10), ()), ((28, 7), ()), ((1, 8), ((1, 1), (1, 12))), ((13, 4), ((1, 12),)), ((10, 6), ((1, 1), (1, 12))), ((17, 6), ((1, 1), (1, 12))), ((21, 2), ()), ((11, 8), ((1, 1), (1, 12))), ((14, 10), ((1, 1),)), ((15, 12), ()), ((13, 1), ((1, 12),)), ((18, 6), ((1, 1),)), ((13, 2), ((1, 12),)), ((27, 6), ((28, 1),)), ((27, 8), ((28, 1),)), ((27, 1), ((28, 1),)), ((26, 9), ()), ((22, 5), ())]","[((28, 7), ()), ((27, 10), ()), ((10, 6), ((1, 1), (1, 12))), ((1, 8), ((1, 1), (1, 12))), ((13, 4), ((1, 12),)), ((22, 5), ()), ((17, 6), ((1, 1), (1, 12))), ((21, 2), ()), ((11, 8), ((1, 1), (1, 12))), ((14, 10), ((1, 1),)), ((15, 12), ()), ((13, 1), ((1, 12),)), ((18, 6), ((1, 1),)), ((13, 2), ((1, 12),)), ((27, 6), ((28, 1),)), ((27, 8), ((28, 1),)), ((27, 1), ((28, 1),)), ((26, 9), ()), ((20, 8), ((1, 1), (1, 12)))]",452,71,24,95
453,"((28, 7), ())","((28, 6), ())",North,"[((28, 8), ()), ((28, 6), ())]","[((28, 7), ()), ((27, 10), ()), ((10, 6), ((1, 1), (1, 12))), ((1, 8), ((1, 1), (1, 12))), ((13, 4), ((1, 12),)), ((22, 5), ()), ((17, 6), ((1, 1), (1, 12))), ((21, 2), ()), ((11, 8), ((1, 1), (1, 12))), ((14, 10), ((1, 1),)), ((15, 12), ()), ((13, 1), ((1, 12),)), ((18, 6), ((1, 1),)), ((13, 2), ((1, 12),)), ((27, 6), ((28, 1),)), ((27, 8), ((28, 1),)), ((27, 1), ((28, 1),)), ((26, 9), ()), ((20, 8), ((1, 1), (1, 12)))]","[((27, 10), ()), ((1, 8), ((1, 1), (1, 12))), ((10, 6), ((1, 1), (1, 12))), ((11, 8), ((1, 1), (1, 12))), ((13, 4), ((1, 12),)), ((22, 5), ()), ((17, 6), ((1, 1), (1, 12))), ((21, 2), ()), ((20, 8), ((1, 1), (1, 12))), ((14, 10), ((1, 1),)), ((15, 12), ()), ((13, 1), ((1, 12),)), ((18, 6), ((1, 1),)), ((13, 2), ((1, 12),)), ((27, 6), ((28, 1),)), ((27, 8), ((28, 1),)), ((27, 1), ((28, 1),)), ((26, 9), ()), ((28, 8), ())]",453,41,54,95
454,"((27, 10), ())","((26, 10), ())",East,"[((28, 10), ()), ((26, 10), ())]","[((27, 10), ()), ((1, 8), ((1, 1), (1, 12))), ((10, 6), ((1, 1), (1, 12))), ((11, 8), ((1, 1), (1, 12))), ((13, 4), ((1, 12),)), ((22, 5), ()), ((17, 6), ((1, 1), (1, 12))), ((21, 2), ()), ((20, 8), ((1, 1), (1, 12))), ((14, 10), ((1, 1),)), ((15, 12), ()), ((13, 1), ((1, 12),)), ((18, 6), ((1, 1),)), ((13, 2), ((1, 12),)), ((27, 6), ((28, 1),)), ((27, 8), ((28, 1),)), ((27, 1), ((28, 1),)), ((26, 9), ()), ((28, 8), ())]","[((1, 8), ((1, 1), (1, 12))), ((11, 8), ((1, 1), (1, 12))), ((10, 6), ((1, 1), (1, 12))), ((20, 8), ((1, 1), (1, 12))), ((13, 4), ((1, 12),)), ((22, 5), ()), ((17, 6), ((1, 1), (1, 12))), ((21, 2), ()), ((28, 8), ()), ((14, 10), ((1, 1),)), ((15, 12), ()), ((13, 1), ((1, 12),)), ((18, 6), ((1, 1),)), ((13, 2), ((1, 12),)), ((27, 6), ((28, 1),)), ((27, 8), ((28, 1),)), ((27, 1), ((28, 1),)), ((26, 9), ()), ((28, 10), ())]",454,43,52,95
455,"((1, 8), ((1, 1), (1, 12)))","((1, 7), ((1, 1), (1, 12)))",North,"[((1, 7), ((1, 1), (1, 12))), ((2, 8), ((1, 1), (1, 12)))]","[((1, 8), ((1, 1), (1, 12))), ((11, 8), ((1, 1), (1, 12))), ((10, 6), ((1, 1), (1, 12))), ((20, 8), ((1, 1), (1, 12))), ((13, 4), ((1, 12),)), ((22, 5), ()), ((17, 6), ((1, 1), (1, 12))), ((21, 2), ()), ((28, 8), ()), ((14, 10), ((1, 1),)), ((15, 12), ()), ((13, 1), ((1, 12),)), ((18, 6), ((1, 1),)), ((13, 2), ((1, 12),)), ((27, 6), ((28, 1),)), ((27, 8), ((28, 1),)), ((27, 1), ((28, 1),)), ((26, 9), ()), ((28, 10), ())]","[((11, 8), ((1, 1), (1, 12))), ((20, 8), ((1, 1), (1, 12))), ((10, 6), ((1, 1), (1, 12))), ((28, 8), ()), ((13, 4), ((1, 12),)), ((22, 5), ()), ((17, 6), ((1, 1), (1, 12))), ((21, 2), ()), ((28, 10), ()), ((14, 10), ((1, 1),)), ((15, 12), ()), ((13, 1), ((1, 12),)), ((18, 6), ((1, 1),)), ((13, 2), ((1, 12),)), ((27, 6), ((28, 1),)), ((27, 8), ((28, 1),)), ((27, 1), ((28, 1),)), ((26, 9), ()), ((2, 8), ((1, 1), (1, 12)))]",455,53,42,95
456,"((11, 8), ((1, 1), (1, 12)))","((11, 7), ((1, 1), (1, 12)))",North,"[((11, 9), ((1, 1), (1, 12))), ((11, 7), ((1, 1), (1, 12))), ((12, 8), ((1, 1), (1, 12)))]","[((11, 8), ((1, 1), (1, 12))), ((20, 8), ((1, 1), (1, 12))), ((10, 6), ((1, 1), (1, 12))), ((28, 8), ()), ((13, 4), ((1, 12),)), ((22, 5), ()), ((17, 6), ((1, 1), (1, 12))), ((21, 2), ()), ((28, 10), ()), ((14, 10), ((1, 1),)), ((15, 12), ()), ((13, 1), ((1, 12),)), ((18, 6), ((1, 1),)), ((13, 2), ((1, 12),)), ((27, 6), ((28, 1),)), ((27, 8), ((28, 1),)), ((27, 1), ((28, 1),)), ((26, 9), ()), ((2, 8), ((1, 1), (1, 12)))]","[((20, 8), ((1, 1), (1, 12))), ((28, 8), ()), ((10, 6), ((1, 1), (1, 12))), ((28, 10), ()), ((12, 8), ((1, 1), (1, 12))), ((22, 5), ()), ((17, 6), ((1, 1), (1, 12))), ((21, 2), ()), ((2, 8), ((1, 1), (1, 12))), ((13, 4), ((1, 12),)), ((15, 12), ()), ((13, 1), ((1, 12),)), ((18, 6), ((1, 1),)), ((13, 2), ((1, 12),)), ((27, 6), ((28, 1),)), ((27, 8), ((28, 1),)), ((27, 1), ((28, 1),)), ((26, 9), ()), ((11, 9), ((1, 1), (1, 12))), ((14, 10), ((1, 1),))]",456,63,32,95
457,"((20, 8), ((1, 1), (1, 12)))","((20, 7), ((1, 1), (1, 12)))",North,"[((20, 7), ((1, 1), (1, 12))), ((21, 8), ((1, 1), (1, 12)))]","[((20, 8), ((1, 1), (1, 12))), ((28, 8), ()), ((10, 6), ((1, 1), (1, 12))), ((28, 10), ()), ((12, 8), ((1, 1), (1, 12))), ((22, 5), ()), ((17, 6), ((1, 1), (1, 12))), ((21, 2), ()), ((2, 8), ((1, 1), (1, 12))), ((13, 4), ((1, 12),)), ((15, 12), ()), ((13, 1), ((1, 12),)), ((18, 6), ((1, 1),)), ((13, 2), ((1, 12),)), ((27, 6), ((28, 1),)), ((27, 8), ((28, 1),)), ((27, 1), ((28, 1),)), ((26, 9), ()), ((11, 9), ((1, 1), (1, 12))), ((14, 10), ((1, 1),))]","[((28, 8), ()), ((28, 10), ()), ((10, 6), ((1, 1), (1, 12))), ((2, 8), ((1, 1), (1, 12))), ((12, 8), ((1, 1), (1, 12))), ((22, 5), ()), ((17, 6), ((1, 1), (1, 12))), ((21, 2), ()), ((11, 9), ((1, 1), (1, 12))), ((21, 8), ((1, 1), (1, 12))), ((15, 12), ()), ((13, 1), ((1, 12),)), ((18, 6), ((1, 1),)), ((13, 2), ((1, 12),)), ((27, 6), ((28, 1),)), ((27, 8), ((28, 1),)), ((27, 1), ((28, 1),)), ((26, 9), ()), ((14, 10), ((1, 1),)), ((13, 4), ((1, 12),))]",457,72,23,95
458,"((28, 8), ())","((28, 7), ())",North,"[((28, 7), ()), ((27, 8), ())]","[((28, 8), ()), ((28, 10), ()), ((10, 6), ((1, 1), (1, 12))), ((2, 8), ((1, 1), (1, 12))), ((12, 8), ((1, 1), (1, 12))), ((22, 5), ()), ((17, 6), ((1, 1), (1, 12))), ((21, 2), ()), ((11, 9), ((1, 1), (1, 12))), ((21, 8), ((1, 1), (1, 12))), ((15, 12), ()), ((13, 1), ((1, 12),)), ((18, 6), ((1, 1),)), ((13, 2), ((1, 12),)), ((27, 6), ((28, 1),)), ((27, 8), ((28, 1),)), ((27, 1), ((28, 1),)), ((26, 9), ()), ((14, 10), ((1, 1),)), ((13, 4), ((1, 12),))]","[((28, 10), ()), ((2, 8), ((1, 1), (1, 12))), ((10, 6), ((1, 1), (1, 12))), ((11, 9), ((1, 1), (1, 12))), ((12, 8), ((1, 1), (1, 12))), ((22, 5), ()), ((17, 6), ((1, 1), (1, 12))), ((21, 2), ()), ((13, 4), ((1, 12),)), ((21, 8), ((1, 1), (1, 12))), ((15, 12), ()), ((13, 1), ((1, 12),)), ((18, 6), ((1, 1),)), ((13, 2), ((1, 12),)), ((27, 6), ((28, 1),)), ((27, 8), ((28, 1),)), ((27, 1), ((28, 1),)), ((26, 9), ()), ((14, 10), ((1, 1),)), ((27, 8), ())]",458,42,53,95
459,"((28, 10), ())","((27, 10), ())",East,"[((28, 11), ()), ((27, 10), ())]","[((28, 10), ()), ((2, 8), ((1, 1), (1, 12))), ((10, 6), ((1, 1), (1, 12))), ((11, 9), ((1, 1), (1, 12))), ((12, 8), ((1, 1), (1, 12))), ((22, 5), ()), ((17, 6), ((1, 1), (1, 12))), ((21, 2), ()), ((13, 4), ((1, 12),)), ((21, 8), ((1, 1), (1, 12))), ((15, 12), ()), ((13, 1), ((1, 12),)), ((18, 6), ((1, 1),)), ((13, 2), ((1, 12),)), ((27, 6), ((28, 1),)), ((27, 8), ((28, 1),)), ((27, 1), ((28, 1),)), ((26, 9), ()), ((14, 10), ((1, 1),)), ((27, 8), ())]","[((2, 8), ((1, 1), (1, 12))), ((11, 9), ((1, 1), (1, 12))), ((10, 6), ((1, 1), (1, 12))), ((13, 4), ((1, 12),)), ((12, 8), ((1, 1), (1, 12))), ((22, 5), ()), ((17, 6), ((1, 1), (1, 12))), ((21, 2), ()), ((14, 10), ((1, 1),)), ((21, 8), ((1, 1), (1, 12))), ((15, 12), ()), ((13, 1), ((1, 12),)), ((18, 6), ((1, 1),)), ((13, 2), ((1, 12),)), ((27, 6), ((28, 1),)), ((27, 8), ((28, 1),)), ((27, 1), ((28, 1),)), ((26, 9), ()), ((27, 8), ()), ((28, 11), ())]",459,44,51,95
460,"((2, 8), ((1, 1), (1, 12)))","((1, 8), ((1, 1), (1, 12)))",East,"[((3, 8), ((1, 1), (1, 12))), ((1, 8), ((1, 1), (1, 12)))]","[((2, 8), ((1, 1), (1, 12))), ((11, 9), ((1, 1), (1, 12))), ((10, 6), ((1, 1), (1, 12))), ((13, 4), ((1, 12),)), ((12, 8), ((1, 1), (1, 12))), ((22, 5), ()), ((17, 6), ((1, 1), (1, 12))), ((21, 2), ()), ((14, 10), ((1, 1),)), ((21, 8), ((1, 1), (1, 12))), ((15, 12), ()), ((13, 1), ((1, 12),)), ((18, 6), ((1, 1),)), ((13, 2), ((1, 12),)), ((27, 6), ((28, 1),)), ((27, 8), ((28, 1),)), ((27, 1), ((28, 1),)), ((26, 9), ()), ((27, 8), ()), ((28, 11), ())]","[((11, 9), ((1, 1), (1, 12))), ((12, 8), ((1, 1), (1, 12))), ((10, 6), ((1, 1), (1, 12))), ((13, 4), ((1, 12),)), ((21, 8), ((1, 1), (1, 12))), ((22, 5), ()), ((17, 6), ((1, 1), (1, 12))), ((21, 2), ()), ((14, 10), ((1, 1),)), ((28, 11), ()), ((15, 12), ()), ((13, 1), ((1, 12),)), ((18, 6), ((1, 1),)), ((13, 2), ((1, 12),)), ((27, 6), ((28, 1),)), ((27, 8), ((28, 1),)), ((27, 1), ((28, 1),)), ((26, 9), ()), ((27, 8), ()), ((3, 8), ((1, 1), (1, 12)))]",460,54,41,95
461,"((11, 9), ((1, 1), (1, 12)))","((11, 8), ((1, 1), (1, 12)))",North,"[((11, 10), ((1, 1), (1, 12))), ((11, 8), ((1, 1), (1, 12)))]","[((11, 9), ((1, 1), (1, 12))), ((12, 8), ((1, 1), (1, 12))), ((10, 6), ((1, 1), (1, 12))), ((13, 4), ((1, 12),)), ((21, 8), ((1, 1), (1, 12))), ((22, 5), ()), ((17, 6), ((1, 1), (1, 12))), ((21, 2), ()), ((14, 10), ((1, 1),)), ((28, 11), ()), ((15, 12), ()), ((13, 1), ((1, 12),)), ((18, 6), ((1, 1),)), ((13, 2), ((1, 12),)), ((27, 6), ((28, 1),)), ((27, 8), ((28, 1),)), ((27, 1), ((28, 1),)), ((26, 9), ()), ((27, 8), ()), ((3, 8), ((1, 1), (1, 12)))]","[((12, 8), ((1, 1), (1, 12))), ((21, 8), ((1, 1), (1, 12))), ((10, 6), ((1, 1), (1, 12))), ((13, 4), ((1, 12),)), ((28, 11), ()), ((22, 5), ()), ((17, 6), ((1, 1), (1, 12))), ((21, 2), ()), ((14, 10), ((1, 1),)), ((3, 8), ((1, 1), (1, 12))), ((15, 12), ()), ((13, 1), ((1, 12),)), ((18, 6), ((1, 1),)), ((13, 2), ((1, 12),)), ((27, 6), ((28, 1),)), ((27, 8), ((28, 1),)), ((27, 1), ((28, 1),)), ((26, 9), ()), ((27, 8), ()), ((11, 10), ((1, 1), (1, 12)))]",461,64,31,95
462,"((12, 8), ((1, 1), (1, 12)))","((11, 8), ((1, 1), (1, 12)))",East,"[((13, 8), ((1, 1), (1, 12))), ((11, 8), ((1, 1), (1, 12)))]","[((12, 8), ((1, 1), (1, 12))), ((21, 8), ((1, 1), (1, 12))), ((10, 6), ((1, 1), (1, 12))), ((13, 4), ((1, 12),)), ((28, 11), ()), ((22, 5), ()), ((17, 6), ((1, 1), (1, 12))), ((21, 2), ()), ((14, 10), ((1, 1),)), ((3, 8), ((1, 1), (1, 12))), ((15, 12), ()), ((13, 1), ((1, 12),)), ((18, 6), ((1, 1),)), ((13, 2), ((1, 12),)), ((27, 6), ((28, 1),)), ((27, 8), ((28, 1),)), ((27, 1), ((28, 1),)), ((26, 9), ()), ((27, 8), ()), ((11, 10), ((1, 1), (1, 12)))]","[((21, 8), ((1, 1), (1, 12))), ((28, 11), ()), ((10, 6), ((1, 1), (1, 12))), ((13, 4), ((1, 12),)), ((3, 8), ((1, 1), (1, 12))), ((22, 5), ()), ((17, 6), ((1, 1), (1, 12))), ((21, 2), ()), ((14, 10), ((1, 1),)), ((11, 10), ((1, 1), (1, 12))), ((15, 12), ()), ((13, 1), ((1, 12),)), ((18, 6), ((1, 1),)), ((13, 2), ((1, 12),)), ((27, 6), ((28, 1),)), ((27, 8), ((28, 1),)), ((27, 1), ((28, 1),)), ((26, 9), ()), ((27, 8), ()), ((13, 8), ((1, 1), (1, 12)))]",462,64,31,95
463,"((21, 8), ((1, 1), (1, 12)))","((20, 8), ((1, 1), (1, 12)))",East,"[((22, 8), ((1, 1), (1, 12))), ((20, 8), ((1, 1), (1, 12)))]","[((21, 8), ((1, 1), (1, 12))), ((28, 11), ()), ((10, 6), ((1, 1), (1, 12))), ((13, 4), ((1, 12),)), ((3, 8), ((1, 1), (1, 12))), ((22, 5), ()), ((17, 6), ((1, 1), (1, 12))), ((21, 2), ()), ((14, 10), ((1, 1),)), ((11, 10), ((1, 1), (1, 12))), ((15, 12), ()), ((13, 1), ((1, 12),)), ((18, 6), ((1, 1),)), ((13, 2), ((1, 12),)), ((27, 6), ((28, 1),)), ((27, 8), ((28, 1),)), ((27, 1), ((28, 1),)), ((26, 9), ()), ((27, 8), ()), ((13, 8), ((1, 1), (1, 12)))]","[((28, 11), ()), ((3, 8), ((1, 1), (1, 12))), ((10, 6), ((1, 1), (1, 12))), ((13, 4), ((1, 12),)), ((11, 10), ((1, 1), (1, 12))), ((22, 5), ()), ((17, 6), ((1, 1), (1, 12))), ((21, 2), ()), ((14, 10), ((1, 1),)), ((13, 8), ((1, 1), (1, 12))), ((15, 12), ()), ((13, 1), ((1, 12),)), ((18, 6), ((1, 1),)), ((13, 2), ((1, 12),)), ((27, 6), ((28, 1),)), ((27, 8), ((28, 1),)), ((27, 1), ((28, 1),)), ((26, 9), ()), ((27, 8), ()), ((22, 8), ((1, 1), (1, 12)))]",463,73,22,95
464,"((28, 11), ())","((28, 10), ())",North,"[((28, 12), ((28, 12),)), ((28, 10), ())]","[((28, 11), ()), ((3, 8), ((1, 1), (1, 12))), ((10, 6), ((1, 1), (1, 12))), ((13, 4), ((1, 12),)), ((11, 10), ((1, 1), (1, 12))), ((22, 5), ()), ((17, 6), ((1, 1), (1, 12))), ((21, 2), ()), ((14, 10), ((1, 1),)), ((13, 8), ((1, 1), (1, 12))), ((15, 12), ()), ((13, 1), ((1, 12),)), ((18, 6), ((1, 1),)), ((13, 2), ((1, 12),)), ((27, 6), ((28, 1),)), ((27, 8), ((28, 1),)), ((27, 1), ((28, 1),)), ((26, 9), ()), ((27, 8), ()), ((22, 8), ((1, 1), (1, 12)))]","[((3, 8), ((1, 1), (1, 12))), ((11, 10), ((1, 1), (1, 12))), ((10, 6), ((1, 1), (1, 12))), ((13, 4), ((1, 12),)), ((13, 8), ((1, 1), (1, 12))), ((22, 5), ()), ((17, 6), ((1, 1), (1, 12))), ((21, 2), ()), ((14, 10), ((1, 1),)), ((22, 8), ((1, 1), (1, 12))), ((15, 12), ()), ((13, 1), ((1, 12),)), ((18, 6), ((1, 1),)), ((13, 2), ((1, 12),)), ((27, 6), ((28, 1),)), ((27, 8), ((28, 1),)), ((27, 1), ((28, 1),)), ((26, 9), ()), ((27, 8), ()), ((28, 12), ((28, 12),))]",464,45,50,95
465,"((3, 8), ((1, 1), (1, 12)))","((2, 8), ((1, 1), (1, 12)))",East,"[((2, 8), ((1, 1), (1, 12)))]","[((3, 8), ((1, 1), (1, 12))), ((11, 10), ((1, 1), (1, 12))), ((10, 6), ((1, 1), (1, 12))), ((13, 4), ((1, 12),)), ((13, 8), ((1, 1), (1, 12))), ((22, 5), ()), ((17, 6), ((1, 1), (1, 12))), ((21, 2), ()), ((14, 10), ((1, 1),)), ((22, 8), ((1, 1), (1, 12))), ((15, 12), ()), ((13, 1), ((1, 12),)), ((18, 6), ((1, 1),)), ((13, 2), ((1, 12),)), ((27, 6), ((28, 1),)), ((27, 8), ((28, 1),)), ((27, 1), ((28, 1),)), ((26, 9), ()), ((27, 8), ()), ((28, 12), ((28, 12),))]","[((11, 10), ((1, 1), (1, 12))), ((13, 8), ((1, 1), (1, 12))), ((10, 6), ((1, 1), (1, 12))), ((13, 4), ((1, 12),)), ((22, 8), ((1, 1), (1, 12))), ((22, 5), ()), ((17, 6), ((1, 1), (1, 12))), ((21, 2), ()), ((14, 10), ((1, 1),)), ((28, 12), ((28, 12),)), ((15, 12), ()), ((13, 1), ((1, 12),)), ((18, 6), ((1, 1),)), ((13, 2), ((1, 12),)), ((27, 6), ((28, 1),)), ((27, 8), ((28, 1),)), ((27, 1), ((28, 1),)), ((26, 9), ()), ((27, 8), ())]",465,55,40,95
466,"((11, 10), ((1, 1), (1, 12)))","((11, 9), ((1, 1), (1, 12)))",North,"[((11, 11), ((1, 1), (1, 12))), ((11, 9), ((1, 1), (1, 12))), ((12, 10), ((1, 1), (1, 12))), ((10, 10), ((1, 1), (1, 12)))]","[((11, 10), ((1, 1), (1, 12))), ((13, 8), ((1, 1), (1, 12))), ((10, 6), ((1, 1), (1, 12))), ((13, 4), ((1, 12),)), ((22, 8), ((1, 1), (1, 12))), ((22, 5), ()), ((17, 6), ((1, 1), (1, 12))), ((21, 2), ()), ((14, 10), ((1, 1),)), ((28, 12), ((28, 12),)), ((15, 12), ()), ((13, 1), ((1, 12),)), ((18, 6), ((1, 1),)), ((13, 2), ((1, 12),)), ((27, 6), ((28, 1),)), ((27, 8), ((28, 1),)), ((27, 1), ((28, 1),)), ((26, 9), ()), ((27, 8), ())]","[((13, 8), ((1, 1), (1, 12))), ((22, 8), ((1, 1), (1, 12))), ((10, 6), ((1, 1), (1, 12))), ((11, 11), ((1, 1), (1, 12))), ((28, 12), ((28, 12),)), ((22, 5), ()), ((17, 6), ((1, 1), (1, 12))), ((21, 2), ()), ((13, 4), ((1, 12),)), ((12, 10), ((1, 1), (1, 12))), ((15, 12), ()), ((13, 1), ((1, 12),)), ((18, 6), ((1, 1),)), ((13, 2), ((1, 12),)), ((27, 6), ((28, 1),)), ((27, 8), ((28, 1),)), ((27, 1), ((28, 1),)), ((26, 9), ()), ((14, 10), ((1, 1),)), ((27, 8), ()), ((10, 10), ((1, 1), (1, 12)))]",466,65,30,95
467,"((13, 8), ((1, 1), (1, 12)))","((12, 8), ((1, 1), (1, 12)))",East,"[((12, 8), ((1, 1), (1, 12)))]","[((13, 8), ((1, 1), (1, 12))), ((22, 8), ((1, 1), (1, 12))), ((10, 6), ((1, 1), (1, 12))), ((11, 11), ((1, 1), (1, 12))), ((28, 12), ((28, 12),)), ((22, 5), ()), ((17, 6), ((1, 1), (1, 12))), ((21, 2), ()), ((13, 4), ((1, 12),)), ((12, 10), ((1, 1), (1, 12))), ((15, 12), ()), ((13, 1), ((1, 12),)), ((18, 6), ((1, 1),)), ((13, 2), ((1, 12),)), ((27, 6), ((28, 1),)), ((27, 8), ((28, 1),)), ((27, 1), ((28, 1),)), ((26, 9), ()), ((14, 10), ((1, 1),)), ((27, 8), ()), ((10, 10), ((1, 1), (1, 12)))]","[((22, 8), ((1, 1), (1, 12))), ((28, 12), ((28, 12),)), ((10, 6), ((1, 1), (1, 12))), ((11, 11), ((1, 1), (1, 12))), ((12, 10), ((1, 1), (1, 12))), ((22, 5), ()), ((17, 6), ((1, 1), (1, 12))), ((21, 2), ()), ((13, 4), ((1, 12),)), ((27, 8), ()), ((15, 12), ()), ((13, 1), ((1, 12),)), ((18, 6), ((1, 1),)), ((13, 2), ((1, 12),)), ((27, 6), ((28, 1),)), ((27, 8), ((28, 1),)), ((27, 1), ((28, 1),)), ((26, 9), ()), ((14, 10), ((1, 1),)), ((10, 10), ((1, 1), (1, 12)))]",467,65,30,95
468,"((22, 8), ((1, 1), (1, 12)))","((21, 8), ((1, 1), (1, 12)))",East,"[((23, 8), ((1, 1), (1, 12))), ((21, 8), ((1, 1), (1, 12)))]","[((22, 8), ((1, 1), (1, 12))), ((28, 12), ((28, 12),)), ((10, 6), ((1, 1), (1, 12))), ((11, 11), ((1, 1), (1, 12))), ((12, 10), ((1, 1), (1, 12))), ((22, 5), ()), ((17, 6), ((1, 1), (1, 12))), ((21, 2), ()), ((13, 4), ((1, 12),)), ((27, 8), ()), ((15, 12), ()), ((13, 1), ((1, 12),)), ((18, 6), ((1, 1),)), ((13, 2), ((1, 12),)), ((27, 6), ((28, 1),)), ((27, 8), ((28, 1),)), ((27, 1), ((28, 1),)), ((26, 9), ()), ((14, 10), ((1, 1),)), ((10, 10), ((1, 1), (1, 12)))]","[((28, 12), ((28, 12),)), ((11, 11), ((1, 1), (1, 12))), ((10, 6), ((1, 1), (1, 12))), ((13, 4), ((1, 12),)), ((12, 10), ((1, 1), (1, 12))), ((22, 5), ()), ((17, 6), ((1, 1), (1, 12))), ((21, 2), ()), ((14, 10), ((1, 1),)), ((23, 8), ((1, 1), (1, 12))), ((15, 12), ()), ((13, 1), ((1, 12),)), ((18, 6), ((1, 1),)), ((13, 2), ((1, 12),)), ((27, 6), ((28, 1),)), ((27, 8), ((28, 1),)), ((27, 1), ((28, 1),)), ((26, 9), ()), ((10, 10), ((1, 1), (1, 12))), ((27, 8), ())]",468,74,21,95
469,"((28, 12), ((28, 12),))","((28, 11), ())",North,"[((28, 11), ((28, 12),))]","[((28, 12), ((28, 12),)), ((11, 11), ((1, 1), (1, 12))), ((10, 6), ((1, 1), (1, 12))), ((13, 4), ((1, 12),)), ((12, 10), ((1, 1), (1, 12))), ((22, 5), ()), ((17, 6), ((1, 1), (1, 12))), ((21, 2), ()), ((14, 10), ((1, 1),)), ((23, 8), ((1, 1), (1, 12))), ((15, 12), ()), ((13, 1), ((1, 12),)), ((18, 6), ((1, 1),)), ((13, 2), ((1, 12),)), ((27, 6), ((28, 1),)), ((27, 8), ((28, 1),)), ((27, 1), ((28, 1),)), ((26, 9), ()), ((10, 10), ((1, 1), (1, 12))), ((27, 8), ())]","[((11, 11), ((1, 1), (1, 12))), ((12, 10), ((1, 1), (1, 12))), ((10, 6), ((1, 1), (1, 12))), ((13, 4), ((1, 12),)), ((23, 8), ((1, 1), (1, 12))), ((22, 5), ()), ((17, 6), ((1, 1), (1, 12))), ((21, 2), ()), ((14, 10), ((1, 1),)), ((28, 11), ((28, 12),)), ((15, 12), ()), ((13, 1), ((1, 12),)), ((18, 6), ((1, 1),)), ((13, 2), ((1, 12),)), ((27, 6), ((28, 1),)), ((27, 8), ((28, 1),)), ((27, 1), ((28, 1),)), ((26, 9), ()), ((10, 10), ((1, 1), (1, 12))), ((27, 8), ())]",469,46,49,95
470,"((11, 11), ((1, 1), (1, 12)))","((11, 10), ((1, 1), (1, 12)))",North,"[((11, 12), ((1, 1), (1, 12))), ((11, 10), ((1, 1), (1, 12)))]","[((11, 11), ((1, 1), (1, 12))), ((12, 10), ((1, 1), (1, 12))), ((10, 6), ((1, 1), (1, 12))), ((13, 4), ((1, 12),)), ((23, 8), ((1, 1), (1, 12))), ((22, 5), ()), ((17, 6), ((1, 1), (1, 12))), ((21, 2), ()), ((14, 10), ((1, 1),)), ((28, 11), ((28, 12),)), ((15, 12), ()), ((13, 1), ((1, 12),)), ((18, 6), ((1, 1),)), ((13, 2), ((1, 12),)), ((27, 6), ((28, 1),)), ((27, 8), ((28, 1),)), ((27, 1), ((28, 1),)), ((26, 9), ()), ((10, 10), ((1, 1), (1, 12))), ((27, 8), ())]","[((12, 10), ((1, 1), (1, 12))), ((23, 8), ((1, 1), (1, 12))), ((10, 6), ((1, 1), (1, 12))), ((13, 4), ((1, 12),)), ((28, 11), ((28, 12),)), ((22, 5), ()), ((17, 6), ((1, 1), (1, 12))), ((21, 2), ()), ((14, 10), ((1, 1),)), ((11, 12), ((1, 1), (1, 12))), ((15, 12), ()), ((13, 1), ((1, 12),)), ((18, 6), ((1, 1),)), ((13, 2), ((1, 12),)), ((27, 6), ((28, 1),)), ((27, 8), ((28, 1),)), ((27, 1), ((28, 1),)), ((26, 9), ()), ((10, 10), ((1, 1), (1, 12))), ((27, 8), ())]",470,66,29,95
471,"((12, 10), ((1, 1), (1, 12)))","((11, 10), ((1, 1), (1, 12)))",East,"[((13, 10), ((1, 1), (1, 12))), ((11, 10), ((1, 1), (1, 12)))]","[((12, 10), ((1, 1), (1, 12))), ((23, 8), ((1, 1), (1, 12))), ((10, 6), ((1, 1), (1, 12))), ((13, 4), ((1, 12),)), ((28, 11), ((28, 12),)), ((22, 5), ()), ((17, 6), ((1, 1), (1, 12))), ((21, 2), ()), ((14, 10), ((1, 1),)), ((11, 12), ((1, 1), (1, 12))), ((15, 12), ()), ((13, 1), ((1, 12),)), ((18, 6), ((1, 1),)), ((13, 2), ((1, 12),)), ((27, 6), ((28, 1),)), ((27, 8), ((28, 1),)), ((27, 1), ((28, 1),)), ((26, 9), ()), ((10, 10), ((1, 1), (1, 12))), ((27, 8), ())]","[((23, 8), ((1, 1), (1, 12))), ((28, 11), ((28, 12),)), ((10, 6), ((1, 1), (1, 12))), ((13, 4), ((1, 12),)), ((11, 12), ((1, 1), (1, 12))), ((22, 5), ()), ((17, 6), ((1, 1), (1, 12))), ((21, 2), ()), ((14, 10), ((1, 1),)), ((13, 10), ((1, 1), (1, 12))), ((15, 12), ()), ((13, 1), ((1, 12),)), ((18, 6), ((1, 1),)), ((13, 2), ((1, 12),)), ((27, 6), ((28, 1),)), ((27, 8), ((28, 1),)), ((27, 1), ((28, 1),)), ((26, 9), ()), ((10, 10), ((1, 1), (1, 12))), ((27, 8), ())]",471,66,29,95
472,"((23, 8), ((1, 1), (1, 12)))","((22, 8), ((1, 1), (1, 12)))",East,"[((24, 8), ((1, 1), (1, 12))), ((22, 8), ((1, 1), (1, 12)))]","[((23, 8), ((1, 1), (1, 12))), ((28, 11), ((28, 12),)), ((10, 6), ((1, 1), (1, 12))), ((13, 4), ((1, 12),)), ((11, 12), ((1, 1), (1, 12))), ((22, 5), ()), ((17, 6), ((1, 1), (1, 12))), ((21, 2), ()), ((14, 10), ((1, 1),)), ((13, 10), ((1, 1), (1, 12))), ((15, 12), ()), ((13, 1), ((1, 12),)), ((18, 6), ((1, 1),)), ((13, 2), ((1, 12),)), ((27, 6), ((28, 1),)), ((27, 8), ((28, 1),)), ((27, 1), ((28, 1),)), ((26, 9), ()), ((10, 10), ((1, 1), (1, 12))), ((27, 8), ())]","[((28, 11), ((28, 12),)), ((11, 12), ((1, 1), (1, 12))), ((10, 6), ((1, 1), (1, 12))), ((13, 4), ((1, 12),)), ((13, 10), ((1, 1), (1, 12))), ((22, 5), ()), ((17, 6), ((1, 1), (1, 12))), ((21, 2), ()), ((14, 10), ((1, 1),)), ((24, 8), ((1, 1), (1, 12))), ((15, 12), ()), ((13, 1), ((1, 12),)), ((18, 6), ((1, 1),)), ((13, 2), ((1, 12),)), ((27, 6), ((28, 1),)), ((27, 8), ((28, 1),)), ((27, 1), ((28, 1),)), ((26, 9), ()), ((10, 10), ((1, 1), (1, 12))), ((27, 8), ())]",472,75,20,95
473,"((28, 11), ((28, 12),))","((28, 12), ((28, 12),))",South,"[((28, 12), ((28, 12),)), ((28, 10), ((28, 12),))]","[((28, 11), ((28, 12),)), ((11, 12), ((1, 1), (1, 12))), ((10, 6), ((1, 1), (1, 12))), ((13, 4), ((1, 12),)), ((13, 10), ((1, 1), (1, 12))), ((22, 5), ()), ((17, 6), ((1, 1), (1, 12))), ((21, 2), ()), ((14, 10), ((1, 1),)), ((24, 8), ((1, 1), (1, 12))), ((15, 12), ()), ((13, 1), ((1, 12),)), ((18, 6), ((1, 1),)), ((13, 2), ((1, 12),)), ((27, 6), ((28, 1),)), ((27, 8), ((28, 1),)), ((27, 1), ((28, 1),)), ((26, 9), ()), ((10, 10), ((1, 1), (1, 12))), ((27, 8), ())]","[((11, 12), ((1, 1), (1, 12))), ((13, 10), ((1, 1), (1, 12))), ((10, 6), ((1, 1), (1, 12))), ((13, 4), ((1, 12),)), ((24, 8), ((1, 1), (1, 12))), ((22, 5), ()), ((17, 6), ((1, 1), (1, 12))), ((21, 2), ()), ((14, 10), ((1, 1),)), ((28, 10), ((28, 12),)), ((15, 12), ()), ((13, 1), ((1, 12),)), ((18, 6), ((1, 1),)), ((13, 2), ((1, 12),)), ((27, 6), ((28, 1),)), ((27, 8), ((28, 1),)), ((27, 1), ((28, 1),)), ((26, 9), ()), ((10, 10), ((1, 1), (1, 12))), ((27, 8), ())]",473,47,48,95
474,"((11, 12), ((1, 1), (1, 12)))","((11, 11), ((1, 1), (1, 12)))",North,"[((11, 11), ((1, 1), (1, 12)))]","[((11, 12), ((1, 1), (1, 12))), ((13, 10), ((1, 1), (1, 12))), ((10, 6), ((1, 1), (1, 12))), ((13, 4), ((1, 12),)), ((24, 8), ((1, 1), (1, 12))), ((22, 5), ()), ((17, 6), ((1, 1), (1, 12))), ((21, 2), ()), ((14, 10), ((1, 1),)), ((28, 10), ((28, 12),)), ((15, 12), ()), ((13, 1), ((1, 12),)), ((18, 6), ((1, 1),)), ((13, 2), ((1, 12),)), ((27, 6), ((28, 1),)), ((27, 8), ((28, 1),)), ((27, 1), ((28, 1),)), ((26, 9), ()), ((10, 10), ((1, 1), (1, 12))), ((27, 8), ())]","[((13, 10), ((1, 1), (1, 12))), ((24, 8), ((1, 1), (1, 12))), ((10, 6), ((1, 1), (1, 12))), ((13, 4), ((1, 12),)), ((28, 10), ((28, 12),)), ((22, 5), ()), ((17, 6), ((1, 1), (1, 12))), ((21, 2), ()), ((14, 10), ((1, 1),)), ((27, 8), ()), ((15, 12), ()), ((13, 1), ((1, 12),)), ((18, 6), ((1, 1),)), ((13, 2), ((1, 12),)), ((27, 6), ((28, 1),)), ((27, 8), ((28, 1),)), ((27, 1), ((28, 1),)), ((26, 9), ()), ((10, 10), ((1, 1), (1, 12)))]",474,67,28,95
475,"((13, 10), ((1, 1), (1, 12)))","((12, 10), ((1, 1), (1, 12)))",East,"[((14, 10), ((1, 1), (1, 12))), ((12, 10), ((1, 1), (1, 12)))]","[((13, 10), ((1, 1), (1, 12))), ((24, 8), ((1, 1), (1, 12))), ((10, 6), ((1, 1), (1, 12))), ((13, 4), ((1, 12),)), ((28, 10), ((28, 12),)), ((22, 5), ()), ((17, 6), ((1, 1), (1, 12))), ((21, 2), ()), ((14, 10), ((1, 1),)), ((27, 8), ()), ((15, 12), ()), ((13, 1), ((1, 12),)), ((18, 6), ((1, 1),)), ((13, 2), ((1, 12),)), ((27, 6), ((28, 1),)), ((27, 8), ((28, 1),)), ((27, 1), ((28, 1),)), ((26, 9), ()), ((10, 10), ((1, 1), (1, 12)))]","[((24, 8), ((1, 1), (1, 12))), ((28, 10), ((28, 12),)), ((10, 6), ((1, 1), (1, 12))), ((14, 10), ((1, 1), (1, 12))), ((15, 12), ()), ((22, 5), ()), ((17, 6), ((1, 1), (1, 12))), ((21, 2), ()), ((13, 4), ((1, 12),)), ((27, 8), ()), ((10, 10), ((1, 1), (1, 12))), ((13, 1), ((1, 12),)), ((18, 6), ((1, 1),)), ((13, 2), ((1, 12),)), ((27, 6), ((28, 1),)), ((27, 8), ((28, 1),)), ((27, 1), ((28, 1),)), ((26, 9), ()), ((14, 10), ((1, 1),))]",475,67,28,95
476,"((24, 8), ((1, 1), (1, 12)))","((23, 8), ((1, 1), (1, 12)))",East,"[((24, 9), ((1, 1), (1, 12))), ((24, 7), ((1, 1), (1, 12))), ((23, 8), ((1, 1), (1, 12)))]","[((24, 8), ((1, 1), (1, 12))), ((28, 10), ((28, 12),)), ((10, 6), ((1, 1), (1, 12))), ((14, 10), ((1, 1), (1, 12))), ((15, 12), ()), ((22, 5), ()), ((17, 6), ((1, 1), (1, 12))), ((21, 2), ()), ((13, 4), ((1, 12),)), ((27, 8), ()), ((10, 10), ((1, 1), (1, 12))), ((13, 1), ((1, 12),)), ((18, 6), ((1, 1),)), ((13, 2), ((1, 12),)), ((27, 6), ((28, 1),)), ((27, 8), ((28, 1),)), ((27, 1), ((28, 1),)), ((26, 9), ()), ((14, 10), ((1, 1),))]","[((28, 10), ((28, 12),)), ((14, 10), ((1, 1), (1, 12))), ((10, 6), ((1, 1), (1, 12))), ((24, 9), ((1, 1), (1, 12))), ((15, 12), ()), ((22, 5), ()), ((17, 6), ((1, 1), (1, 12))), ((21, 2), ()), ((13, 4), ((1, 12),)), ((27, 8), ()), ((10, 10), ((1, 1), (1, 12))), ((13, 1), ((1, 12),)), ((18, 6), ((1, 1),)), ((13, 2), ((1, 12),)), ((27, 6), ((28, 1),)), ((27, 8), ((28, 1),)), ((27, 1), ((28, 1),)), ((26, 9), ()), ((14, 10), ((1, 1),)), ((24, 7), ((1, 1), (1, 12)))]",476,76,19,95
477,"((28, 10), ((28, 12),))","((28, 11), ((28, 12),))",South,"[((28, 11), ((28, 12),)), ((27, 10), ((28, 12),))]","[((28, 10), ((28, 12),)), ((14, 10), ((1, 1), (1, 12))), ((10, 6), ((1, 1), (1, 12))), ((24, 9), ((1, 1), (1, 12))), ((15, 12), ()), ((22, 5), ()), ((17, 6), ((1, 1), (1, 12))), ((21, 2), ()), ((13, 4), ((1, 12),)), ((27, 8), ()), ((10, 10), ((1, 1), (1, 12))), ((13, 1), ((1, 12),)), ((18, 6), ((1, 1),)), ((13, 2), ((1, 12),)), ((27, 6), ((28, 1),)), ((27, 8), ((28, 1),)), ((27, 1), ((28, 1),)), ((26, 9), ()), ((14, 10), ((1, 1),)), ((24, 7), ((1, 1), (1, 12)))]","[((14, 10), ((1, 1), (1, 12))), ((24, 9), ((1, 1), (1, 12))), ((10, 6), ((1, 1), (1, 12))), ((13, 4), ((1, 12),)), ((15, 12), ()), ((22, 5), ()), ((17, 6), ((1, 1), (1, 12))), ((21, 2), ()), ((14, 10), ((1, 1),)), ((27, 8), ()), ((10, 10), ((1, 1), (1, 12))), ((13, 1), ((1, 12),)), ((18, 6), ((1, 1),)), ((13, 2), ((1, 12),)), ((27, 6), ((28, 1),)), ((27, 8), ((28, 1),)), ((27, 1), ((28, 1),)), ((26, 9), ()), ((24, 7), ((1, 1), (1, 12))), ((27, 10), ((28, 12),))]",477,48,47,95
478,"((14, 10), ((1, 1), (1, 12)))","((13, 10), ((1, 1), (1, 12)))",East,"[((15, 10), ((1, 1), (1, 12))), ((13, 10), ((1, 1), (1, 12)))]","[((14, 10), ((1, 1), (1, 12))), ((24, 9), ((1, 1), (1, 12))), ((10, 6), ((1, 1), (1, 12))), ((13, 4), ((1, 12),)), ((15, 12), ()), ((22, 5), ()), ((17, 6), ((1, 1), (1, 12))), ((21, 2), ()), ((14, 10), ((1, 1),)), ((27, 8), ()), ((10, 10), ((1, 1), (1, 12))), ((13, 1), ((1, 12),)), ((18, 6), ((1, 1),)), ((13, 2), ((1, 12),)), ((27, 6), ((28, 1),)), ((27, 8), ((28, 1),)), ((27, 1), ((28, 1),)), ((26, 9), ()), ((24, 7), ((1, 1), (1, 12))), ((27, 10), ((28, 12),))]","[((24, 9), ((1, 1), (1, 12))), ((15, 10), ((1, 1), (1, 12))), ((10, 6), ((1, 1), (1, 12))), ((21, 2), ()), ((13, 4), ((1, 12),)), ((22, 5), ()), ((17, 6), ((1, 1), (1, 12))), ((27, 1), ((28, 1),)), ((14, 10), ((1, 1),)), ((15, 12), ()), ((10, 10), ((1, 1), (1, 12))), ((13, 1), ((1, 12),)), ((18, 6), ((1, 1),)), ((13, 2), ((1, 12),)), ((27, 6), ((28, 1),)), ((27, 8), ((28, 1),)), ((27, 10), ((28, 12),)), ((26, 9), ()), ((24, 7), ((1, 1), (1, 12))), ((27, 8), ())]",478,68,27,95
479,"((24, 9), ((1, 1), (1, 12)))","((24, 8), ((1, 1), (1, 12)))",North,"[((24, 10), ((1, 1), (1, 12))), ((24, 8), ((1, 1), (1, 12)))]","[((24, 9), ((1, 1), (1, 12))), ((15, 10), ((1, 1), (1, 12))), ((10, 6), ((1, 1), (1, 12))), ((21, 2), ()), ((13, 4), ((1, 12),)), ((22, 5), ()), ((17, 6), ((1, 1), (1, 12))), ((27, 1), ((28, 1),)), ((14, 10), ((1, 1),)), ((15, 12), ()), ((10, 10), ((1, 1), (1, 12))), ((13, 1), ((1, 12),)), ((18, 6), ((1, 1),)), ((13, 2), ((1, 12),)), ((27, 6), ((28, 1),)), ((27, 8), ((28, 1),)), ((27, 10), ((28, 12),)), ((26, 9), ()), ((24, 7), ((1, 1), (1, 12))), ((27, 8), ())]","[((15, 10), ((1, 1), (1, 12))), ((24, 10), ((1, 1), (1, 12))), ((10, 6), ((1, 1), (1, 12))), ((21, 2), ()), ((13, 4), ((1, 12),)), ((22, 5), ()), ((17, 6), ((1, 1), (1, 12))), ((27, 1), ((28, 1),)), ((14, 10), ((1, 1),)), ((15, 12), ()), ((10, 10), ((1, 1), (1, 12))), ((13, 1), ((1, 12),)), ((18, 6), ((1, 1),)), ((13, 2), ((1, 12),)), ((27, 6), ((28, 1),)), ((27, 8), ((28, 1),)), ((27, 10), ((28, 12),)), ((26, 9), ()), ((24, 7), ((1, 1), (1, 12))), ((27, 8), ())]",479,77,18,95
480,"((15, 10), ((1, 1), (1, 12)))","((14, 10), ((1, 1), (1, 12)))",East,"[((15, 9), ((1, 1), (1, 12))), ((16, 10), ((1, 1), (1, 12))), ((14, 10), ((1, 1), (1, 12)))]","[((15, 10), ((1, 1), (1, 12))), ((24, 10), ((1, 1), (1, 12))), ((10, 6), ((1, 1), (1, 12))), ((21, 2), ()), ((13, 4), ((1, 12),)), ((22, 5), ()), ((17, 6), ((1, 1), (1, 12))), ((27, 1), ((28, 1),)), ((14, 10), ((1, 1),)), ((15, 12), ()), ((10, 10), ((1, 1), (1, 12))), ((13, 1), ((1, 12),)), ((18, 6), ((1, 1),)), ((13, 2), ((1, 12),)), ((27, 6), ((28, 1),)), ((27, 8), ((28, 1),)), ((27, 10), ((28, 12),)), ((26, 9), ()), ((24, 7), ((1, 1), (1, 12))), ((27, 8), ())]","[((24, 10), ((1, 1), (1, 12))), ((16, 10), ((1, 1), (1, 12))), ((10, 6), ((1, 1), (1, 12))), ((21, 2), ()), ((13, 4), ((1, 12),)), ((22, 5), ()), ((17, 6), ((1, 1), (1, 12))), ((27, 1), ((28, 1),)), ((14, 10), ((1, 1),)), ((15, 12), ()), ((10, 10), ((1, 1), (1, 12))), ((13, 1), ((1, 12),)), ((18, 6), ((1, 1),)), ((13, 2), ((1, 12),)), ((27, 6), ((28, 1),)), ((27, 8), ((28, 1),)), ((27, 10), ((28, 12),)), ((26, 9), ()), ((24, 7), ((1, 1), (1, 12))), ((15, 9), ((1, 1), (1, 12))), ((27, 8), ())]",480,69,26,95
481,"((24, 10), ((1, 1), (1, 12)))","((24, 9), ((1, 1), (1, 12)))",North,"[((24, 9), ((1, 1), (1, 12)))]","[((24, 10), ((1, 1), (1, 12))), ((16, 10), ((1, 1), (1, 12))), ((10, 6), ((1, 1), (1, 12))), ((21, 2), ()), ((13, 4), ((1, 12),)), ((22, 5), ()), ((17, 6), ((1, 1), (1, 12))), ((27, 1), ((28, 1),)), ((14, 10), ((1, 1),)), ((15, 12), ()), ((10, 10), ((1, 1), (1, 12))), ((13, 1), ((1, 12),)), ((18, 6), ((1, 1),)), ((13, 2), ((1, 12),)), ((27, 6), ((28, 1),)), ((27, 8), ((28, 1),)), ((27, 10), ((28, 12),)), ((26, 9), ()), ((24, 7), ((1, 1), (1, 12))), ((15, 9), ((1, 1), (1, 12))), ((27, 8), ())]","[((16, 10), ((1, 1), (1, 12))), ((13, 4), ((1, 12),)), ((10, 6), ((1, 1), (1, 12))), ((21, 2), ()), ((15, 12), ()), ((22, 5), ()), ((17, 6), ((1, 1), (1, 12))), ((27, 1), ((28, 1),)), ((14, 10), ((1, 1),)), ((27, 8), ()), ((10, 10), ((1, 1), (1, 12))), ((13, 1), ((1, 12),)), ((18, 6), ((1, 1),)), ((13, 2), ((1, 12),)), ((27, 6), ((28, 1),)), ((27, 8), ((28, 1),)), ((27, 10), ((28, 12),)), ((26, 9), ()), ((24, 7), ((1, 1), (1, 12))), ((15, 9), ((1, 1), (1, 12)))]",481,78,17,95
482,"((16, 10), ((1, 1), (1, 12)))","((15, 10), ((1, 1), (1, 12)))",East,"[((15, 10), ((1, 1), (1, 12)))]","[((16, 10), ((1, 1), (1, 12))), ((13, 4), ((1, 12),)), ((10, 6), ((1, 1), (1, 12))), ((21, 2), ()), ((15, 12), ()), ((22, 5), ()), ((17, 6), ((1, 1), (1, 12))), ((27, 1), ((28, 1),)), ((14, 10), ((1, 1),)), ((27, 8), ()), ((10, 10), ((1, 1), (1, 12))), ((13, 1), ((1, 12),)), ((18, 6), ((1, 1),)), ((13, 2), ((1, 12),)), ((27, 6), ((28, 1),)), ((27, 8), ((28, 1),)), ((27, 10), ((28, 12),)), ((26, 9), ()), ((24, 7), ((1, 1), (1, 12))), ((15, 9), ((1, 1), (1, 12)))]","[((13, 4), ((1, 12),)), ((21, 2), ()), ((10, 6), ((1, 1), (1, 12))), ((27, 1), ((28, 1),)), ((15, 12), ()), ((22, 5), ()), ((17, 6), ((1, 1), (1, 12))), ((27, 8), ((28, 1),)), ((14, 10), ((1, 1),)), ((27, 8), ()), ((10, 10), ((1, 1), (1, 12))), ((13, 1), ((1, 12),)), ((18, 6), ((1, 1),)), ((13, 2), ((1, 12),)), ((27, 6), ((28, 1),)), ((15, 9), ((1, 1), (1, 12))), ((27, 10), ((28, 12),)), ((26, 9), ()), ((24, 7), ((1, 1), (1, 12)))]",482,70,25,95
483,"((13, 4), ((1, 12),))","((12, 4), ((1, 12),))",East,"[((13, 5), ((1, 12),)), ((12, 4), ((1, 12),))]","[((13, 4), ((1, 12),)), ((21, 2), ()), ((10, 6), ((1, 1), (1, 12))), ((27, 1), ((28, 1),)), ((15, 12), ()), ((22, 5), ()), ((17, 6), ((1, 1), (1, 12))), ((27, 8), ((28, 1),)), ((14, 10), ((1, 1),)), ((27, 8), ()), ((10, 10), ((1, 1), (1, 12))), ((13, 1), ((1, 12),)), ((18, 6), ((1, 1),)), ((13, 2), ((1, 12),)), ((27, 6), ((28, 1),)), ((15, 9), ((1, 1), (1, 12))), ((27, 10), ((28, 12),)), ((26, 9), ()), ((24, 7), ((1, 1), (1, 12)))]","[((10, 6), ((1, 1), (1, 12))), ((21, 2), ()), ((17, 6), ((1, 1), (1, 12))), ((27, 1), ((28, 1),)), ((15, 12), ()), ((22, 5), ()), ((13, 2), ((1, 12),)), ((27, 8), ((28, 1),)), ((14, 10), ((1, 1),)), ((27, 8), ()), ((10, 10), ((1, 1), (1, 12))), ((13, 1), ((1, 12),)), ((18, 6), ((1, 1),)), ((24, 7), ((1, 1), (1, 12))), ((27, 6), ((28, 1),)), ((15, 9), ((1, 1), (1, 12))), ((27, 10), ((28, 12),)), ((26, 9), ()), ((13, 5), ((1, 12),))]",483,43,53,96
484,"((10, 6), ((1, 1), (1, 12)))","((11, 6), ((1, 1), (1, 12)))",West,"[((11, 6), ((1, 1), (1, 12))), ((9, 6), ((1, 1), (1, 12)))]","[((10, 6), ((1, 1), (1, 12))), ((21, 2), ()), ((17, 6), ((1, 1), (1, 12))), ((27, 1), ((28, 1),)), ((15, 12), ()), ((22, 5), ()), ((13, 2), ((1, 12),)), ((27, 8), ((28, 1),)), ((14, 10), ((1, 1),)), ((27, 8), ()), ((10, 10), ((1, 1), (1, 12))), ((13, 1), ((1, 12),)), ((18, 6), ((1, 1),)), ((24, 7), ((1, 1), (1, 12))), ((27, 6), ((28, 1),)), ((15, 9), ((1, 1), (1, 12))), ((27, 10), ((28, 12),)), ((26, 9), ()), ((13, 5), ((1, 12),))]","[((17, 6), ((1, 1), (1, 12))), ((21, 2), ()), ((22, 5), ()), ((27, 1), ((28, 1),)), ((15, 12), ()), ((13, 1), ((1, 12),)), ((13, 2), ((1, 12),)), ((27, 8), ((28, 1),)), ((14, 10), ((1, 1),)), ((27, 8), ()), ((10, 10), ((1, 1), (1, 12))), ((13, 5), ((1, 12),)), ((18, 6), ((1, 1),)), ((24, 7), ((1, 1), (1, 12))), ((27, 6), ((28, 1),)), ((15, 9), ((1, 1), (1, 12))), ((27, 10), ((28, 12),)), ((26, 9), ()), ((9, 6), ((1, 1), (1, 12)))]",484,62,34,96
485,"((17, 6), ((1, 1), (1, 12)))","((18, 6), ((1, 1), (1, 12)))",West,"[((18, 6), ((1, 1), (1, 12))), ((16, 6), ((1, 1), (1, 12)))]","[((17, 6), ((1, 1), (1, 12))), ((21, 2), ()), ((22, 5), ()), ((27, 1), ((28, 1),)), ((15, 12), ()), ((13, 1), ((1, 12),)), ((13, 2), ((1, 12),)), ((27, 8), ((28, 1),)), ((14, 10), ((1, 1),)), ((27, 8), ()), ((10, 10), ((1, 1), (1, 12))), ((13, 5), ((1, 12),)), ((18, 6), ((1, 1),)), ((24, 7), ((1, 1), (1, 12))), ((27, 6), ((28, 1),)), ((15, 9), ((1, 1), (1, 12))), ((27, 10), ((28, 12),)), ((26, 9), ()), ((9, 6), ((1, 1), (1, 12)))]","[((22, 5), ()), ((21, 2), ()), ((13, 2), ((1, 12),)), ((27, 1), ((28, 1),)), ((15, 12), ()), ((13, 1), ((1, 12),)), ((27, 6), ((28, 1),)), ((27, 8), ((28, 1),)), ((14, 10), ((1, 1),)), ((27, 8), ()), ((10, 10), ((1, 1), (1, 12))), ((13, 5), ((1, 12),)), ((18, 6), ((1, 1),)), ((24, 7), ((1, 1), (1, 12))), ((9, 6), ((1, 1), (1, 12))), ((15, 9), ((1, 1), (1, 12))), ((27, 10), ((28, 12),)), ((26, 9), ()), ((16, 6), ((1, 1), (1, 12)))]",485,69,27,96
486,"((22, 5), ())","((22, 4), ())",North,"[((22, 6), ()), ((22, 4), ())]","[((22, 5), ()), ((21, 2), ()), ((13, 2), ((1, 12),)), ((27, 1), ((28, 1),)), ((15, 12), ()), ((13, 1), ((1, 12),)), ((27, 6), ((28, 1),)), ((27, 8), ((28, 1),)), ((14, 10), ((1, 1),)), ((27, 8), ()), ((10, 10), ((1, 1), (1, 12))), ((13, 5), ((1, 12),)), ((18, 6), ((1, 1),)), ((24, 7), ((1, 1), (1, 12))), ((9, 6), ((1, 1), (1, 12))), ((15, 9), ((1, 1), (1, 12))), ((27, 10), ((28, 12),)), ((26, 9), ()), ((16, 6), ((1, 1), (1, 12)))]","[((13, 2), ((1, 12),)), ((21, 2), ()), ((13, 1), ((1, 12),)), ((27, 1), ((28, 1),)), ((15, 12), ()), ((18, 6), ((1, 1),)), ((27, 6), ((28, 1),)), ((27, 8), ((28, 1),)), ((14, 10), ((1, 1),)), ((27, 8), ()), ((10, 10), ((1, 1), (1, 12))), ((13, 5), ((1, 12),)), ((16, 6), ((1, 1), (1, 12))), ((24, 7), ((1, 1), (1, 12))), ((9, 6), ((1, 1), (1, 12))), ((15, 9), ((1, 1), (1, 12))), ((27, 10), ((28, 12),)), ((26, 9), ()), ((22, 6), ())]",486,37,59,96
487,"((13, 2), ((1, 12),))","((12, 2), ((1, 12),))",East,"[((13, 1), ((1, 12),)), ((14, 2), ((1, 12),)), ((12, 2), ((1, 12),))]","[((13, 2), ((1, 12),)), ((21, 2), ()), ((13, 1), ((1, 12),)), ((27, 1), ((28, 1),)), ((15, 12), ()), ((18, 6), ((1, 1),)), ((27, 6), ((28, 1),)), ((27, 8), ((28, 1),)), ((14, 10), ((1, 1),)), ((27, 8), ()), ((10, 10), ((1, 1), (1, 12))), ((13, 5), ((1, 12),)), ((16, 6), ((1, 1), (1, 12))), ((24, 7), ((1, 1), (1, 12))), ((9, 6), ((1, 1), (1, 12))), ((15, 9), ((1, 1), (1, 12))), ((27, 10), ((28, 12),)), ((26, 9), ()), ((22, 6), ())]","[((13, 1), ((1, 12),)), ((21, 2), ()), ((27, 6), ((28, 1),)), ((27, 1), ((28, 1),)), ((15, 12), ()), ((18, 6), ((1, 1),)), ((24, 7), ((1, 1), (1, 12))), ((27, 8), ((28, 1),)), ((14, 10), ((1, 1),)), ((27, 8), ()), ((10, 10), ((1, 1), (1, 12))), ((13, 5), ((1, 12),)), ((16, 6), ((1, 1), (1, 12))), ((22, 6), ()), ((9, 6), ((1, 1), (1, 12))), ((15, 9), ((1, 1), (1, 12))), ((27, 10), ((28, 12),)), ((26, 9), ()), ((14, 2), ((1, 12),))]",487,45,51,96
488,"((13, 1), ((1, 12),))","((12, 1), ((1, 12),))",East,"[((13, 2), ((1, 12),)), ((14, 1), ((1, 12),)), ((12, 1), ((1, 12),))]","[((13, 1), ((1, 12),)), ((21, 2), ()), ((27, 6), ((28, 1),)), ((27, 1), ((28, 1),)), ((15, 12), ()), ((18, 6), ((1, 1),)), ((24, 7), ((1, 1), (1, 12))), ((27, 8), ((28, 1),)), ((14, 10), ((1, 1),)), ((27, 8), ()), ((10, 10), ((1, 1), (1, 12))), ((13, 5), ((1, 12),)), ((16, 6), ((1, 1), (1, 12))), ((22, 6), ()), ((9, 6), ((1, 1), (1, 12))), ((15, 9), ((1, 1), (1, 12))), ((27, 10), ((28, 12),)), ((26, 9), ()), ((14, 2), ((1, 12),))]","[((21, 2), ()), ((27, 1), ((28, 1),)), ((27, 6), ((28, 1),)), ((27, 8), ((28, 1),)), ((15, 12), ()), ((18, 6), ((1, 1),)), ((24, 7), ((1, 1), (1, 12))), ((27, 10), ((28, 12),)), ((14, 10), ((1, 1),)), ((27, 8), ()), ((10, 10), ((1, 1), (1, 12))), ((13, 5), ((1, 12),)), ((16, 6), ((1, 1), (1, 12))), ((22, 6), ()), ((9, 6), ((1, 1), (1, 12))), ((15, 9), ((1, 1), (1, 12))), ((14, 2), ((1, 12),)), ((26, 9), ()), ((14, 1), ((1, 12),))]",488,46,50,96
489,"((21, 2), ())","((22, 2), ())",West,"[((22, 2), ()), ((20, 2), ())]","[((21, 2), ()), ((27, 1), ((28, 1),)), ((27, 6), ((28, 1),)), ((27, 8), ((28, 1),)), ((15, 12), ()), ((18, 6), ((1, 1),)), ((24, 7), ((1, 1), (1, 12))), ((27, 10), ((28, 12),)), ((14, 10), ((1, 1),)), ((27, 8), ()), ((10, 10), ((1, 1), (1, 12))), ((13, 5), ((1, 12),)), ((16, 6), ((1, 1), (1, 12))), ((22, 6), ()), ((9, 6), ((1, 1), (1, 12))), ((15, 9), ((1, 1), (1, 12))), ((14, 2), ((1, 12),)), ((26, 9), ()), ((14, 1), ((1, 12),))]","[((27, 1), ((28, 1),)), ((27, 8), ((28, 1),)), ((27, 6), ((28, 1),)), ((14, 10), ((1, 1),)), ((15, 12), ()), ((18, 6), ((1, 1),)), ((24, 7), ((1, 1), (1, 12))), ((27, 10), ((28, 12),)), ((26, 9), ()), ((27, 8), ()), ((10, 10), ((1, 1), (1, 12))), ((13, 5), ((1, 12),)), ((16, 6), ((1, 1), (1, 12))), ((22, 6), ()), ((9, 6), ((1, 1), (1, 12))), ((15, 9), ((1, 1), (1, 12))), ((14, 2), ((1, 12),)), ((14, 1), ((1, 12),)), ((20, 2), ())]",489,39,57,96
490,"((27, 1), ((28, 1),))","((28, 1), ((28, 1),))",West,"[((28, 1), ((28, 1),)), ((26, 1), ((28, 1),))]","[((27, 1), ((28, 1),)), ((27, 8), ((28, 1),)), ((27, 6), ((28, 1),)), ((14, 10), ((1, 1),)), ((15, 12), ()), ((18, 6), ((1, 1),)), ((24, 7), ((1, 1), (1, 12))), ((27, 10), ((28, 12),)), ((26, 9), ()), ((27, 8), ()), ((10, 10), ((1, 1), (1, 12))), ((13, 5), ((1, 12),)), ((16, 6), ((1, 1), (1, 12))), ((22, 6), ()), ((9, 6), ((1, 1), (1, 12))), ((15, 9), ((1, 1), (1, 12))), ((14, 2), ((1, 12),)), ((14, 1), ((1, 12),)), ((20, 2), ())]","[((27, 6), ((28, 1),)), ((27, 8), ((28, 1),)), ((18, 6), ((1, 1),)), ((14, 10), ((1, 1),)), ((15, 12), ()), ((13, 5), ((1, 12),)), ((24, 7), ((1, 1), (1, 12))), ((27, 10), ((28, 12),)), ((26, 9), ()), ((27, 8), ()), ((10, 10), ((1, 1), (1, 12))), ((20, 2), ()), ((16, 6), ((1, 1), (1, 12))), ((22, 6), ()), ((9, 6), ((1, 1), (1, 12))), ((15, 9), ((1, 1), (1, 12))), ((14, 2), ((1, 12),)), ((14, 1), ((1, 12),)), ((26, 1), ((28, 1),))]",490,46,50,96
491,"((27, 6), ((28, 1),))","((28, 6), ((28, 1),))",West,"[((28, 6), ((28, 1),)), ((26, 6), ((28, 1),))]","[((27, 6), ((28, 1),)), ((27, 8), ((28, 1),)), ((18, 6), ((1, 1),)), ((14, 10), ((1, 1),)), ((15, 12), ()), ((13, 5), ((1, 12),)), ((24, 7), ((1, 1), (1, 12))), ((27, 10), ((28, 12),)), ((26, 9), ()), ((27, 8), ()), ((10, 10), ((1, 1), (1, 12))), ((20, 2), ()), ((16, 6), ((1, 1), (1, 12))), ((22, 6), ()), ((9, 6), ((1, 1), (1, 12))), ((15, 9), ((1, 1), (1, 12))), ((14, 2), ((1, 12),)), ((14, 1), ((1, 12),)), ((26, 1), ((28, 1),))]","[((27, 8), ((28, 1),)), ((15, 12), ()), ((18, 6), ((1, 1),)), ((14, 10), ((1, 1),)), ((27, 8), ()), ((13, 5), ((1, 12),)), ((24, 7), ((1, 1), (1, 12))), ((27, 10), ((28, 12),)), ((26, 9), ()), ((26, 1), ((28, 1),)), ((10, 10), ((1, 1), (1, 12))), ((20, 2), ()), ((16, 6), ((1, 1), (1, 12))), ((22, 6), ()), ((9, 6), ((1, 1), (1, 12))), ((15, 9), ((1, 1), (1, 12))), ((14, 2), ((1, 12),)), ((14, 1), ((1, 12),)), ((26, 6), ((28, 1),))]",491,51,45,96
492,"((27, 8), ((28, 1),))","((28, 8), ((28, 1),))",West,"[((28, 8), ((28, 1),)), ((26, 8), ((28, 1),))]","[((27, 8), ((28, 1),)), ((15, 12), ()), ((18, 6), ((1, 1),)), ((14, 10), ((1, 1),)), ((27, 8), ()), ((13, 5), ((1, 12),)), ((24, 7), ((1, 1), (1, 12))), ((27, 10), ((28, 12),)), ((26, 9), ()), ((26, 1), ((28, 1),)), ((10, 10), ((1, 1), (1, 12))), ((20, 2), ()), ((16, 6), ((1, 1), (1, 12))), ((22, 6), ()), ((9, 6), ((1, 1), (1, 12))), ((15, 9), ((1, 1), (1, 12))), ((14, 2), ((1, 12),)), ((14, 1), ((1, 12),)), ((26, 6), ((28, 1),))]","[((15, 12), ()), ((14, 10), ((1, 1),)), ((18, 6), ((1, 1),)), ((26, 9), ()), ((27, 8), ()), ((13, 5), ((1, 12),)), ((24, 7), ((1, 1), (1, 12))), ((27, 10), ((28, 12),)), ((14, 1), ((1, 12),)), ((26, 1), ((28, 1),)), ((10, 10), ((1, 1), (1, 12))), ((20, 2), ()), ((16, 6), ((1, 1), (1, 12))), ((22, 6), ()), ((9, 6), ((1, 1), (1, 12))), ((15, 9), ((1, 1), (1, 12))), ((14, 2), ((1, 12),)), ((26, 6), ((28, 1),)), ((26, 8), ((28, 1),))]",492,53,43,96
493,"((15, 12), ())","((16, 12), ())",West,"[((16, 12), ()), ((14, 12), ())]","[((15, 12), ()), ((14, 10), ((1, 1),)), ((18, 6), ((1, 1),)), ((26, 9), ()), ((27, 8), ()), ((13, 5), ((1, 12),)), ((24, 7), ((1, 1), (1, 12))), ((27, 10), ((28, 12),)), ((14, 1), ((1, 12),)), ((26, 1), ((28, 1),)), ((10, 10), ((1, 1), (1, 12))), ((20, 2), ()), ((16, 6), ((1, 1), (1, 12))), ((22, 6), ()), ((9, 6), ((1, 1), (1, 12))), ((15, 9), ((1, 1), (1, 12))), ((14, 2), ((1, 12),)), ((26, 6), ((28, 1),)), ((26, 8), ((28, 1),))]","[((14, 10), ((1, 1),)), ((26, 9), ()), ((18, 6), ((1, 1),)), ((27, 10), ((28, 12),)), ((27, 8), ()), ((13, 5), ((1, 12),)), ((24, 7), ((1, 1), (1, 12))), ((15, 9), ((1, 1), (1, 12))), ((14, 1), ((1, 12),)), ((26, 1), ((28, 1),)), ((10, 10), ((1, 1), (1, 12))), ((20, 2), ()), ((16, 6), ((1, 1), (1, 12))), ((22, 6), ()), ((9, 6), ((1, 1), (1, 12))), ((26, 8), ((28, 1),)), ((14, 2), ((1, 12),)), ((26, 6), ((28, 1),)), ((14, 12), ())]",493,35,62,97
494,"((14, 10), ((1, 1),))","((13, 10), ((1, 1),))",East,"[((15, 10), ((1, 1),)), ((13, 10), ((1, 1),))]","[((14, 10), ((1, 1),)), ((26, 9), ()), ((18, 6), ((1, 1),)), ((27, 10), ((28, 12),)), ((27, 8), ()), ((13, 5), ((1, 12),)), ((24, 7), ((1, 1), (1, 12))), ((15, 9), ((1, 1), (1, 12))), ((14, 1), ((1, 12),)), ((26, 1), ((28, 1),)), ((10, 10), ((1, 1), (1, 12))), ((20, 2), ()), ((16, 6), ((1, 1), (1, 12))), ((22, 6), ()), ((9, 6), ((1, 1), (1, 12))), ((26, 8), ((28, 1),)), ((14, 2), ((1, 12),)), ((26, 6), ((28, 1),)), ((14, 12), ())]","[((26, 9), ()), ((27, 8), ()), ((18, 6), ((1, 1),)), ((27, 10), ((28, 12),)), ((10, 10), ((1, 1), (1, 12))), ((13, 5), ((1, 12),)), ((24, 7), ((1, 1), (1, 12))), ((15, 9), ((1, 1), (1, 12))), ((14, 1), ((1, 12),)), ((26, 1), ((28, 1),)), ((14, 12), ()), ((20, 2), ()), ((16, 6), ((1, 1), (1, 12))), ((22, 6), ()), ((9, 6), ((1, 1), (1, 12))), ((26, 8), ((28, 1),)), ((14, 2), ((1, 12),)), ((26, 6), ((28, 1),)), ((15, 10), ((1, 1),))]",494,44,53,97
495,"((26, 9), ())","((26, 10), ())",South,"[((26, 10), ()), ((26, 8), ())]","[((26, 9), ()), ((27, 8), ()), ((18, 6), ((1, 1),)), ((27, 10), ((28, 12),)), ((10, 10), ((1, 1), (1, 12))), ((13, 5), ((1, 12),)), ((24, 7), ((1, 1), (1, 12))), ((15, 9), ((1, 1), (1, 12))), ((14, 1), ((1, 12),)), ((26, 1), ((28, 1),)), ((14, 12), ()), ((20, 2), ()), ((16, 6), ((1, 1), (1, 12))), ((22, 6), ()), ((9, 6), ((1, 1), (1, 12))), ((26, 8), ((28, 1),)), ((14, 2), ((1, 12),)), ((26, 6), ((28, 1),)), ((15, 10), ((1, 1),))]","[((18, 6), ((1, 1),)), ((27, 8), ()), ((24, 7), ((1, 1), (1, 12))), ((27, 10), ((28, 12),)), ((10, 10), ((1, 1), (1, 12))), ((13, 5), ((1, 12),)), ((9, 6), ((1, 1), (1, 12))), ((15, 9), ((1, 1), (1, 12))), ((14, 1), ((1, 12),)), ((26, 1), ((28, 1),)), ((14, 12), ()), ((20, 2), ()), ((16, 6), ((1, 1), (1, 12))), ((22, 6), ()), ((15, 10), ((1, 1),)), ((26, 8), ((28, 1),)), ((14, 2), ((1, 12),)), ((26, 6), ((28, 1),)), ((26, 8), ())]",495,43,54,97
496,"((18, 6), ((1, 1),))","((18, 5), ((1, 1),))",North,"[((18, 5), ((1, 1),)), ((19, 6), ((1, 1),)), ((17, 6), ((1, 1),))]","[((18, 6), ((1, 1),)), ((27, 8), ()), ((24, 7), ((1, 1), (1, 12))), ((27, 10), ((28, 12),)), ((10, 10), ((1, 1), (1, 12))), ((13, 5), ((1, 12),)), ((9, 6), ((1, 1), (1, 12))), ((15, 9), ((1, 1), (1, 12))), ((14, 1), ((1, 12),)), ((26, 1), ((28, 1),)), ((14, 12), ()), ((20, 2), ()), ((16, 6), ((1, 1), (1, 12))), ((22, 6), ()), ((15, 10), ((1, 1),)), ((26, 8), ((28, 1),)), ((14, 2), ((1, 12),)), ((26, 6), ((28, 1),)), ((26, 8), ())]","[((27, 8), ()), ((10, 10), ((1, 1), (1, 12))), ((24, 7), ((1, 1), (1, 12))), ((27, 10), ((28, 12),)), ((26, 1), ((28, 1),)), ((13, 5), ((1, 12),)), ((9, 6), ((1, 1), (1, 12))), ((15, 9), ((1, 1), (1, 12))), ((19, 6), ((1, 1),)), ((26, 8), ()), ((14, 12), ()), ((20, 2), ()), ((16, 6), ((1, 1), (1, 12))), ((22, 6), ()), ((15, 10), ((1, 1),)), ((26, 8), ((28, 1),)), ((14, 2), ((1, 12),)), ((26, 6), ((28, 1),)), ((14, 1), ((1, 12),)), ((17, 6), ((1, 1),))]",496,44,53,97
497,"((27, 8), ())","((28, 8), ())",West,"[((28, 8), ()), ((26, 8), ())]","[((27, 8), ()), ((10, 10), ((1, 1), (1, 12))), ((24, 7), ((1, 1), (1, 12))), ((27, 10), ((28, 12),)), ((26, 1), ((28, 1),)), ((13, 5), ((1, 12),)), ((9, 6), ((1, 1), (1, 12))), ((15, 9), ((1, 1), (1, 12))), ((19, 6), ((1, 1),)), ((26, 8), ()), ((14, 12), ()), ((20, 2), ()), ((16, 6), ((1, 1), (1, 12))), ((22, 6), ()), ((15, 10), ((1, 1),)), ((26, 8), ((28, 1),)), ((14, 2), ((1, 12),)), ((26, 6), ((28, 1),)), ((14, 1), ((1, 12),)), ((17, 6), ((1, 1),))]","[((10, 10), ((1, 1), (1, 12))), ((27, 10), ((28, 12),)), ((24, 7), ((1, 1), (1, 12))), ((15, 9), ((1, 1), (1, 12))), ((26, 1), ((28, 1),)), ((13, 5), ((1, 12),)), ((9, 6), ((1, 1), (1, 12))), ((14, 2), ((1, 12),)), ((19, 6), ((1, 1),)), ((26, 8), ()), ((14, 12), ()), ((20, 2), ()), ((16, 6), ((1, 1), (1, 12))), ((22, 6), ()), ((15, 10), ((1, 1),)), ((26, 8), ((28, 1),)), ((17, 6), ((1, 1),)), ((26, 6), ((28, 1),)), ((14, 1), ((1, 12),))]",497,43,54,97
498,"((10, 10), ((1, 1), (1, 12)))","((11, 10), ((1, 1), (1, 12)))",West,"[((11, 10), ((1, 1), (1, 12))), ((9, 10), ((1, 1), (1, 12)))]","[((10, 10), ((1, 1), (1, 12))), ((27, 10), ((28, 12),)), ((24, 7), ((1, 1), (1, 12))), ((15, 9), ((1, 1), (1, 12))), ((26, 1), ((28, 1),)), ((13, 5), ((1, 12),)), ((9, 6), ((1, 1), (1, 12))), ((14, 2), ((1, 12),)), ((19, 6), ((1, 1),)), ((26, 8), ()), ((14, 12), ()), ((20, 2), ()), ((16, 6), ((1, 1), (1, 12))), ((22, 6), ()), ((15, 10), ((1, 1),)), ((26, 8), ((28, 1),)), ((17, 6), ((1, 1),)), ((26, 6), ((28, 1),)), ((14, 1), ((1, 12),))]","[((24, 7), ((1, 1), (1, 12))), ((27, 10), ((28, 12),)), ((13, 5), ((1, 12),)), ((15, 9), ((1, 1), (1, 12))), ((26, 1), ((28, 1),)), ((16, 6), ((1, 1), (1, 12))), ((9, 6), ((1, 1), (1, 12))), ((14, 2), ((1, 12),)), ((19, 6), ((1, 1),)), ((26, 8), ()), ((14, 12), ()), ((20, 2), ()), ((14, 1), ((1, 12),)), ((22, 6), ()), ((15, 10), ((1, 1),)), ((26, 8), ((28, 1),)), ((17, 6), ((1, 1),)), ((26, 6), ((28, 1),)), ((9, 10), ((1, 1), (1, 12)))]",498,66,31,97
499,"((24, 7), ((1, 1), (1, 12)))","((24, 8), ((1, 1), (1, 12)))",South,"[((24, 8), ((1, 1), (1, 12))), ((24, 6), ((1, 1), (1, 12)))]","[((24, 7), ((1, 1), (1, 12))), ((27, 10), ((28, 12),)), ((13, 5), ((1, 12),)), ((15, 9), ((1, 1), (1, 12))), ((26, 1), ((28, 1),)), ((16, 6), ((1, 1), (1, 12))), ((9, 6), ((1, 1), (1, 12))), ((14, 2), ((1, 12),)), ((19, 6), ((1, 1),)), ((26, 8), ()), ((14, 12), ()), ((20, 2), ()), ((14, 1), ((1, 12),)), ((22, 6), ()), ((15, 10), ((1, 1),)), ((26, 8), ((28, 1),)), ((17, 6), ((1, 1),)), ((26, 6), ((28, 1),)), ((9, 10), ((1, 1), (1, 12)))]","[((27, 10), ((28, 12),)), ((15, 9), ((1, 1), (1, 12))), ((13, 5), ((1, 12),)), ((19, 6), ((1, 1),)), ((26, 1), ((28, 1),)), ((16, 6), ((1, 1), (1, 12))), ((9, 6), ((1, 1), (1, 12))), ((14, 2), ((1, 12),)), ((26, 6), ((28, 1),)), ((26, 8), ()), ((14, 12), ()), ((20, 2), ()), ((14, 1), ((1, 12),)), ((22, 6), ()), ((15, 10), ((1, 1),)), ((26, 8), ((28, 1),)), ((17, 6), ((1, 1),)), ((9, 10), ((1, 1), (1, 12))), ((24, 6), ((1, 1), (1, 12)))]",499,77,20,97
500,"((27, 10), ((28, 12),))","((28, 10), ((28, 12),))",West,"[((28, 10), ((28, 12),)), ((26, 10), ((28, 12),))]","[((27, 10), ((28, 12),)), ((15, 9), ((1, 1), (1, 12))), ((13, 5), ((1, 12),)), ((19, 6), ((1, 1),)), ((26, 1), ((28, 1),)), ((16, 6), ((1, 1), (1, 12))), ((9, 6), ((1, 1), (1, 12))), ((14, 2), ((1, 12),)), ((26, 6), ((28, 1),)), ((26, 8), ()), ((14, 12), ()), ((20, 2), ()), ((14, 1), ((1, 12),)), ((22, 6), ()), ((15, 10), ((1, 1),)), ((26, 8), ((28, 1),)), ((17, 6), ((1, 1),)), ((9, 10), ((1, 1), (1, 12))), ((24, 6), ((1, 1), (1, 12)))]","[((15, 9), ((1, 1), (1, 12))), ((19, 6), ((1, 1),)), ((13, 5), ((1, 12),)), ((14, 2), ((1, 12),)), ((26, 1), ((28, 1),)), ((16, 6), ((1, 1), (1, 12))), ((9, 6), ((1, 1), (1, 12))), ((26, 8), ((28, 1),)), ((26, 6), ((28, 1),)), ((26, 8), ()), ((14, 12), ()), ((20, 2), ()), ((14, 1), ((1, 12),)), ((22, 6), ()), ((15, 10), ((1, 1),)), ((24, 6), ((1, 1), (1, 12))), ((17, 6), ((1, 1),)), ((9, 10), ((1, 1), (1, 12))), ((26, 10), ((28, 12),))]",500,49,48,97
501,"((15, 9), ((1, 1), (1, 12)))","((15, 10), ((1, 1), (1, 12)))",South,"[((15, 10), ((1, 1), (1, 12))), ((15, 8), ((1, 1), (1, 12)))]","[((15, 9), ((1, 1), (1, 12))), ((19, 6), ((1, 1),)), ((13, 5), ((1, 12),)), ((14, 2), ((1, 12),)), ((26, 1), ((28, 1),)), ((16, 6), ((1, 1), (1, 12))), ((9, 6), ((1, 1), (1, 12))), ((26, 8), ((28, 1),)), ((26, 6), ((28, 1),)), ((26, 8), ()), ((14, 12), ()), ((20, 2), ()), ((14, 1), ((1, 12),)), ((22, 6), ()), ((15, 10), ((1, 1),)), ((24, 6), ((1, 1), (1, 12))), ((17, 6), ((1, 1),)), ((9, 10), ((1, 1), (1, 12))), ((26, 10), ((28, 12),))]","[((19, 6), ((1, 1),)), ((14, 2), ((1, 12),)), ((13, 5), ((1, 12),)), ((26, 6), ((28, 1),)), ((26, 1), ((28, 1),)), ((16, 6), ((1, 1), (1, 12))), ((9, 6), ((1, 1), (1, 12))), ((26, 8), ((28, 1),)), ((9, 10), ((1, 1), (1, 12))), ((26, 8), ()), ((14, 12), ()), ((20, 2), ()), ((14, 1), ((1, 12),)), ((22, 6), ()), ((15, 10), ((1, 1),)), ((24, 6), ((1, 1), (1, 12))), ((17, 6), ((1, 1),)), ((26, 10), ((28, 12),)), ((15, 8), ((1, 1), (1, 12)))]",501,70,27,97
502,"((19, 6), ((1, 1),))","((18, 6), ((1, 1),))",East,"[((20, 6), ((1, 1),)), ((18, 6), ((1, 1),))]","[((19, 6), ((1, 1),)), ((14, 2), ((1, 12),)), ((13, 5), ((1, 12),)), ((26, 6), ((28, 1),)), ((26, 1), ((28, 1),)), ((16, 6), ((1, 1), (1, 12))), ((9, 6), ((1, 1), (1, 12))), ((26, 8), ((28, 1),)), ((9, 10), ((1, 1), (1, 12))), ((26, 8), ()), ((14, 12), ()), ((20, 2), ()), ((14, 1), ((1, 12),)), ((22, 6), ()), ((15, 10), ((1, 1),)), ((24, 6), ((1, 1), (1, 12))), ((17, 6), ((1, 1),)), ((26, 10), ((28, 12),)), ((15, 8), ((1, 1), (1, 12)))]","[((20, 6), ((1, 1),)), ((13, 5), ((1, 12),)), ((9, 6), ((1, 1), (1, 12))), ((14, 2), ((1, 12),)), ((26, 1), ((28, 1),)), ((16, 6), ((1, 1), (1, 12))), ((22, 6), ()), ((26, 8), ((28, 1),)), ((26, 6), ((28, 1),)), ((26, 8), ()), ((14, 12), ()), ((20, 2), ()), ((14, 1), ((1, 12),)), ((15, 8), ((1, 1), (1, 12))), ((15, 10), ((1, 1),)), ((24, 6), ((1, 1), (1, 12))), ((17, 6), ((1, 1),)), ((26, 10), ((28, 12),)), ((9, 10), ((1, 1), (1, 12)))]",502,45,52,97
503,"((20, 6), ((1, 1),))","((19, 6), ((1, 1),))",East,"[((20, 7), ((1, 1),)), ((19, 6), ((1, 1),))]","[((20, 6), ((1, 1),)), ((13, 5), ((1, 12),)), ((9, 6), ((1, 1), (1, 12))), ((14, 2), ((1, 12),)), ((26, 1), ((28, 1),)), ((16, 6), ((1, 1), (1, 12))), ((22, 6), ()), ((26, 8), ((28, 1),)), ((26, 6), ((28, 1),)), ((26, 8), ()), ((14, 12), ()), ((20, 2), ()), ((14, 1), ((1, 12),)), ((15, 8), ((1, 1), (1, 12))), ((15, 10), ((1, 1),)), ((24, 6), ((1, 1), (1, 12))), ((17, 6), ((1, 1),)), ((26, 10), ((28, 12),)), ((9, 10), ((1, 1), (1, 12)))]","[((13, 5), ((1, 12),)), ((14, 2), ((1, 12),)), ((9, 6), ((1, 1), (1, 12))), ((26, 6), ((28, 1),)), ((26, 1), ((28, 1),)), ((16, 6), ((1, 1), (1, 12))), ((22, 6), ()), ((26, 8), ((28, 1),)), ((9, 10), ((1, 1), (1, 12))), ((26, 8), ()), ((14, 12), ()), ((20, 2), ()), ((14, 1), ((1, 12),)), ((15, 8), ((1, 1), (1, 12))), ((15, 10), ((1, 1),)), ((24, 6), ((1, 1), (1, 12))), ((17, 6), ((1, 1),)), ((26, 10), ((28, 12),)), ((20, 7), ((1, 1),))]",503,46,51,97
504,"((13, 5), ((1, 12),))","((13, 4), ((1, 12),))",North,"[((13, 6), ((1, 12),)), ((13, 4), ((1, 12),))]","[((13, 5), ((1, 12),)), ((14, 2), ((1, 12),)), ((9, 6), ((1, 1), (1, 12))), ((26, 6), ((28, 1),)), ((26, 1), ((28, 1),)), ((16, 6), ((1, 1), (1, 12))), ((22, 6), ()), ((26, 8), ((28, 1),)), ((9, 10), ((1, 1), (1, 12))), ((26, 8), ()), ((14, 12), ()), ((20, 2), ()), ((14, 1), ((1, 12),)), ((15, 8), ((1, 1), (1, 12))), ((15, 10), ((1, 1),)), ((24, 6), ((1, 1), (1, 12))), ((17, 6), ((1, 1),)), ((26, 10), ((28, 12),)), ((20, 7), ((1, 1),))]","[((9, 6), ((1, 1), (1, 12))), ((14, 2), ((1, 12),)), ((16, 6), ((1, 1), (1, 12))), ((26, 6), ((28, 1),)), ((26, 1), ((28, 1),)), ((14, 1), ((1, 12),)), ((22, 6), ()), ((26, 8), ((28, 1),)), ((9, 10), ((1, 1), (1, 12))), ((26, 8), ()), ((14, 12), ()), ((20, 2), ()), ((20, 7), ((1, 1),)), ((15, 8), ((1, 1), (1, 12))), ((15, 10), ((1, 1),)), ((24, 6), ((1, 1), (1, 12))), ((17, 6), ((1, 1),)), ((26, 10), ((28, 12),)), ((13, 6), ((1, 12),))]",504,44,54,98
505,"((9, 6), ((1, 1), (1, 12)))","((10, 6), ((1, 1), (1, 12)))",West,"[((9, 7), ((1, 1), (1, 12))), ((10, 6), ((1, 1), (1, 12)))]","[((9, 6), ((1, 1), (1, 12))), ((14, 2), ((1, 12),)), ((16, 6), ((1, 1), (1, 12))), ((26, 6), ((28, 1),)), ((26, 1), ((28, 1),)), ((14, 1), ((1, 12),)), ((22, 6), ()), ((26, 8), ((28, 1),)), ((9, 10), ((1, 1), (1, 12))), ((26, 8), ()), ((14, 12), ()), ((20, 2), ()), ((20, 7), ((1, 1),)), ((15, 8), ((1, 1), (1, 12))), ((15, 10), ((1, 1),)), ((24, 6), ((1, 1), (1, 12))), ((17, 6), ((1, 1),)), ((26, 10), ((28, 12),)), ((13, 6), ((1, 12),))]","[((16, 6), ((1, 1), (1, 12))), ((14, 2), ((1, 12),)), ((22, 6), ()), ((26, 6), ((28, 1),)), ((26, 1), ((28, 1),)), ((14, 1), ((1, 12),)), ((15, 8), ((1, 1), (1, 12))), ((26, 8), ((28, 1),)), ((9, 10), ((1, 1), (1, 12))), ((26, 8), ()), ((14, 12), ()), ((20, 2), ()), ((20, 7), ((1, 1),)), ((13, 6), ((1, 12),)), ((15, 10), ((1, 1),)), ((24, 6), ((1, 1), (1, 12))), ((17, 6), ((1, 1),)), ((26, 10), ((28, 12),)), ((9, 7), ((1, 1), (1, 12)))]",505,63,35,98
506,"((16, 6), ((1, 1), (1, 12)))","((17, 6), ((1, 1), (1, 12)))",West,"[((17, 6), ((1, 1), (1, 12)))]","[((16, 6), ((1, 1), (1, 12))), ((14, 2), ((1, 12),)), ((22, 6), ()), ((26, 6), ((28, 1),)), ((26, 1), ((28, 1),)), ((14, 1), ((1, 12),)), ((15, 8), ((1, 1), (1, 12))), ((26, 8), ((28, 1),)), ((9, 10), ((1, 1), (1, 12))), ((26, 8), ()), ((14, 12), ()), ((20, 2), ()), ((20, 7), ((1, 1),)), ((13, 6), ((1, 12),)), ((15, 10), ((1, 1),)), ((24, 6), ((1, 1), (1, 12))), ((17, 6), ((1, 1),)), ((26, 10), ((28, 12),)), ((9, 7), ((1, 1), (1, 12)))]","[((22, 6), ()), ((14, 2), ((1, 12),)), ((14, 1), ((1, 12),)), ((26, 6), ((28, 1),)), ((26, 1), ((28, 1),)), ((20, 2), ()), ((15, 8), ((1, 1), (1, 12))), ((26, 8), ((28, 1),)), ((9, 10), ((1, 1), (1, 12))), ((26, 8), ()), ((14, 12), ()), ((9, 7), ((1, 1), (1, 12))), ((20, 7), ((1, 1),)), ((13, 6), ((1, 12),)), ((15, 10), ((1, 1),)), ((24, 6), ((1, 1), (1, 12))), ((17, 6), ((1, 1),)), ((26, 10), ((28, 12),))]",506,70,28,98
507,"((22, 6), ())","((22, 5), ())",North,"[((22, 5), ())]","[((22, 6), ()), ((14, 2), ((1, 12),)), ((14, 1), ((1, 12),)), ((26, 6), ((28, 1),)), ((26, 1), ((28, 1),)), ((20, 2), ()), ((15, 8), ((1, 1), (1, 12))), ((26, 8), ((28, 1),)), ((9, 10), ((1, 1), (1, 12))), ((26, 8), ()), ((14, 12), ()), ((9, 7), ((1, 1), (1, 12))), ((20, 7), ((1, 1),)), ((13, 6), ((1, 12),)), ((15, 10), ((1, 1),)), ((24, 6), ((1, 1), (1, 12))), ((17, 6), ((1, 1),)), ((26, 10), ((28, 12),))]","[((14, 2), ((1, 12),)), ((26, 1), ((28, 1),)), ((14, 1), ((1, 12),)), ((26, 6), ((28, 1),)), ((14, 12), ()), ((20, 2), ()), ((15, 8), ((1, 1), (1, 12))), ((26, 8), ((28, 1),)), ((9, 10), ((1, 1), (1, 12))), ((26, 8), ()), ((26, 10), ((28, 12),)), ((9, 7), ((1, 1), (1, 12))), ((20, 7), ((1, 1),)), ((13, 6), ((1, 12),)), ((15, 10), ((1, 1),)), ((24, 6), ((1, 1), (1, 12))), ((17, 6), ((1, 1),))]",507,38,60,98
508,"((14, 2), ((1, 12),))","((13, 2), ((1, 12),))",East,"[((14, 1), ((1, 12),)), ((15, 2), ((1, 12),)), ((13, 2), ((1, 12),))]","[((14, 2), ((1, 12),)), ((26, 1), ((28, 1),)), ((14, 1), ((1, 12),)), ((26, 6), ((28, 1),)), ((14, 12), ()), ((20, 2), ()), ((15, 8), ((1, 1), (1, 12))), ((26, 8), ((28, 1),)), ((9, 10), ((1, 1), (1, 12))), ((26, 8), ()), ((26, 10), ((28, 12),)), ((9, 7), ((1, 1), (1, 12))), ((20, 7), ((1, 1),)), ((13, 6), ((1, 12),)), ((15, 10), ((1, 1),)), ((24, 6), ((1, 1), (1, 12))), ((17, 6), ((1, 1),))]","[((14, 1), ((1, 12),)), ((26, 1), ((28, 1),)), ((20, 2), ()), ((26, 6), ((28, 1),)), ((14, 12), ()), ((17, 6), ((1, 1),)), ((15, 8), ((1, 1), (1, 12))), ((26, 8), ((28, 1),)), ((9, 10), ((1, 1), (1, 12))), ((26, 8), ()), ((26, 10), ((28, 12),)), ((9, 7), ((1, 1), (1, 12))), ((20, 7), ((1, 1),)), ((13, 6), ((1, 12),)), ((15, 10), ((1, 1),)), ((24, 6), ((1, 1), (1, 12))), ((15, 2), ((1, 12),))]",508,46,52,98
509,"((14, 1), ((1, 12),))","((13, 1), ((1, 12),))",East,"[((14, 2), ((1, 12),)), ((15, 1), ((1, 12),)), ((13, 1), ((1, 12),))]","[((14, 1), ((1, 12),)), ((26, 1), ((28, 1),)), ((20, 2), ()), ((26, 6), ((28, 1),)), ((14, 12), ()), ((17, 6), ((1, 1),)), ((15, 8), ((1, 1), (1, 12))), ((26, 8), ((28, 1),)), ((9, 10), ((1, 1), (1, 12))), ((26, 8), ()), ((26, 10), ((28, 12),)), ((9, 7), ((1, 1), (1, 12))), ((20, 7), ((1, 1),)), ((13, 6), ((1, 12),)), ((15, 10), ((1, 1),)), ((24, 6), ((1, 1), (1, 12))), ((15, 2), ((1, 12),))]","[((20, 2), ()), ((26, 1), ((28, 1),)), ((17, 6), ((1, 1),)), ((26, 6), ((28, 1),)), ((14, 12), ()), ((9, 7), ((1, 1), (1, 12))), ((15, 8), ((1, 1), (1, 12))), ((26, 8), ((28, 1),)), ((9, 10), ((1, 1), (1, 12))), ((26, 8), ()), ((26, 10), ((28, 12),)), ((15, 2), ((1, 12),)), ((20, 7), ((1, 1),)), ((13, 6), ((1, 12),)), ((15, 10), ((1, 1),)), ((24, 6), ((1, 1), (1, 12))), ((15, 1), ((1, 12),))]",509,47,51,98
510,"((20, 2), ())","((21, 2), ())",West,"[((21, 2), ())]","[((20, 2), ()), ((26, 1), ((28, 1),)), ((17, 6), ((1, 1),)), ((26, 6), ((28, 1),)), ((14, 12), ()), ((9, 7), ((1, 1), (1, 12))), ((15, 8), ((1, 1), (1, 12))), ((26, 8), ((28, 1),)), ((9, 10), ((1, 1), (1, 12))), ((26, 8), ()), ((26, 10), ((28, 12),)), ((15, 2), ((1, 12),)), ((20, 7), ((1, 1),)), ((13, 6), ((1, 12),)), ((15, 10), ((1, 1),)), ((24, 6), ((1, 1), (1, 12))), ((15, 1), ((1, 12),))]","[((26, 1), ((28, 1),)), ((26, 6), ((28, 1),)), ((17, 6), ((1, 1),)), ((26, 8), ((28, 1),)), ((14, 12), ()), ((9, 7), ((1, 1), (1, 12))), ((15, 8), ((1, 1), (1, 12))), ((24, 6), ((1, 1), (1, 12))), ((9, 10), ((1, 1), (1, 12))), ((26, 8), ()), ((26, 10), ((28, 12),)), ((15, 2), ((1, 12),)), ((20, 7), ((1, 1),)), ((13, 6), ((1, 12),)), ((15, 10), ((1, 1),)), ((15, 1), ((1, 12),))]",510,40,58,98
511,"((26, 1), ((28, 1),))","((27, 1), ((28, 1),))",West,"[((27, 1), ((28, 1),)), ((25, 1), ((28, 1),))]","[((26, 1), ((28, 1),)), ((26, 6), ((28, 1),)), ((17, 6), ((1, 1),)), ((26, 8), ((28, 1),)), ((14, 12), ()), ((9, 7), ((1, 1), (1, 12))), ((15, 8), ((1, 1), (1, 12))), ((24, 6), ((1, 1), (1, 12))), ((9, 10), ((1, 1), (1, 12))), ((26, 8), ()), ((26, 10), ((28, 12),)), ((15, 2), ((1, 12),)), ((20, 7), ((1, 1),)), ((13, 6), ((1, 12),)), ((15, 10), ((1, 1),)), ((15, 1), ((1, 12),))]","[((26, 6), ((28, 1),)), ((26, 8), ((28, 1),)), ((17, 6), ((1, 1),)), ((24, 6), ((1, 1), (1, 12))), ((14, 12), ()), ((9, 7), ((1, 1), (1, 12))), ((15, 8), ((1, 1), (1, 12))), ((25, 1), ((28, 1),)), ((9, 10), ((1, 1), (1, 12))), ((26, 8), ()), ((26, 10), ((28, 12),)), ((15, 2), ((1, 12),)), ((20, 7), ((1, 1),)), ((13, 6), ((1, 12),)), ((15, 10), ((1, 1),)), ((15, 1), ((1, 12),))]",511,47,51,98
512,"((26, 6), ((28, 1),))","((27, 6), ((28, 1),))",West,"[((26, 5), ((28, 1),)), ((27, 6), ((28, 1),))]","[((26, 6), ((28, 1),)), ((26, 8), ((28, 1),)), ((17, 6), ((1, 1),)), ((24, 6), ((1, 1), (1, 12))), ((14, 12), ()), ((9, 7), ((1, 1), (1, 12))), ((15, 8), ((1, 1), (1, 12))), ((25, 1), ((28, 1),)), ((9, 10), ((1, 1), (1, 12))), ((26, 8), ()), ((26, 10), ((28, 12),)), ((15, 2), ((1, 12),)), ((20, 7), ((1, 1),)), ((13, 6), ((1, 12),)), ((15, 10), ((1, 1),)), ((15, 1), ((1, 12),))]","[((26, 8), ((28, 1),)), ((14, 12), ()), ((17, 6), ((1, 1),)), ((24, 6), ((1, 1), (1, 12))), ((26, 8), ()), ((9, 7), ((1, 1), (1, 12))), ((15, 8), ((1, 1), (1, 12))), ((25, 1), ((28, 1),)), ((9, 10), ((1, 1), (1, 12))), ((15, 1), ((1, 12),)), ((26, 10), ((28, 12),)), ((15, 2), ((1, 12),)), ((20, 7), ((1, 1),)), ((13, 6), ((1, 12),)), ((15, 10), ((1, 1),)), ((26, 5), ((28, 1),))]",512,52,46,98
513,"((26, 8), ((28, 1),))","((27, 8), ((28, 1),))",West,"[((26, 9), ((28, 1),)), ((27, 8), ((28, 1),))]","[((26, 8), ((28, 1),)), ((14, 12), ()), ((17, 6), ((1, 1),)), ((24, 6), ((1, 1), (1, 12))), ((26, 8), ()), ((9, 7), ((1, 1), (1, 12))), ((15, 8), ((1, 1), (1, 12))), ((25, 1), ((28, 1),)), ((9, 10), ((1, 1), (1, 12))), ((15, 1), ((1, 12),)), ((26, 10), ((28, 12),)), ((15, 2), ((1, 12),)), ((20, 7), ((1, 1),)), ((13, 6), ((1, 12),)), ((15, 10), ((1, 1),)), ((26, 5), ((28, 1),))]","[((14, 12), ()), ((24, 6), ((1, 1), (1, 12))), ((17, 6), ((1, 1),)), ((26, 9), ((28, 1),)), ((26, 8), ()), ((9, 7), ((1, 1), (1, 12))), ((15, 8), ((1, 1), (1, 12))), ((9, 10), ((1, 1), (1, 12))), ((26, 5), ((28, 1),)), ((15, 1), ((1, 12),)), ((26, 10), ((28, 12),)), ((15, 2), ((1, 12),)), ((20, 7), ((1, 1),)), ((13, 6), ((1, 12),)), ((15, 10), ((1, 1),)), ((25, 1), ((28, 1),))]",513,54,44,98
514,"((14, 12), ())","((15, 12), ())",West,"[((15, 12), ()), ((13, 12), ())]","[((14, 12), ()), ((24, 6), ((1, 1), (1, 12))), ((17, 6), ((1, 1),)), ((26, 9), ((28, 1),)), ((26, 8), ()), ((9, 7), ((1, 1), (1, 12))), ((15, 8), ((1, 1), (1, 12))), ((9, 10), ((1, 1), (1, 12))), ((26, 5), ((28, 1),)), ((15, 1), ((1, 12),)), ((26, 10), ((28, 12),)), ((15, 2), ((1, 12),)), ((20, 7), ((1, 1),)), ((13, 6), ((1, 12),)), ((15, 10), ((1, 1),)), ((25, 1), ((28, 1),))]","[((24, 6), ((1, 1), (1, 12))), ((26, 9), ((28, 1),)), ((17, 6), ((1, 1),)), ((13, 12), ()), ((26, 8), ()), ((9, 7), ((1, 1), (1, 12))), ((15, 8), ((1, 1), (1, 12))), ((9, 10), ((1, 1), (1, 12))), ((26, 5), ((28, 1),)), ((15, 1), ((1, 12),)), ((26, 10), ((28, 12),)), ((15, 2), ((1, 12),)), ((20, 7), ((1, 1),)), ((13, 6), ((1, 12),)), ((15, 10), ((1, 1),)), ((25, 1), ((28, 1),))]",514,36,62,98
515,"((24, 6), ((1, 1), (1, 12)))","((24, 7), ((1, 1), (1, 12)))",South,"[((24, 7), ((1, 1), (1, 12))), ((24, 5), ((1, 1), (1, 12)))]","[((24, 6), ((1, 1), (1, 12))), ((26, 9), ((28, 1),)), ((17, 6), ((1, 1),)), ((13, 12), ()), ((26, 8), ()), ((9, 7), ((1, 1), (1, 12))), ((15, 8), ((1, 1), (1, 12))), ((9, 10), ((1, 1), (1, 12))), ((26, 5), ((28, 1),)), ((15, 1), ((1, 12),)), ((26, 10), ((28, 12),)), ((15, 2), ((1, 12),)), ((20, 7), ((1, 1),)), ((13, 6), ((1, 12),)), ((15, 10), ((1, 1),)), ((25, 1), ((28, 1),))]","[((26, 9), ((28, 1),)), ((13, 12), ()), ((17, 6), ((1, 1),)), ((24, 5), ((1, 1), (1, 12))), ((26, 8), ()), ((9, 7), ((1, 1), (1, 12))), ((15, 8), ((1, 1), (1, 12))), ((9, 10), ((1, 1), (1, 12))), ((26, 5), ((28, 1),)), ((15, 1), ((1, 12),)), ((26, 10), ((28, 12),)), ((15, 2), ((1, 12),)), ((20, 7), ((1, 1),)), ((13, 6), ((1, 12),)), ((15, 10), ((1, 1),)), ((25, 1), ((28, 1),))]",515,78,20,98
516,"((26, 9), ((28, 1),))","((26, 8), ((28, 1),))",North,"[((26, 10), ((28, 1),)), ((26, 8), ((28, 1),))]","[((26, 9), ((28, 1),)), ((13, 12), ()), ((17, 6), ((1, 1),)), ((24, 5), ((1, 1), (1, 12))), ((26, 8), ()), ((9, 7), ((1, 1), (1, 12))), ((15, 8), ((1, 1), (1, 12))), ((9, 10), ((1, 1), (1, 12))), ((26, 5), ((28, 1),)), ((15, 1), ((1, 12),)), ((26, 10), ((28, 12),)), ((15, 2), ((1, 12),)), ((20, 7), ((1, 1),)), ((13, 6), ((1, 12),)), ((15, 10), ((1, 1),)), ((25, 1), ((28, 1),))]","[((13, 12), ()), ((24, 5), ((1, 1), (1, 12))), ((17, 6), ((1, 1),)), ((26, 10), ((28, 1),)), ((26, 8), ()), ((9, 7), ((1, 1), (1, 12))), ((15, 8), ((1, 1), (1, 12))), ((9, 10), ((1, 1), (1, 12))), ((26, 5), ((28, 1),)), ((15, 1), ((1, 12),)), ((26, 10), ((28, 12),)), ((15, 2), ((1, 12),)), ((20, 7), ((1, 1),)), ((13, 6), ((1, 12),)), ((15, 10), ((1, 1),)), ((25, 1), ((28, 1),))]",516,55,43,98
517,"((13, 12), ())","((14, 12), ())",West,"[((14, 12), ())]","[((13, 12), ()), ((24, 5), ((1, 1), (1, 12))), ((17, 6), ((1, 1),)), ((26, 10), ((28, 1),)), ((26, 8), ()), ((9, 7), ((1, 1), (1, 12))), ((15, 8), ((1, 1), (1, 12))), ((9, 10), ((1, 1), (1, 12))), ((26, 5), ((28, 1),)), ((15, 1), ((1, 12),)), ((26, 10), ((28, 12),)), ((15, 2), ((1, 12),)), ((20, 7), ((1, 1),)), ((13, 6), ((1, 12),)), ((15, 10), ((1, 1),)), ((25, 1), ((28, 1),))]","[((24, 5), ((1, 1), (1, 12))), ((26, 10), ((28, 1),)), ((17, 6), ((1, 1),)), ((9, 10), ((1, 1), (1, 12))), ((26, 8), ()), ((9, 7), ((1, 1), (1, 12))), ((15, 8), ((1, 1), (1, 12))), ((25, 1), ((28, 1),)), ((26, 5), ((28, 1),)), ((15, 1), ((1, 12),)), ((26, 10), ((28, 12),)), ((15, 2), ((1, 12),)), ((20, 7), ((1, 1),)), ((13, 6), ((1, 12),)), ((15, 10), ((1, 1),))]",517,37,61,98
518,"((24, 5), ((1, 1), (1, 12)))","((24, 6), ((1, 1), (1, 12)))",South,"[((24, 6), ((1, 1), (1, 12))), ((24, 4), ((1, 1), (1, 12)))]","[((24, 5), ((1, 1), (1, 12))), ((26, 10), ((28, 1),)), ((17, 6), ((1, 1),)), ((9, 10), ((1, 1), (1, 12))), ((26, 8), ()), ((9, 7), ((1, 1), (1, 12))), ((15, 8), ((1, 1), (1, 12))), ((25, 1), ((28, 1),)), ((26, 5), ((28, 1),)), ((15, 1), ((1, 12),)), ((26, 10), ((28, 12),)), ((15, 2), ((1, 12),)), ((20, 7), ((1, 1),)), ((13, 6), ((1, 12),)), ((15, 10), ((1, 1),))]","[((26, 10), ((28, 1),)), ((26, 8), ()), ((24, 4), ((1, 1), (1, 12))), ((9, 10), ((1, 1), (1, 12))), ((26, 10), ((28, 12),)), ((9, 7), ((1, 1), (1, 12))), ((17, 6), ((1, 1),)), ((25, 1), ((28, 1),)), ((26, 5), ((28, 1),)), ((15, 1), ((1, 12),)), ((15, 10), ((1, 1),)), ((15, 2), ((1, 12),)), ((20, 7), ((1, 1),)), ((13, 6), ((1, 12),)), ((15, 8), ((1, 1), (1, 12)))]",518,79,19,98
519,"((26, 10), ((28, 1),))","((26, 9), ((28, 1),))",North,"[((26, 11), ((28, 1),)), ((26, 9), ((28, 1),)), ((27, 10), ((28, 1),))]","[((26, 10), ((28, 1),)), ((26, 8), ()), ((24, 4), ((1, 1), (1, 12))), ((9, 10), ((1, 1), (1, 12))), ((26, 10), ((28, 12),)), ((9, 7), ((1, 1), (1, 12))), ((17, 6), ((1, 1),)), ((25, 1), ((28, 1),)), ((26, 5), ((28, 1),)), ((15, 1), ((1, 12),)), ((15, 10), ((1, 1),)), ((15, 2), ((1, 12),)), ((20, 7), ((1, 1),)), ((13, 6), ((1, 12),)), ((15, 8), ((1, 1), (1, 12)))]","[((24, 4), ((1, 1), (1, 12))), ((27, 10), ((28, 1),)), ((26, 11), ((28, 1),)), ((26, 8), ()), ((26, 10), ((28, 12),)), ((9, 7), ((1, 1), (1, 12))), ((17, 6), ((1, 1),)), ((9, 10), ((1, 1), (1, 12))), ((26, 5), ((28, 1),)), ((15, 1), ((1, 12),)), ((15, 10), ((1, 1),)), ((15, 2), ((1, 12),)), ((20, 7), ((1, 1),)), ((13, 6), ((1, 12),)), ((15, 8), ((1, 1), (1, 12))), ((25, 1), ((28, 1),))]",519,56,42,98
520,"((24, 4), ((1, 1), (1, 12)))","((24, 5), ((1, 1), (1, 12)))",South,"[((24, 5), ((1, 1), (1, 12))), ((25, 4), ((1, 1), (1, 12))), ((23, 4), ((1, 1), (1, 12)))]","[((24, 4), ((1, 1), (1, 12))), ((27, 10), ((28, 1),)), ((26, 11), ((28, 1),)), ((26, 8), ()), ((26, 10), ((28, 12),)), ((9, 7), ((1, 1), (1, 12))), ((17, 6), ((1, 1),)), ((9, 10), ((1, 1), (1, 12))), ((26, 5), ((28, 1),)), ((15, 1), ((1, 12),)), ((15, 10), ((1, 1),)), ((15, 2), ((1, 12),)), ((20, 7), ((1, 1),)), ((13, 6), ((1, 12),)), ((15, 8), ((1, 1), (1, 12))), ((25, 1), ((28, 1),))]","[((26, 11), ((28, 1),)), ((27, 10), ((28, 1),)), ((17, 6), ((1, 1),)), ((25, 4), ((1, 1), (1, 12))), ((26, 10), ((28, 12),)), ((9, 7), ((1, 1), (1, 12))), ((15, 8), ((1, 1), (1, 12))), ((26, 8), ()), ((26, 5), ((28, 1),)), ((15, 1), ((1, 12),)), ((15, 10), ((1, 1),)), ((15, 2), ((1, 12),)), ((20, 7), ((1, 1),)), ((13, 6), ((1, 12),)), ((25, 1), ((28, 1),)), ((9, 10), ((1, 1), (1, 12))), ((23, 4), ((1, 1), (1, 12)))]",520,80,18,98
521,"((26, 11), ((28, 1),))","((26, 10), ((28, 1),))",North,"[((26, 12), ((28, 1),)), ((26, 10), ((28, 1),))]","[((26, 11), ((28, 1),)), ((27, 10), ((28, 1),)), ((17, 6), ((1, 1),)), ((25, 4), ((1, 1), (1, 12))), ((26, 10), ((28, 12),)), ((9, 7), ((1, 1), (1, 12))), ((15, 8), ((1, 1), (1, 12))), ((26, 8), ()), ((26, 5), ((28, 1),)), ((15, 1), ((1, 12),)), ((15, 10), ((1, 1),)), ((15, 2), ((1, 12),)), ((20, 7), ((1, 1),)), ((13, 6), ((1, 12),)), ((25, 1), ((28, 1),)), ((9, 10), ((1, 1), (1, 12))), ((23, 4), ((1, 1), (1, 12)))]","[((27, 10), ((28, 1),)), ((25, 4), ((1, 1), (1, 12))), ((17, 6), ((1, 1),)), ((26, 12), ((28, 1),)), ((26, 10), ((28, 12),)), ((9, 7), ((1, 1), (1, 12))), ((15, 8), ((1, 1), (1, 12))), ((26, 8), ()), ((26, 5), ((28, 1),)), ((15, 1), ((1, 12),)), ((15, 10), ((1, 1),)), ((15, 2), ((1, 12),)), ((20, 7), ((1, 1),)), ((13, 6), ((1, 12),)), ((25, 1), ((28, 1),)), ((23, 4), ((1, 1), (1, 12))), ((9, 10), ((1, 1), (1, 12)))]",521,57,41,98
522,"((27, 10), ((28, 1),))","((26, 10), ((28, 1),))",East,"[((28, 10), ((28, 1),)), ((26, 10), ((28, 1),))]","[((27, 10), ((28, 1),)), ((25, 4), ((1, 1), (1, 12))), ((17, 6), ((1, 1),)), ((26, 12), ((28, 1),)), ((26, 10), ((28, 12),)), ((9, 7), ((1, 1), (1, 12))), ((15, 8), ((1, 1), (1, 12))), ((26, 8), ()), ((26, 5), ((28, 1),)), ((15, 1), ((1, 12),)), ((15, 10), ((1, 1),)), ((15, 2), ((1, 12),)), ((20, 7), ((1, 1),)), ((13, 6), ((1, 12),)), ((25, 1), ((28, 1),)), ((23, 4), ((1, 1), (1, 12))), ((9, 10), ((1, 1), (1, 12)))]","[((25, 4), ((1, 1), (1, 12))), ((26, 12), ((28, 1),)), ((17, 6), ((1, 1),)), ((28, 10), ((28, 1),)), ((26, 10), ((28, 12),)), ((9, 7), ((1, 1), (1, 12))), ((15, 8), ((1, 1), (1, 12))), ((26, 8), ()), ((26, 5), ((28, 1),)), ((15, 1), ((1, 12),)), ((15, 10), ((1, 1),)), ((15, 2), ((1, 12),)), ((20, 7), ((1, 1),)), ((13, 6), ((1, 12),)), ((25, 1), ((28, 1),)), ((23, 4), ((1, 1), (1, 12))), ((9, 10), ((1, 1), (1, 12)))]",522,57,41,98
523,"((25, 4), ((1, 1), (1, 12)))","((24, 4), ((1, 1), (1, 12)))",East,"[((26, 4), ((1, 1), (1, 12))), ((24, 4), ((1, 1), (1, 12)))]","[((25, 4), ((1, 1), (1, 12))), ((26, 12), ((28, 1),)), ((17, 6), ((1, 1),)), ((28, 10), ((28, 1),)), ((26, 10), ((28, 12),)), ((9, 7), ((1, 1), (1, 12))), ((15, 8), ((1, 1), (1, 12))), ((26, 8), ()), ((26, 5), ((28, 1),)), ((15, 1), ((1, 12),)), ((15, 10), ((1, 1),)), ((15, 2), ((1, 12),)), ((20, 7), ((1, 1),)), ((13, 6), ((1, 12),)), ((25, 1), ((28, 1),)), ((23, 4), ((1, 1), (1, 12))), ((9, 10), ((1, 1), (1, 12)))]","[((26, 12), ((28, 1),)), ((28, 10), ((28, 1),)), ((17, 6), ((1, 1),)), ((26, 4), ((1, 1), (1, 12))), ((26, 10), ((28, 12),)), ((9, 7), ((1, 1), (1, 12))), ((15, 8), ((1, 1), (1, 12))), ((26, 8), ()), ((26, 5), ((28, 1),)), ((15, 1), ((1, 12),)), ((15, 10), ((1, 1),)), ((15, 2), ((1, 12),)), ((20, 7), ((1, 1),)), ((13, 6), ((1, 12),)), ((25, 1), ((28, 1),)), ((23, 4), ((1, 1), (1, 12))), ((9, 10), ((1, 1), (1, 12)))]",523,81,17,98
524,"((26, 12), ((28, 1),))","((26, 11), ((28, 1),))",North,"[((26, 11), ((28, 1),)), ((25, 12), ((28, 1),))]","[((26, 12), ((28, 1),)), ((28, 10), ((28, 1),)), ((17, 6), ((1, 1),)), ((26, 4), ((1, 1), (1, 12))), ((26, 10), ((28, 12),)), ((9, 7), ((1, 1), (1, 12))), ((15, 8), ((1, 1), (1, 12))), ((26, 8), ()), ((26, 5), ((28, 1),)), ((15, 1), ((1, 12),)), ((15, 10), ((1, 1),)), ((15, 2), ((1, 12),)), ((20, 7), ((1, 1),)), ((13, 6), ((1, 12),)), ((25, 1), ((28, 1),)), ((23, 4), ((1, 1), (1, 12))), ((9, 10), ((1, 1), (1, 12)))]","[((28, 10), ((28, 1),)), ((26, 4), ((1, 1), (1, 12))), ((17, 6), ((1, 1),)), ((26, 8), ()), ((26, 10), ((28, 12),)), ((9, 7), ((1, 1), (1, 12))), ((15, 8), ((1, 1), (1, 12))), ((9, 10), ((1, 1), (1, 12))), ((26, 5), ((28, 1),)), ((15, 1), ((1, 12),)), ((15, 10), ((1, 1),)), ((15, 2), ((1, 12),)), ((20, 7), ((1, 1),)), ((13, 6), ((1, 12),)), ((25, 1), ((28, 1),)), ((23, 4), ((1, 1), (1, 12))), ((25, 12), ((28, 1),))]",524,58,40,98
525,"((28, 10), ((28, 1),))","((27, 10), ((28, 1),))",East,"[((28, 11), ((28, 1),)), ((27, 10), ((28, 1),))]","[((28, 10), ((28, 1),)), ((26, 4), ((1, 1), (1, 12))), ((17, 6), ((1, 1),)), ((26, 8), ()), ((26, 10), ((28, 12),)), ((9, 7), ((1, 1), (1, 12))), ((15, 8), ((1, 1), (1, 12))), ((9, 10), ((1, 1), (1, 12))), ((26, 5), ((28, 1),)), ((15, 1), ((1, 12),)), ((15, 10), ((1, 1),)), ((15, 2), ((1, 12),)), ((20, 7), ((1, 1),)), ((13, 6), ((1, 12),)), ((25, 1), ((28, 1),)), ((23, 4), ((1, 1), (1, 12))), ((25, 12), ((28, 1),))]","[((26, 4), ((1, 1), (1, 12))), ((28, 11), ((28, 1),)), ((17, 6), ((1, 1),)), ((26, 8), ()), ((26, 10), ((28, 12),)), ((9, 7), ((1, 1), (1, 12))), ((15, 8), ((1, 1), (1, 12))), ((9, 10), ((1, 1), (1, 12))), ((26, 5), ((28, 1),)), ((15, 1), ((1, 12),)), ((15, 10), ((1, 1),)), ((15, 2), ((1, 12),)), ((20, 7), ((1, 1),)), ((13, 6), ((1, 12),)), ((25, 1), ((28, 1),)), ((25, 12), ((28, 1),)), ((23, 4), ((1, 1), (1, 12)))]",525,58,40,98
526,"((26, 4), ((1, 1), (1, 12)))","((25, 4), ((1, 1), (1, 12)))",East,"[((26, 5), ((1, 1), (1, 12))), ((26, 3), ((1, 1), (1, 12))), ((25, 4), ((1, 1), (1, 12)))]","[((26, 4), ((1, 1), (1, 12))), ((28, 11), ((28, 1),)), ((17, 6), ((1, 1),)), ((26, 8), ()), ((26, 10), ((28, 12),)), ((9, 7), ((1, 1), (1, 12))), ((15, 8), ((1, 1), (1, 12))), ((9, 10), ((1, 1), (1, 12))), ((26, 5), ((28, 1),)), ((15, 1), ((1, 12),)), ((15, 10), ((1, 1),)), ((15, 2), ((1, 12),)), ((20, 7), ((1, 1),)), ((13, 6), ((1, 12),)), ((25, 1), ((28, 1),)), ((25, 12), ((28, 1),)), ((23, 4), ((1, 1), (1, 12)))]","[((28, 11), ((28, 1),)), ((26, 3), ((1, 1), (1, 12))), ((17, 6), ((1, 1),)), ((26, 8), ()), ((26, 10), ((28, 12),)), ((9, 7), ((1, 1), (1, 12))), ((15, 8), ((1, 1), (1, 12))), ((23, 4), ((1, 1), (1, 12))), ((9, 10), ((1, 1), (1, 12))), ((15, 1), ((1, 12),)), ((15, 10), ((1, 1),)), ((15, 2), ((1, 12),)), ((20, 7), ((1, 1),)), ((13, 6), ((1, 12),)), ((25, 1), ((28, 1),)), ((25, 12), ((28, 1),)), ((26, 5), ((1, 1), (1, 12))), ((26, 5), ((28, 1),))]",526,82,16,98
527,"((28, 11), ((28, 1),))","((28, 10), ((28, 1),))",North,"[((28, 12), ((28, 1), (28, 12))), ((28, 10), ((28, 1),))]","[((28, 11), ((28, 1),)), ((26, 3), ((1, 1), (1, 12))), ((17, 6), ((1, 1),)), ((26, 8), ()), ((26, 10), ((28, 12),)), ((9, 7), ((1, 1), (1, 12))), ((15, 8), ((1, 1), (1, 12))), ((23, 4), ((1, 1), (1, 12))), ((9, 10), ((1, 1), (1, 12))), ((15, 1), ((1, 12),)), ((15, 10), ((1, 1),)), ((15, 2), ((1, 12),)), ((20, 7), ((1, 1),)), ((13, 6), ((1, 12),)), ((25, 1), ((28, 1),)), ((25, 12), ((28, 1),)), ((26, 5), ((1, 1), (1, 12))), ((26, 5), ((28, 1),))]","[((26, 3), ((1, 1), (1, 12))), ((28, 12), ((28, 1), (28, 12))), ((17, 6), ((1, 1),)), ((26, 8), ()), ((26, 10), ((28, 12),)), ((9, 7), ((1, 1), (1, 12))), ((15, 8), ((1, 1), (1, 12))), ((23, 4), ((1, 1), (1, 12))), ((9, 10), ((1, 1), (1, 12))), ((15, 1), ((1, 12),)), ((15, 10), ((1, 1),)), ((15, 2), ((1, 12),)), ((20, 7), ((1, 1),)), ((13, 6), ((1, 12),)), ((25, 1), ((28, 1),)), ((25, 12), ((28, 1),)), ((26, 5), ((1, 1), (1, 12))), ((26, 5), ((28, 1),))]",527,59,39,98
528,"((26, 3), ((1, 1), (1, 12)))","((26, 4), ((1, 1), (1, 12)))",South,"[((26, 4), ((1, 1), (1, 12)))]","[((26, 3), ((1, 1), (1, 12))), ((28, 12), ((28, 1), (28, 12))), ((17, 6), ((1, 1),)), ((26, 8), ()), ((26, 10), ((28, 12),)), ((9, 7), ((1, 1), (1, 12))), ((15, 8), ((1, 1), (1, 12))), ((23, 4), ((1, 1), (1, 12))), ((9, 10), ((1, 1), (1, 12))), ((15, 1), ((1, 12),)), ((15, 10), ((1, 1),)), ((15, 2), ((1, 12),)), ((20, 7), ((1, 1),)), ((13, 6), ((1, 12),)), ((25, 1), ((28, 1),)), ((25, 12), ((28, 1),)), ((26, 5), ((1, 1), (1, 12))), ((26, 5), ((28, 1),))]","[((28, 12), ((28, 1), (28, 12))), ((26, 8), ()), ((17, 6), ((1, 1),)), ((9, 10), ((1, 1), (1, 12))), ((26, 10), ((28, 12),)), ((9, 7), ((1, 1), (1, 12))), ((15, 8), ((1, 1), (1, 12))), ((23, 4), ((1, 1), (1, 12))), ((26, 5), ((28, 1),)), ((15, 1), ((1, 12),)), ((15, 10), ((1, 1),)), ((15, 2), ((1, 12),)), ((20, 7), ((1, 1),)), ((13, 6), ((1, 12),)), ((25, 1), ((28, 1),)), ((25, 12), ((28, 1),)), ((26, 5), ((1, 1), (1, 12)))]",528,83,15,98
529,"((28, 12), ((28, 1), (28, 12)))","((28, 11), ((28, 1),))",North,"[((28, 11), ((28, 1), (28, 12)))]","[((28, 12), ((28, 1), (28, 12))), ((26, 8), ()), ((17, 6), ((1, 1),)), ((9, 10), ((1, 1), (1, 12))), ((26, 10), ((28, 12),)), ((9, 7), ((1, 1), (1, 12))), ((15, 8), ((1, 1), (1, 12))), ((23, 4), ((1, 1), (1, 12))), ((26, 5), ((28, 1),)), ((15, 1), ((1, 12),)), ((15, 10), ((1, 1),)), ((15, 2), ((1, 12),)), ((20, 7), ((1, 1),)), ((13, 6), ((1, 12),)), ((25, 1), ((28, 1),)), ((25, 12), ((28, 1),)), ((26, 5), ((1, 1), (1, 12)))]","[((26, 8), ()), ((9, 10), ((1, 1), (1, 12))), ((17, 6), ((1, 1),)), ((26, 5), ((28, 1),)), ((26, 10), ((28, 12),)), ((9, 7), ((1, 1), (1, 12))), ((15, 8), ((1, 1), (1, 12))), ((23, 4), ((1, 1), (1, 12))), ((26, 5), ((1, 1), (1, 12))), ((15, 1), ((1, 12),)), ((15, 10), ((1, 1),)), ((15, 2), ((1, 12),)), ((20, 7), ((1, 1),)), ((13, 6), ((1, 12),)), ((25, 1), ((28, 1),)), ((25, 12), ((28, 1),)), ((28, 11), ((28, 1), (28, 12)))]",529,60,38,98
530,"((26, 8), ())","((26, 9), ())",South,"[((26, 9), ()), ((27, 8), ())]","[((26, 8), ()), ((9, 10), ((1, 1), (1, 12))), ((17, 6), ((1, 1),)), ((26, 5), ((28, 1),)), ((26, 10), ((28, 12),)), ((9, 7), ((1, 1), (1, 12))), ((15, 8), ((1, 1), (1, 12))), ((23, 4), ((1, 1), (1, 12))), ((26, 5), ((1, 1), (1, 12))), ((15, 1), ((1, 12),)), ((15, 10), ((1, 1),)), ((15, 2), ((1, 12),)), ((20, 7), ((1, 1),)), ((13, 6), ((1, 12),)), ((25, 1), ((28, 1),)), ((25, 12), ((28, 1),)), ((28, 11), ((28, 1), (28, 12)))]","[((17, 6), ((1, 1),)), ((9, 10), ((1, 1), (1, 12))), ((15, 8), ((1, 1), (1, 12))), ((26, 5), ((28, 1),)), ((26, 10), ((28, 12),)), ((9, 7), ((1, 1), (1, 12))), ((13, 6), ((1, 12),)), ((23, 4), ((1, 1), (1, 12))), ((26, 5), ((1, 1), (1, 12))), ((15, 1), ((1, 12),)), ((15, 10), ((1, 1),)), ((15, 2), ((1, 12),)), ((20, 7), ((1, 1),)), ((28, 11), ((28, 1), (28, 12))), ((25, 1), ((28, 1),)), ((25, 12), ((28, 1),))]",530,44,55,99
531,"((17, 6), ((1, 1),))","((18, 6), ((1, 1),))",West,"[((18, 6), ((1, 1),)), ((16, 6), ((1, 1),))]","[((17, 6), ((1, 1),)), ((9, 10), ((1, 1), (1, 12))), ((15, 8), ((1, 1), (1, 12))), ((26, 5), ((28, 1),)), ((26, 10), ((28, 12),)), ((9, 7), ((1, 1), (1, 12))), ((13, 6), ((1, 12),)), ((23, 4), ((1, 1), (1, 12))), ((26, 5), ((1, 1), (1, 12))), ((15, 1), ((1, 12),)), ((15, 10), ((1, 1),)), ((15, 2), ((1, 12),)), ((20, 7), ((1, 1),)), ((28, 11), ((28, 1), (28, 12))), ((25, 1), ((28, 1),)), ((25, 12), ((28, 1),))]","[((9, 10), ((1, 1), (1, 12))), ((26, 10), ((28, 12),)), ((15, 8), ((1, 1), (1, 12))), ((26, 5), ((28, 1),)), ((25, 12), ((28, 1),)), ((9, 7), ((1, 1), (1, 12))), ((13, 6), ((1, 12),)), ((23, 4), ((1, 1), (1, 12))), ((26, 5), ((1, 1), (1, 12))), ((15, 1), ((1, 12),)), ((15, 10), ((1, 1),)), ((15, 2), ((1, 12),)), ((20, 7), ((1, 1),)), ((28, 11), ((28, 1), (28, 12))), ((25, 1), ((28, 1),)), ((16, 6), ((1, 1),))]",531,45,54,99
532,"((9, 10), ((1, 1), (1, 12)))","((10, 10), ((1, 1), (1, 12)))",West,"[((9, 11), ((1, 1), (1, 12))), ((10, 10), ((1, 1), (1, 12)))]","[((9, 10), ((1, 1), (1, 12))), ((26, 10), ((28, 12),)), ((15, 8), ((1, 1), (1, 12))), ((26, 5), ((28, 1),)), ((25, 12), ((28, 1),)), ((9, 7), ((1, 1), (1, 12))), ((13, 6), ((1, 12),)), ((23, 4), ((1, 1), (1, 12))), ((26, 5), ((1, 1), (1, 12))), ((15, 1), ((1, 12),)), ((15, 10), ((1, 1),)), ((15, 2), ((1, 12),)), ((20, 7), ((1, 1),)), ((28, 11), ((28, 1), (28, 12))), ((25, 1), ((28, 1),)), ((16, 6), ((1, 1),))]","[((26, 10), ((28, 12),)), ((9, 11), ((1, 1), (1, 12))), ((15, 8), ((1, 1), (1, 12))), ((26, 5), ((28, 1),)), ((25, 12), ((28, 1),)), ((9, 7), ((1, 1), (1, 12))), ((13, 6), ((1, 12),)), ((23, 4), ((1, 1), (1, 12))), ((26, 5), ((1, 1), (1, 12))), ((15, 1), ((1, 12),)), ((15, 10), ((1, 1),)), ((15, 2), ((1, 12),)), ((20, 7), ((1, 1),)), ((28, 11), ((28, 1), (28, 12))), ((25, 1), ((28, 1),)), ((16, 6), ((1, 1),))]",532,67,32,99
533,"((26, 10), ((28, 12),))","((27, 10), ((28, 12),))",West,"[((26, 11), ((28, 12),)), ((26, 9), ((28, 12),)), ((27, 10), ((28, 12),))]","[((26, 10), ((28, 12),)), ((9, 11), ((1, 1), (1, 12))), ((15, 8), ((1, 1), (1, 12))), ((26, 5), ((28, 1),)), ((25, 12), ((28, 1),)), ((9, 7), ((1, 1), (1, 12))), ((13, 6), ((1, 12),)), ((23, 4), ((1, 1), (1, 12))), ((26, 5), ((1, 1), (1, 12))), ((15, 1), ((1, 12),)), ((15, 10), ((1, 1),)), ((15, 2), ((1, 12),)), ((20, 7), ((1, 1),)), ((28, 11), ((28, 1), (28, 12))), ((25, 1), ((28, 1),)), ((16, 6), ((1, 1),))]","[((15, 8), ((1, 1), (1, 12))), ((9, 11), ((1, 1), (1, 12))), ((9, 7), ((1, 1), (1, 12))), ((26, 9), ((28, 12),)), ((25, 12), ((28, 1),)), ((16, 6), ((1, 1),)), ((13, 6), ((1, 12),)), ((26, 5), ((28, 1),)), ((26, 5), ((1, 1), (1, 12))), ((15, 1), ((1, 12),)), ((15, 10), ((1, 1),)), ((15, 2), ((1, 12),)), ((20, 7), ((1, 1),)), ((28, 11), ((28, 1), (28, 12))), ((25, 1), ((28, 1),)), ((26, 11), ((28, 12),)), ((23, 4), ((1, 1), (1, 12)))]",533,50,49,99
534,"((15, 8), ((1, 1), (1, 12)))","((15, 9), ((1, 1), (1, 12)))",South,"[((15, 9), ((1, 1), (1, 12))), ((16, 8), ((1, 1), (1, 12)))]","[((15, 8), ((1, 1), (1, 12))), ((9, 11), ((1, 1), (1, 12))), ((9, 7), ((1, 1), (1, 12))), ((26, 9), ((28, 12),)), ((25, 12), ((28, 1),)), ((16, 6), ((1, 1),)), ((13, 6), ((1, 12),)), ((26, 5), ((28, 1),)), ((26, 5), ((1, 1), (1, 12))), ((15, 1), ((1, 12),)), ((15, 10), ((1, 1),)), ((15, 2), ((1, 12),)), ((20, 7), ((1, 1),)), ((28, 11), ((28, 1), (28, 12))), ((25, 1), ((28, 1),)), ((26, 11), ((28, 12),)), ((23, 4), ((1, 1), (1, 12)))]","[((9, 7), ((1, 1), (1, 12))), ((9, 11), ((1, 1), (1, 12))), ((13, 6), ((1, 12),)), ((26, 9), ((28, 12),)), ((25, 12), ((28, 1),)), ((16, 6), ((1, 1),)), ((25, 1), ((28, 1),)), ((16, 8), ((1, 1), (1, 12))), ((26, 5), ((1, 1), (1, 12))), ((15, 1), ((1, 12),)), ((15, 10), ((1, 1),)), ((15, 2), ((1, 12),)), ((20, 7), ((1, 1),)), ((28, 11), ((28, 1), (28, 12))), ((23, 4), ((1, 1), (1, 12))), ((26, 11), ((28, 12),)), ((26, 5), ((28, 1),))]",534,71,28,99
535,"((9, 7), ((1, 1), (1, 12)))","((9, 6), ((1, 1), (1, 12)))",North,"[((9, 8), ((1, 1), (1, 12))), ((9, 6), ((1, 1), (1, 12)))]","[((9, 7), ((1, 1), (1, 12))), ((9, 11), ((1, 1), (1, 12))), ((13, 6), ((1, 12),)), ((26, 9), ((28, 12),)), ((25, 12), ((28, 1),)), ((16, 6), ((1, 1),)), ((25, 1), ((28, 1),)), ((16, 8), ((1, 1), (1, 12))), ((26, 5), ((1, 1), (1, 12))), ((15, 1), ((1, 12),)), ((15, 10), ((1, 1),)), ((15, 2), ((1, 12),)), ((20, 7), ((1, 1),)), ((28, 11), ((28, 1), (28, 12))), ((23, 4), ((1, 1), (1, 12))), ((26, 11), ((28, 12),)), ((26, 5), ((28, 1),))]","[((9, 11), ((1, 1), (1, 12))), ((26, 9), ((28, 12),)), ((13, 6), ((1, 12),)), ((16, 8), ((1, 1), (1, 12))), ((25, 12), ((28, 1),)), ((16, 6), ((1, 1),)), ((25, 1), ((28, 1),)), ((9, 8), ((1, 1), (1, 12))), ((26, 5), ((1, 1), (1, 12))), ((15, 1), ((1, 12),)), ((15, 10), ((1, 1),)), ((15, 2), ((1, 12),)), ((20, 7), ((1, 1),)), ((28, 11), ((28, 1), (28, 12))), ((23, 4), ((1, 1), (1, 12))), ((26, 11), ((28, 12),)), ((26, 5), ((28, 1),))]",535,64,35,99
536,"((9, 11), ((1, 1), (1, 12)))","((9, 10), ((1, 1), (1, 12)))",North,"[((9, 12), ((1, 1), (1, 12))), ((9, 10), ((1, 1), (1, 12)))]","[((9, 11), ((1, 1), (1, 12))), ((26, 9), ((28, 12),)), ((13, 6), ((1, 12),)), ((16, 8), ((1, 1), (1, 12))), ((25, 12), ((28, 1),)), ((16, 6), ((1, 1),)), ((25, 1), ((28, 1),)), ((9, 8), ((1, 1), (1, 12))), ((26, 5), ((1, 1), (1, 12))), ((15, 1), ((1, 12),)), ((15, 10), ((1, 1),)), ((15, 2), ((1, 12),)), ((20, 7), ((1, 1),)), ((28, 11), ((28, 1), (28, 12))), ((23, 4), ((1, 1), (1, 12))), ((26, 11), ((28, 12),)), ((26, 5), ((28, 1),))]","[((26, 9), ((28, 12),)), ((16, 8), ((1, 1), (1, 12))), ((13, 6), ((1, 12),)), ((9, 8), ((1, 1), (1, 12))), ((25, 12), ((28, 1),)), ((16, 6), ((1, 1),)), ((25, 1), ((28, 1),)), ((9, 12), ((1, 1), (1, 12))), ((26, 5), ((1, 1), (1, 12))), ((15, 1), ((1, 12),)), ((15, 10), ((1, 1),)), ((15, 2), ((1, 12),)), ((20, 7), ((1, 1),)), ((28, 11), ((28, 1), (28, 12))), ((23, 4), ((1, 1), (1, 12))), ((26, 11), ((28, 12),)), ((26, 5), ((28, 1),))]",536,68,31,99
537,"((26, 9), ((28, 12),))","((26, 10), ((28, 12),))",South,"[((26, 10), ((28, 12),)), ((26, 8), ((28, 12),))]","[((26, 9), ((28, 12),)), ((16, 8), ((1, 1), (1, 12))), ((13, 6), ((1, 12),)), ((9, 8), ((1, 1), (1, 12))), ((25, 12), ((28, 1),)), ((16, 6), ((1, 1),)), ((25, 1), ((28, 1),)), ((9, 12), ((1, 1), (1, 12))), ((26, 5), ((1, 1), (1, 12))), ((15, 1), ((1, 12),)), ((15, 10), ((1, 1),)), ((15, 2), ((1, 12),)), ((20, 7), ((1, 1),)), ((28, 11), ((28, 1), (28, 12))), ((23, 4), ((1, 1), (1, 12))), ((26, 11), ((28, 12),)), ((26, 5), ((28, 1),))]","[((16, 8), ((1, 1), (1, 12))), ((9, 8), ((1, 1), (1, 12))), ((13, 6), ((1, 12),)), ((9, 12), ((1, 1), (1, 12))), ((25, 12), ((28, 1),)), ((16, 6), ((1, 1),)), ((25, 1), ((28, 1),)), ((26, 8), ((28, 12),)), ((26, 5), ((1, 1), (1, 12))), ((15, 1), ((1, 12),)), ((15, 10), ((1, 1),)), ((15, 2), ((1, 12),)), ((20, 7), ((1, 1),)), ((28, 11), ((28, 1), (28, 12))), ((23, 4), ((1, 1), (1, 12))), ((26, 11), ((28, 12),)), ((26, 5), ((28, 1),))]",537,51,48,99
538,"((16, 8), ((1, 1), (1, 12)))","((15, 8), ((1, 1), (1, 12)))",East,"[((17, 8), ((1, 1), (1, 12))), ((15, 8), ((1, 1), (1, 12)))]","[((16, 8), ((1, 1), (1, 12))), ((9, 8), ((1, 1), (1, 12))), ((13, 6), ((1, 12),)), ((9, 12), ((1, 1), (1, 12))), ((25, 12), ((28, 1),)), ((16, 6), ((1, 1),)), ((25, 1), ((28, 1),)), ((26, 8), ((28, 12),)), ((26, 5), ((1, 1), (1, 12))), ((15, 1), ((1, 12),)), ((15, 10), ((1, 1),)), ((15, 2), ((1, 12),)), ((20, 7), ((1, 1),)), ((28, 11), ((28, 1), (28, 12))), ((23, 4), ((1, 1), (1, 12))), ((26, 11), ((28, 12),)), ((26, 5), ((28, 1),))]","[((9, 8), ((1, 1), (1, 12))), ((9, 12), ((1, 1), (1, 12))), ((13, 6), ((1, 12),)), ((26, 8), ((28, 12),)), ((25, 12), ((28, 1),)), ((16, 6), ((1, 1),)), ((25, 1), ((28, 1),)), ((17, 8), ((1, 1), (1, 12))), ((26, 5), ((1, 1), (1, 12))), ((15, 1), ((1, 12),)), ((15, 10), ((1, 1),)), ((15, 2), ((1, 12),)), ((20, 7), ((1, 1),)), ((28, 11), ((28, 1), (28, 12))), ((23, 4), ((1, 1), (1, 12))), ((26, 11), ((28, 12),)), ((26, 5), ((28, 1),))]",538,72,27,99
539,"((9, 8), ((1, 1), (1, 12)))","((9, 7), ((1, 1), (1, 12)))",North,"[((9, 7), ((1, 1), (1, 12)))]","[((9, 8), ((1, 1), (1, 12))), ((9, 12), ((1, 1), (1, 12))), ((13, 6), ((1, 12),)), ((26, 8), ((28, 12),)), ((25, 12), ((28, 1),)), ((16, 6), ((1, 1),)), ((25, 1), ((28, 1),)), ((17, 8), ((1, 1), (1, 12))), ((26, 5), ((1, 1), (1, 12))), ((15, 1), ((1, 12),)), ((15, 10), ((1, 1),)), ((15, 2), ((1, 12),)), ((20, 7), ((1, 1),)), ((28, 11), ((28, 1), (28, 12))), ((23, 4), ((1, 1), (1, 12))), ((26, 11), ((28, 12),)), ((26, 5), ((28, 1),))]","[((9, 12), ((1, 1), (1, 12))), ((26, 8), ((28, 12),)), ((13, 6), ((1, 12),)), ((17, 8), ((1, 1), (1, 12))), ((25, 12), ((28, 1),)), ((16, 6), ((1, 1),)), ((25, 1), ((28, 1),)), ((26, 5), ((28, 1),)), ((26, 5), ((1, 1), (1, 12))), ((15, 1), ((1, 12),)), ((15, 10), ((1, 1),)), ((15, 2), ((1, 12),)), ((20, 7), ((1, 1),)), ((28, 11), ((28, 1), (28, 12))), ((23, 4), ((1, 1), (1, 12))), ((26, 11), ((28, 12),))]",539,65,34,99
540,"((9, 12), ((1, 1), (1, 12)))","((9, 11), ((1, 1), (1, 12)))",North,"[((9, 11), ((1, 1), (1, 12)))]","[((9, 12), ((1, 1), (1, 12))), ((26, 8), ((28, 12),)), ((13, 6), ((1, 12),)), ((17, 8), ((1, 1), (1, 12))), ((25, 12), ((28, 1),)), ((16, 6), ((1, 1),)), ((25, 1), ((28, 1),)), ((26, 5), ((28, 1),)), ((26, 5), ((1, 1), (1, 12))), ((15, 1), ((1, 12),)), ((15, 10), ((1, 1),)), ((15, 2), ((1, 12),)), ((20, 7), ((1, 1),)), ((28, 11), ((28, 1), (28, 12))), ((23, 4), ((1, 1), (1, 12))), ((26, 11), ((28, 12),))]","[((26, 8), ((28, 12),)), ((17, 8), ((1, 1), (1, 12))), ((13, 6), ((1, 12),)), ((26, 5), ((28, 1),)), ((25, 12), ((28, 1),)), ((16, 6), ((1, 1),)), ((25, 1), ((28, 1),)), ((26, 11), ((28, 12),)), ((26, 5), ((1, 1), (1, 12))), ((15, 1), ((1, 12),)), ((15, 10), ((1, 1),)), ((15, 2), ((1, 12),)), ((20, 7), ((1, 1),)), ((28, 11), ((28, 1), (28, 12))), ((23, 4), ((1, 1), (1, 12)))]",540,69,30,99
541,"((26, 8), ((28, 12),))","((26, 9), ((28, 12),))",South,"[((26, 9), ((28, 12),)), ((27, 8), ((28, 12),))]","[((26, 8), ((28, 12),)), ((17, 8), ((1, 1), (1, 12))), ((13, 6), ((1, 12),)), ((26, 5), ((28, 1),)), ((25, 12), ((28, 1),)), ((16, 6), ((1, 1),)), ((25, 1), ((28, 1),)), ((26, 11), ((28, 12),)), ((26, 5), ((1, 1), (1, 12))), ((15, 1), ((1, 12),)), ((15, 10), ((1, 1),)), ((15, 2), ((1, 12),)), ((20, 7), ((1, 1),)), ((28, 11), ((28, 1), (28, 12))), ((23, 4), ((1, 1), (1, 12)))]","[((17, 8), ((1, 1), (1, 12))), ((26, 5), ((28, 1),)), ((27, 8), ((28, 12),)), ((23, 4), ((1, 1), (1, 12))), ((25, 12), ((28, 1),)), ((16, 6), ((1, 1),)), ((13, 6), ((1, 12),)), ((26, 11), ((28, 12),)), ((26, 5), ((1, 1), (1, 12))), ((15, 1), ((1, 12),)), ((15, 10), ((1, 1),)), ((15, 2), ((1, 12),)), ((20, 7), ((1, 1),)), ((28, 11), ((28, 1), (28, 12))), ((25, 1), ((28, 1),))]",541,52,47,99
542,"((17, 8), ((1, 1), (1, 12)))","((16, 8), ((1, 1), (1, 12)))",East,"[((18, 8), ((1, 1), (1, 12))), ((16, 8), ((1, 1), (1, 12)))]","[((17, 8), ((1, 1), (1, 12))), ((26, 5), ((28, 1),)), ((27, 8), ((28, 12),)), ((23, 4), ((1, 1), (1, 12))), ((25, 12), ((28, 1),)), ((16, 6), ((1, 1),)), ((13, 6), ((1, 12),)), ((26, 11), ((28, 12),)), ((26, 5), ((1, 1), (1, 12))), ((15, 1), ((1, 12),)), ((15, 10), ((1, 1),)), ((15, 2), ((1, 12),)), ((20, 7), ((1, 1),)), ((28, 11), ((28, 1), (28, 12))), ((25, 1), ((28, 1),))]","[((27, 8), ((28, 12),)), ((26, 5), ((28, 1),)), ((18, 8), ((1, 1), (1, 12))), ((23, 4), ((1, 1), (1, 12))), ((25, 12), ((28, 1),)), ((16, 6), ((1, 1),)), ((13, 6), ((1, 12),)), ((26, 11), ((28, 12),)), ((26, 5), ((1, 1), (1, 12))), ((15, 1), ((1, 12),)), ((15, 10), ((1, 1),)), ((15, 2), ((1, 12),)), ((20, 7), ((1, 1),)), ((28, 11), ((28, 1), (28, 12))), ((25, 1), ((28, 1),))]",542,73,26,99
543,"((27, 8), ((28, 12),))","((26, 8), ((28, 12),))",East,"[((28, 8), ((28, 12),)), ((26, 8), ((28, 12),))]","[((27, 8), ((28, 12),)), ((26, 5), ((28, 1),)), ((18, 8), ((1, 1), (1, 12))), ((23, 4), ((1, 1), (1, 12))), ((25, 12), ((28, 1),)), ((16, 6), ((1, 1),)), ((13, 6), ((1, 12),)), ((26, 11), ((28, 12),)), ((26, 5), ((1, 1), (1, 12))), ((15, 1), ((1, 12),)), ((15, 10), ((1, 1),)), ((15, 2), ((1, 12),)), ((20, 7), ((1, 1),)), ((28, 11), ((28, 1), (28, 12))), ((25, 1), ((28, 1),))]","[((18, 8), ((1, 1), (1, 12))), ((26, 5), ((28, 1),)), ((28, 8), ((28, 12),)), ((23, 4), ((1, 1), (1, 12))), ((25, 12), ((28, 1),)), ((16, 6), ((1, 1),)), ((13, 6), ((1, 12),)), ((26, 11), ((28, 12),)), ((26, 5), ((1, 1), (1, 12))), ((15, 1), ((1, 12),)), ((15, 10), ((1, 1),)), ((15, 2), ((1, 12),)), ((20, 7), ((1, 1),)), ((28, 11), ((28, 1), (28, 12))), ((25, 1), ((28, 1),))]",543,53,46,99
544,"((18, 8), ((1, 1), (1, 12)))","((17, 8), ((1, 1), (1, 12)))",East,"[((18, 9), ((1, 1), (1, 12))), ((17, 8), ((1, 1), (1, 12)))]","[((18, 8), ((1, 1), (1, 12))), ((26, 5), ((28, 1),)), ((28, 8), ((28, 12),)), ((23, 4), ((1, 1), (1, 12))), ((25, 12), ((28, 1),)), ((16, 6), ((1, 1),)), ((13, 6), ((1, 12),)), ((26, 11), ((28, 12),)), ((26, 5), ((1, 1), (1, 12))), ((15, 1), ((1, 12),)), ((15, 10), ((1, 1),)), ((15, 2), ((1, 12),)), ((20, 7), ((1, 1),)), ((28, 11), ((28, 1), (28, 12))), ((25, 1), ((28, 1),))]","[((28, 8), ((28, 12),)), ((26, 5), ((28, 1),)), ((18, 9), ((1, 1), (1, 12))), ((23, 4), ((1, 1), (1, 12))), ((25, 12), ((28, 1),)), ((16, 6), ((1, 1),)), ((13, 6), ((1, 12),)), ((26, 11), ((28, 12),)), ((26, 5), ((1, 1), (1, 12))), ((15, 1), ((1, 12),)), ((15, 10), ((1, 1),)), ((15, 2), ((1, 12),)), ((20, 7), ((1, 1),)), ((28, 11), ((28, 1), (28, 12))), ((25, 1), ((28, 1),))]",544,74,25,99
545,"((28, 8), ((28, 12),))","((27, 8), ((28, 12),))",East,"[((28, 7), ((28, 12),)), ((27, 8), ((28, 12),))]","[((28, 8), ((28, 12),)), ((26, 5), ((28, 1),)), ((18, 9), ((1, 1), (1, 12))), ((23, 4), ((1, 1), (1, 12))), ((25, 12), ((28, 1),)), ((16, 6), ((1, 1),)), ((13, 6), ((1, 12),)), ((26, 11), ((28, 12),)), ((26, 5), ((1, 1), (1, 12))), ((15, 1), ((1, 12),)), ((15, 10), ((1, 1),)), ((15, 2), ((1, 12),)), ((20, 7), ((1, 1),)), ((28, 11), ((28, 1), (28, 12))), ((25, 1), ((28, 1),))]","[((18, 9), ((1, 1), (1, 12))), ((26, 5), ((28, 1),)), ((28, 7), ((28, 12),)), ((23, 4), ((1, 1), (1, 12))), ((25, 12), ((28, 1),)), ((16, 6), ((1, 1),)), ((13, 6), ((1, 12),)), ((26, 11), ((28, 12),)), ((26, 5), ((1, 1), (1, 12))), ((15, 1), ((1, 12),)), ((15, 10), ((1, 1),)), ((15, 2), ((1, 12),)), ((20, 7), ((1, 1),)), ((28, 11), ((28, 1), (28, 12))), ((25, 1), ((28, 1),))]",545,54,45,99
546,"((18, 9), ((1, 1), (1, 12)))","((18, 8), ((1, 1), (1, 12)))",North,"[((18, 10), ((1, 1), (1, 12))), ((18, 8), ((1, 1), (1, 12)))]","[((18, 9), ((1, 1), (1, 12))), ((26, 5), ((28, 1),)), ((28, 7), ((28, 12),)), ((23, 4), ((1, 1), (1, 12))), ((25, 12), ((28, 1),)), ((16, 6), ((1, 1),)), ((13, 6), ((1, 12),)), ((26, 11), ((28, 12),)), ((26, 5), ((1, 1), (1, 12))), ((15, 1), ((1, 12),)), ((15, 10), ((1, 1),)), ((15, 2), ((1, 12),)), ((20, 7), ((1, 1),)), ((28, 11), ((28, 1), (28, 12))), ((25, 1), ((28, 1),))]","[((28, 7), ((28, 12),)), ((26, 5), ((28, 1),)), ((18, 10), ((1, 1), (1, 12))), ((23, 4), ((1, 1), (1, 12))), ((25, 12), ((28, 1),)), ((16, 6), ((1, 1),)), ((13, 6), ((1, 12),)), ((26, 11), ((28, 12),)), ((26, 5), ((1, 1), (1, 12))), ((15, 1), ((1, 12),)), ((15, 10), ((1, 1),)), ((15, 2), ((1, 12),)), ((20, 7), ((1, 1),)), ((28, 11), ((28, 1), (28, 12))), ((25, 1), ((28, 1),))]",546,75,24,99
547,"((28, 7), ((28, 12),))","((28, 8), ((28, 12),))",South,"[((28, 8), ((28, 12),)), ((28, 6), ((28, 12),))]","[((28, 7), ((28, 12),)), ((26, 5), ((28, 1),)), ((18, 10), ((1, 1), (1, 12))), ((23, 4), ((1, 1), (1, 12))), ((25, 12), ((28, 1),)), ((16, 6), ((1, 1),)), ((13, 6), ((1, 12),)), ((26, 11), ((28, 12),)), ((26, 5), ((1, 1), (1, 12))), ((15, 1), ((1, 12),)), ((15, 10), ((1, 1),)), ((15, 2), ((1, 12),)), ((20, 7), ((1, 1),)), ((28, 11), ((28, 1), (28, 12))), ((25, 1), ((28, 1),))]","[((18, 10), ((1, 1), (1, 12))), ((26, 5), ((28, 1),)), ((28, 6), ((28, 12),)), ((23, 4), ((1, 1), (1, 12))), ((25, 12), ((28, 1),)), ((16, 6), ((1, 1),)), ((13, 6), ((1, 12),)), ((26, 11), ((28, 12),)), ((26, 5), ((1, 1), (1, 12))), ((15, 1), ((1, 12),)), ((15, 10), ((1, 1),)), ((15, 2), ((1, 12),)), ((20, 7), ((1, 1),)), ((28, 11), ((28, 1), (28, 12))), ((25, 1), ((28, 1),))]",547,55,44,99
548,"((18, 10), ((1, 1), (1, 12)))","((18, 9), ((1, 1), (1, 12)))",North,"[((18, 11), ((1, 1), (1, 12))), ((18, 9), ((1, 1), (1, 12))), ((19, 10), ((1, 1), (1, 12)))]","[((18, 10), ((1, 1), (1, 12))), ((26, 5), ((28, 1),)), ((28, 6), ((28, 12),)), ((23, 4), ((1, 1), (1, 12))), ((25, 12), ((28, 1),)), ((16, 6), ((1, 1),)), ((13, 6), ((1, 12),)), ((26, 11), ((28, 12),)), ((26, 5), ((1, 1), (1, 12))), ((15, 1), ((1, 12),)), ((15, 10), ((1, 1),)), ((15, 2), ((1, 12),)), ((20, 7), ((1, 1),)), ((28, 11), ((28, 1), (28, 12))), ((25, 1), ((28, 1),))]","[((28, 6), ((28, 12),)), ((19, 10), ((1, 1), (1, 12))), ((18, 11), ((1, 1), (1, 12))), ((26, 5), ((28, 1),)), ((25, 12), ((28, 1),)), ((16, 6), ((1, 1),)), ((13, 6), ((1, 12),)), ((23, 4), ((1, 1), (1, 12))), ((26, 5), ((1, 1), (1, 12))), ((15, 1), ((1, 12),)), ((15, 10), ((1, 1),)), ((15, 2), ((1, 12),)), ((20, 7), ((1, 1),)), ((28, 11), ((28, 1), (28, 12))), ((25, 1), ((28, 1),)), ((26, 11), ((28, 12),))]",548,76,23,99
549,"((28, 6), ((28, 12),))","((28, 7), ((28, 12),))",South,"[((28, 7), ((28, 12),)), ((28, 5), ((28, 12),)), ((27, 6), ((28, 12),))]","[((28, 6), ((28, 12),)), ((19, 10), ((1, 1), (1, 12))), ((18, 11), ((1, 1), (1, 12))), ((26, 5), ((28, 1),)), ((25, 12), ((28, 1),)), ((16, 6), ((1, 1),)), ((13, 6), ((1, 12),)), ((23, 4), ((1, 1), (1, 12))), ((26, 5), ((1, 1), (1, 12))), ((15, 1), ((1, 12),)), ((15, 10), ((1, 1),)), ((15, 2), ((1, 12),)), ((20, 7), ((1, 1),)), ((28, 11), ((28, 1), (28, 12))), ((25, 1), ((28, 1),)), ((26, 11), ((28, 12),))]","[((18, 11), ((1, 1), (1, 12))), ((19, 10), ((1, 1), (1, 12))), ((13, 6), ((1, 12),)), ((28, 5), ((28, 12),)), ((25, 12), ((28, 1),)), ((16, 6), ((1, 1),)), ((25, 1), ((28, 1),)), ((26, 5), ((28, 1),)), ((26, 5), ((1, 1), (1, 12))), ((15, 1), ((1, 12),)), ((15, 10), ((1, 1),)), ((15, 2), ((1, 12),)), ((20, 7), ((1, 1),)), ((28, 11), ((28, 1), (28, 12))), ((26, 11), ((28, 12),)), ((23, 4), ((1, 1), (1, 12))), ((27, 6), ((28, 12),))]",549,56,43,99
550,"((18, 11), ((1, 1), (1, 12)))","((18, 10), ((1, 1), (1, 12)))",North,"[((18, 12), ((1, 1), (1, 12))), ((18, 10), ((1, 1), (1, 12)))]","[((18, 11), ((1, 1), (1, 12))), ((19, 10), ((1, 1), (1, 12))), ((13, 6), ((1, 12),)), ((28, 5), ((28, 12),)), ((25, 12), ((28, 1),)), ((16, 6), ((1, 1),)), ((25, 1), ((28, 1),)), ((26, 5), ((28, 1),)), ((26, 5), ((1, 1), (1, 12))), ((15, 1), ((1, 12),)), ((15, 10), ((1, 1),)), ((15, 2), ((1, 12),)), ((20, 7), ((1, 1),)), ((28, 11), ((28, 1), (28, 12))), ((26, 11), ((28, 12),)), ((23, 4), ((1, 1), (1, 12))), ((27, 6), ((28, 12),))]","[((19, 10), ((1, 1), (1, 12))), ((28, 5), ((28, 12),)), ((13, 6), ((1, 12),)), ((18, 12), ((1, 1), (1, 12))), ((25, 12), ((28, 1),)), ((16, 6), ((1, 1),)), ((25, 1), ((28, 1),)), ((26, 5), ((28, 1),)), ((26, 5), ((1, 1), (1, 12))), ((15, 1), ((1, 12),)), ((15, 10), ((1, 1),)), ((15, 2), ((1, 12),)), ((20, 7), ((1, 1),)), ((28, 11), ((28, 1), (28, 12))), ((26, 11), ((28, 12),)), ((27, 6), ((28, 12),)), ((23, 4), ((1, 1), (1, 12)))]",550,77,22,99
551,"((19, 10), ((1, 1), (1, 12)))","((18, 10), ((1, 1), (1, 12)))",East,"[((20, 10), ((1, 1), (1, 12))), ((18, 10), ((1, 1), (1, 12)))]","[((19, 10), ((1, 1), (1, 12))), ((28, 5), ((28, 12),)), ((13, 6), ((1, 12),)), ((18, 12), ((1, 1), (1, 12))), ((25, 12), ((28, 1),)), ((16, 6), ((1, 1),)), ((25, 1), ((28, 1),)), ((26, 5), ((28, 1),)), ((26, 5), ((1, 1), (1, 12))), ((15, 1), ((1, 12),)), ((15, 10), ((1, 1),)), ((15, 2), ((1, 12),)), ((20, 7), ((1, 1),)), ((28, 11), ((28, 1), (28, 12))), ((26, 11), ((28, 12),)), ((27, 6), ((28, 12),)), ((23, 4), ((1, 1), (1, 12)))]","[((28, 5), ((28, 12),)), ((18, 12), ((1, 1), (1, 12))), ((13, 6), ((1, 12),)), ((20, 10), ((1, 1), (1, 12))), ((25, 12), ((28, 1),)), ((16, 6), ((1, 1),)), ((25, 1), ((28, 1),)), ((26, 5), ((28, 1),)), ((26, 5), ((1, 1), (1, 12))), ((15, 1), ((1, 12),)), ((15, 10), ((1, 1),)), ((15, 2), ((1, 12),)), ((20, 7), ((1, 1),)), ((28, 11), ((28, 1), (28, 12))), ((26, 11), ((28, 12),)), ((27, 6), ((28, 12),)), ((23, 4), ((1, 1), (1, 12)))]",551,77,22,99
552,"((28, 5), ((28, 12),))","((28, 6), ((28, 12),))",South,"[((28, 6), ((28, 12),)), ((28, 4), ((28, 12),))]","[((28, 5), ((28, 12),)), ((18, 12), ((1, 1), (1, 12))), ((13, 6), ((1, 12),)), ((20, 10), ((1, 1), (1, 12))), ((25, 12), ((28, 1),)), ((16, 6), ((1, 1),)), ((25, 1), ((28, 1),)), ((26, 5), ((28, 1),)), ((26, 5), ((1, 1), (1, 12))), ((15, 1), ((1, 12),)), ((15, 10), ((1, 1),)), ((15, 2), ((1, 12),)), ((20, 7), ((1, 1),)), ((28, 11), ((28, 1), (28, 12))), ((26, 11), ((28, 12),)), ((27, 6), ((28, 12),)), ((23, 4), ((1, 1), (1, 12)))]","[((18, 12), ((1, 1), (1, 12))), ((20, 10), ((1, 1), (1, 12))), ((13, 6), ((1, 12),)), ((28, 4), ((28, 12),)), ((25, 12), ((28, 1),)), ((16, 6), ((1, 1),)), ((25, 1), ((28, 1),)), ((26, 5), ((28, 1),)), ((26, 5), ((1, 1), (1, 12))), ((15, 1), ((1, 12),)), ((15, 10), ((1, 1),)), ((15, 2), ((1, 12),)), ((20, 7), ((1, 1),)), ((28, 11), ((28, 1), (28, 12))), ((26, 11), ((28, 12),)), ((27, 6), ((28, 12),)), ((23, 4), ((1, 1), (1, 12)))]",552,57,42,99
553,"((18, 12), ((1, 1), (1, 12)))","((18, 11), ((1, 1), (1, 12)))",North,"[((18, 11), ((1, 1), (1, 12))), ((19, 12), ((1, 1), (1, 12))), ((17, 12), ((1, 1), (1, 12)))]","[((18, 12), ((1, 1), (1, 12))), ((20, 10), ((1, 1), (1, 12))), ((13, 6), ((1, 12),)), ((28, 4), ((28, 12),)), ((25, 12), ((28, 1),)), ((16, 6), ((1, 1),)), ((25, 1), ((28, 1),)), ((26, 5), ((28, 1),)), ((26, 5), ((1, 1), (1, 12))), ((15, 1), ((1, 12),)), ((15, 10), ((1, 1),)), ((15, 2), ((1, 12),)), ((20, 7), ((1, 1),)), ((28, 11), ((28, 1), (28, 12))), ((26, 11), ((28, 12),)), ((27, 6), ((28, 12),)), ((23, 4), ((1, 1), (1, 12)))]","[((20, 10), ((1, 1), (1, 12))), ((28, 4), ((28, 12),)), ((13, 6), ((1, 12),)), ((19, 12), ((1, 1), (1, 12))), ((25, 12), ((28, 1),)), ((16, 6), ((1, 1),)), ((25, 1), ((28, 1),)), ((26, 5), ((28, 1),)), ((26, 5), ((1, 1), (1, 12))), ((15, 1), ((1, 12),)), ((15, 10), ((1, 1),)), ((15, 2), ((1, 12),)), ((20, 7), ((1, 1),)), ((28, 11), ((28, 1), (28, 12))), ((26, 11), ((28, 12),)), ((27, 6), ((28, 12),)), ((23, 4), ((1, 1), (1, 12))), ((17, 12), ((1, 1), (1, 12)))]",553,78,21,99
554,"((20, 10), ((1, 1), (1, 12)))","((19, 10), ((1, 1), (1, 12)))",East,"[((21, 10), ((1, 1), (1, 12))), ((19, 10), ((1, 1), (1, 12)))]","[((20, 10), ((1, 1), (1, 12))), ((28, 4), ((28, 12),)), ((13, 6), ((1, 12),)), ((19, 12), ((1, 1), (1, 12))), ((25, 12), ((28, 1),)), ((16, 6), ((1, 1),)), ((25, 1), ((28, 1),)), ((26, 5), ((28, 1),)), ((26, 5), ((1, 1), (1, 12))), ((15, 1), ((1, 12),)), ((15, 10), ((1, 1),)), ((15, 2), ((1, 12),)), ((20, 7), ((1, 1),)), ((28, 11), ((28, 1), (28, 12))), ((26, 11), ((28, 12),)), ((27, 6), ((28, 12),)), ((23, 4), ((1, 1), (1, 12))), ((17, 12), ((1, 1), (1, 12)))]","[((28, 4), ((28, 12),)), ((19, 12), ((1, 1), (1, 12))), ((13, 6), ((1, 12),)), ((21, 10), ((1, 1), (1, 12))), ((25, 12), ((28, 1),)), ((16, 6), ((1, 1),)), ((25, 1), ((28, 1),)), ((23, 4), ((1, 1), (1, 12))), ((26, 5), ((28, 1),)), ((15, 1), ((1, 12),)), ((15, 10), ((1, 1),)), ((15, 2), ((1, 12),)), ((20, 7), ((1, 1),)), ((28, 11), ((28, 1), (28, 12))), ((26, 11), ((28, 12),)), ((27, 6), ((28, 12),)), ((17, 12), ((1, 1), (1, 12))), ((26, 5), ((1, 1), (1, 12)))]",554,78,21,99
555,"((28, 4), ((28, 12),))","((28, 5), ((28, 12),))",South,"[((28, 5), ((28, 12),)), ((28, 3), ((28, 12),))]","[((28, 4), ((28, 12),)), ((19, 12), ((1, 1), (1, 12))), ((13, 6), ((1, 12),)), ((21, 10), ((1, 1), (1, 12))), ((25, 12), ((28, 1),)), ((16, 6), ((1, 1),)), ((25, 1), ((28, 1),)), ((23, 4), ((1, 1), (1, 12))), ((26, 5), ((28, 1),)), ((15, 1), ((1, 12),)), ((15, 10), ((1, 1),)), ((15, 2), ((1, 12),)), ((20, 7), ((1, 1),)), ((28, 11), ((28, 1), (28, 12))), ((26, 11), ((28, 12),)), ((27, 6), ((28, 12),)), ((17, 12), ((1, 1), (1, 12))), ((26, 5), ((1, 1), (1, 12)))]","[((19, 12), ((1, 1), (1, 12))), ((21, 10), ((1, 1), (1, 12))), ((13, 6), ((1, 12),)), ((28, 3), ((28, 12),)), ((25, 12), ((28, 1),)), ((16, 6), ((1, 1),)), ((25, 1), ((28, 1),)), ((23, 4), ((1, 1), (1, 12))), ((26, 5), ((28, 1),)), ((15, 1), ((1, 12),)), ((15, 10), ((1, 1),)), ((15, 2), ((1, 12),)), ((20, 7), ((1, 1),)), ((28, 11), ((28, 1), (28, 12))), ((26, 11), ((28, 12),)), ((27, 6), ((28, 12),)), ((17, 12), ((1, 1), (1, 12))), ((26, 5), ((1, 1), (1, 12)))]",555,58,41,99
556,"((19, 12), ((1, 1), (1, 12)))","((18, 12), ((1, 1), (1, 12)))",East,"[((20, 12), ((1, 1), (1, 12))), ((18, 12), ((1, 1), (1, 12)))]","[((19, 12), ((1, 1), (1, 12))), ((21, 10), ((1, 1), (1, 12))), ((13, 6), ((1, 12),)), ((28, 3), ((28, 12),)), ((25, 12), ((28, 1),)), ((16, 6), ((1, 1),)), ((25, 1), ((28, 1),)), ((23, 4), ((1, 1), (1, 12))), ((26, 5), ((28, 1),)), ((15, 1), ((1, 12),)), ((15, 10), ((1, 1),)), ((15, 2), ((1, 12),)), ((20, 7), ((1, 1),)), ((28, 11), ((28, 1), (28, 12))), ((26, 11), ((28, 12),)), ((27, 6), ((28, 12),)), ((17, 12), ((1, 1), (1, 12))), ((26, 5), ((1, 1), (1, 12)))]","[((21, 10), ((1, 1), (1, 12))), ((28, 3), ((28, 12),)), ((13, 6), ((1, 12),)), ((20, 12), ((1, 1), (1, 12))), ((25, 12), ((28, 1),)), ((16, 6), ((1, 1),)), ((25, 1), ((28, 1),)), ((23, 4), ((1, 1), (1, 12))), ((26, 5), ((28, 1),)), ((15, 1), ((1, 12),)), ((15, 10), ((1, 1),)), ((15, 2), ((1, 12),)), ((20, 7), ((1, 1),)), ((28, 11), ((28, 1), (28, 12))), ((26, 11), ((28, 12),)), ((27, 6), ((28, 12),)), ((17, 12), ((1, 1), (1, 12))), ((26, 5), ((1, 1), (1, 12)))]",556,79,20,99
557,"((21, 10), ((1, 1), (1, 12)))","((20, 10), ((1, 1), (1, 12)))",East,"[((22, 10), ((1, 1), (1, 12))), ((20, 10), ((1, 1), (1, 12)))]","[((21, 10), ((1, 1), (1, 12))), ((28, 3), ((28, 12),)), ((13, 6), ((1, 12),)), ((20, 12), ((1, 1), (1, 12))), ((25, 12), ((28, 1),)), ((16, 6), ((1, 1),)), ((25, 1), ((28, 1),)), ((23, 4), ((1, 1), (1, 12))), ((26, 5), ((28, 1),)), ((15, 1), ((1, 12),)), ((15, 10), ((1, 1),)), ((15, 2), ((1, 12),)), ((20, 7), ((1, 1),)), ((28, 11), ((28, 1), (28, 12))), ((26, 11), ((28, 12),)), ((27, 6), ((28, 12),)), ((17, 12), ((1, 1), (1, 12))), ((26, 5), ((1, 1), (1, 12)))]","[((28, 3), ((28, 12),)), ((20, 12), ((1, 1), (1, 12))), ((13, 6), ((1, 12),)), ((22, 10), ((1, 1), (1, 12))), ((25, 12), ((28, 1),)), ((16, 6), ((1, 1),)), ((25, 1), ((28, 1),)), ((23, 4), ((1, 1), (1, 12))), ((26, 5), ((28, 1),)), ((15, 1), ((1, 12),)), ((15, 10), ((1, 1),)), ((15, 2), ((1, 12),)), ((20, 7), ((1, 1),)), ((28, 11), ((28, 1), (28, 12))), ((26, 11), ((28, 12),)), ((27, 6), ((28, 12),)), ((17, 12), ((1, 1), (1, 12))), ((26, 5), ((1, 1), (1, 12)))]",557,79,20,99
558,"((28, 3), ((28, 12),))","((28, 4), ((28, 12),))",South,"[((28, 4), ((28, 12),)), ((28, 2), ((28, 12),))]","[((28, 3), ((28, 12),)), ((20, 12), ((1, 1), (1, 12))), ((13, 6), ((1, 12),)), ((22, 10), ((1, 1), (1, 12))), ((25, 12), ((28, 1),)), ((16, 6), ((1, 1),)), ((25, 1), ((28, 1),)), ((23, 4), ((1, 1), (1, 12))), ((26, 5), ((28, 1),)), ((15, 1), ((1, 12),)), ((15, 10), ((1, 1),)), ((15, 2), ((1, 12),)), ((20, 7), ((1, 1),)), ((28, 11), ((28, 1), (28, 12))), ((26, 11), ((28, 12),)), ((27, 6), ((28, 12),)), ((17, 12), ((1, 1), (1, 12))), ((26, 5), ((1, 1), (1, 12)))]","[((20, 12), ((1, 1), (1, 12))), ((22, 10), ((1, 1), (1, 12))), ((13, 6), ((1, 12),)), ((28, 2), ((28, 12),)), ((25, 12), ((28, 1),)), ((16, 6), ((1, 1),)), ((25, 1), ((28, 1),)), ((23, 4), ((1, 1), (1, 12))), ((26, 5), ((28, 1),)), ((15, 1), ((1, 12),)), ((15, 10), ((1, 1),)), ((15, 2), ((1, 12),)), ((20, 7), ((1, 1),)), ((28, 11), ((28, 1), (28, 12))), ((26, 11), ((28, 12),)), ((27, 6), ((28, 12),)), ((17, 12), ((1, 1), (1, 12))), ((26, 5), ((1, 1), (1, 12)))]",558,59,40,99
559,"((20, 12), ((1, 1), (1, 12)))","((19, 12), ((1, 1), (1, 12)))",East,"[((21, 12), ((1, 1), (1, 12))), ((19, 12), ((1, 1), (1, 12)))]","[((20, 12), ((1, 1), (1, 12))), ((22, 10), ((1, 1), (1, 12))), ((13, 6), ((1, 12),)), ((28, 2), ((28, 12),)), ((25, 12), ((28, 1),)), ((16, 6), ((1, 1),)), ((25, 1), ((28, 1),)), ((23, 4), ((1, 1), (1, 12))), ((26, 5), ((28, 1),)), ((15, 1), ((1, 12),)), ((15, 10), ((1, 1),)), ((15, 2), ((1, 12),)), ((20, 7), ((1, 1),)), ((28, 11), ((28, 1), (28, 12))), ((26, 11), ((28, 12),)), ((27, 6), ((28, 12),)), ((17, 12), ((1, 1), (1, 12))), ((26, 5), ((1, 1), (1, 12)))]","[((22, 10), ((1, 1), (1, 12))), ((28, 2), ((28, 12),)), ((13, 6), ((1, 12),)), ((21, 12), ((1, 1), (1, 12))), ((25, 12), ((28, 1),)), ((16, 6), ((1, 1),)), ((25, 1), ((28, 1),)), ((23, 4), ((1, 1), (1, 12))), ((26, 5), ((28, 1),)), ((15, 1), ((1, 12),)), ((15, 10), ((1, 1),)), ((15, 2), ((1, 12),)), ((20, 7), ((1, 1),)), ((28, 11), ((28, 1), (28, 12))), ((26, 11), ((28, 12),)), ((27, 6), ((28, 12),)), ((17, 12), ((1, 1), (1, 12))), ((26, 5), ((1, 1), (1, 12)))]",559,80,19,99
560,"((22, 10), ((1, 1), (1, 12)))","((21, 10), ((1, 1), (1, 12)))",East,"[((21, 10), ((1, 1), (1, 12)))]","[((22, 10), ((1, 1), (1, 12))), ((28, 2), ((28, 12),)), ((13, 6), ((1, 12),)), ((21, 12), ((1, 1), (1, 12))), ((25, 12), ((28, 1),)), ((16, 6), ((1, 1),)), ((25, 1), ((28, 1),)), ((23, 4), ((1, 1), (1, 12))), ((26, 5), ((28, 1),)), ((15, 1), ((1, 12),)), ((15, 10), ((1, 1),)), ((15, 2), ((1, 12),)), ((20, 7), ((1, 1),)), ((28, 11), ((28, 1), (28, 12))), ((26, 11), ((28, 12),)), ((27, 6), ((28, 12),)), ((17, 12), ((1, 1), (1, 12))), ((26, 5), ((1, 1), (1, 12)))]","[((28, 2), ((28, 12),)), ((21, 12), ((1, 1), (1, 12))), ((13, 6), ((1, 12),)), ((26, 5), ((28, 1),)), ((25, 12), ((28, 1),)), ((16, 6), ((1, 1),)), ((25, 1), ((28, 1),)), ((23, 4), ((1, 1), (1, 12))), ((26, 5), ((1, 1), (1, 12))), ((15, 1), ((1, 12),)), ((15, 10), ((1, 1),)), ((15, 2), ((1, 12),)), ((20, 7), ((1, 1),)), ((28, 11), ((28, 1), (28, 12))), ((26, 11), ((28, 12),)), ((27, 6), ((28, 12),)), ((17, 12), ((1, 1), (1, 12)))]",560,80,19,99
561,"((28, 2), ((28, 12),))","((28, 3), ((28, 12),))",South,"[((28, 3), ((28, 12),)), ((28, 1), ((28, 1), (28, 12)))]","[((28, 2), ((28, 12),)), ((21, 12), ((1, 1), (1, 12))), ((13, 6), ((1, 12),)), ((26, 5), ((28, 1),)), ((25, 12), ((28, 1),)), ((16, 6), ((1, 1),)), ((25, 1), ((28, 1),)), ((23, 4), ((1, 1), (1, 12))), ((26, 5), ((1, 1), (1, 12))), ((15, 1), ((1, 12),)), ((15, 10), ((1, 1),)), ((15, 2), ((1, 12),)), ((20, 7), ((1, 1),)), ((28, 11), ((28, 1), (28, 12))), ((26, 11), ((28, 12),)), ((27, 6), ((28, 12),)), ((17, 12), ((1, 1), (1, 12)))]","[((21, 12), ((1, 1), (1, 12))), ((28, 1), ((28, 1), (28, 12))), ((13, 6), ((1, 12),)), ((26, 5), ((28, 1),)), ((25, 12), ((28, 1),)), ((16, 6), ((1, 1),)), ((25, 1), ((28, 1),)), ((23, 4), ((1, 1), (1, 12))), ((26, 5), ((1, 1), (1, 12))), ((15, 1), ((1, 12),)), ((15, 10), ((1, 1),)), ((15, 2), ((1, 12),)), ((20, 7), ((1, 1),)), ((28, 11), ((28, 1), (28, 12))), ((26, 11), ((28, 12),)), ((17, 12), ((1, 1), (1, 12))), ((27, 6), ((28, 12),))]",561,60,39,99
562,"((21, 12), ((1, 1), (1, 12)))","((20, 12), ((1, 1), (1, 12)))",East,"[((22, 12), ((1, 1), (1, 12))), ((20, 12), ((1, 1), (1, 12)))]","[((21, 12), ((1, 1), (1, 12))), ((28, 1), ((28, 1), (28, 12))), ((13, 6), ((1, 12),)), ((26, 5), ((28, 1),)), ((25, 12), ((28, 1),)), ((16, 6), ((1, 1),)), ((25, 1), ((28, 1),)), ((23, 4), ((1, 1), (1, 12))), ((26, 5), ((1, 1), (1, 12))), ((15, 1), ((1, 12),)), ((15, 10), ((1, 1),)), ((15, 2), ((1, 12),)), ((20, 7), ((1, 1),)), ((28, 11), ((28, 1), (28, 12))), ((26, 11), ((28, 12),)), ((17, 12), ((1, 1), (1, 12))), ((27, 6), ((28, 12),))]","[((28, 1), ((28, 1), (28, 12))), ((22, 12), ((1, 1), (1, 12))), ((13, 6), ((1, 12),)), ((26, 5), ((28, 1),)), ((25, 12), ((28, 1),)), ((16, 6), ((1, 1),)), ((25, 1), ((28, 1),)), ((23, 4), ((1, 1), (1, 12))), ((26, 5), ((1, 1), (1, 12))), ((15, 1), ((1, 12),)), ((15, 10), ((1, 1),)), ((15, 2), ((1, 12),)), ((20, 7), ((1, 1),)), ((28, 11), ((28, 1), (28, 12))), ((26, 11), ((28, 12),)), ((17, 12), ((1, 1), (1, 12))), ((27, 6), ((28, 12),))]",562,81,18,99
563,"((28, 1), ((28, 1), (28, 12)))","((28, 2), ((28, 12),))",South,"[((28, 2), ((28, 1), (28, 12))), ((27, 1), ((28, 1), (28, 12)))]","[((28, 1), ((28, 1), (28, 12))), ((22, 12), ((1, 1), (1, 12))), ((13, 6), ((1, 12),)), ((26, 5), ((28, 1),)), ((25, 12), ((28, 1),)), ((16, 6), ((1, 1),)), ((25, 1), ((28, 1),)), ((23, 4), ((1, 1), (1, 12))), ((26, 5), ((1, 1), (1, 12))), ((15, 1), ((1, 12),)), ((15, 10), ((1, 1),)), ((15, 2), ((1, 12),)), ((20, 7), ((1, 1),)), ((28, 11), ((28, 1), (28, 12))), ((26, 11), ((28, 12),)), ((17, 12), ((1, 1), (1, 12))), ((27, 6), ((28, 12),))]","[((22, 12), ((1, 1), (1, 12))), ((27, 1), ((28, 1), (28, 12))), ((13, 6), ((1, 12),)), ((26, 5), ((28, 1),)), ((25, 12), ((28, 1),)), ((16, 6), ((1, 1),)), ((25, 1), ((28, 1),)), ((27, 6), ((28, 12),)), ((23, 4), ((1, 1), (1, 12))), ((15, 1), ((1, 12),)), ((15, 10), ((1, 1),)), ((15, 2), ((1, 12),)), ((20, 7), ((1, 1),)), ((28, 11), ((28, 1), (28, 12))), ((26, 11), ((28, 12),)), ((17, 12), ((1, 1), (1, 12))), ((28, 2), ((28, 1), (28, 12))), ((26, 5), ((1, 1), (1, 12)))]",563,61,38,99
564,"((22, 12), ((1, 1), (1, 12)))","((21, 12), ((1, 1), (1, 12)))",East,"[((23, 12), ((1, 1), (1, 12))), ((21, 12), ((1, 1), (1, 12)))]","[((22, 12), ((1, 1), (1, 12))), ((27, 1), ((28, 1), (28, 12))), ((13, 6), ((1, 12),)), ((26, 5), ((28, 1),)), ((25, 12), ((28, 1),)), ((16, 6), ((1, 1),)), ((25, 1), ((28, 1),)), ((27, 6), ((28, 12),)), ((23, 4), ((1, 1), (1, 12))), ((15, 1), ((1, 12),)), ((15, 10), ((1, 1),)), ((15, 2), ((1, 12),)), ((20, 7), ((1, 1),)), ((28, 11), ((28, 1), (28, 12))), ((26, 11), ((28, 12),)), ((17, 12), ((1, 1), (1, 12))), ((28, 2), ((28, 1), (28, 12))), ((26, 5), ((1, 1), (1, 12)))]","[((27, 1), ((28, 1), (28, 12))), ((23, 12), ((1, 1), (1, 12))), ((13, 6), ((1, 12),)), ((26, 5), ((28, 1),)), ((25, 12), ((28, 1),)), ((16, 6), ((1, 1),)), ((25, 1), ((28, 1),)), ((27, 6), ((28, 12),)), ((23, 4), ((1, 1), (1, 12))), ((15, 1), ((1, 12),)), ((15, 10), ((1, 1),)), ((15, 2), ((1, 12),)), ((20, 7), ((1, 1),)), ((28, 11), ((28, 1), (28, 12))), ((26, 11), ((28, 12),)), ((17, 12), ((1, 1), (1, 12))), ((28, 2), ((28, 1), (28, 12))), ((26, 5), ((1, 1), (1, 12)))]",564,82,17,99
565,"((27, 1), ((28, 1), (28, 12)))","((28, 1), ((28, 1), (28, 12)))",West,"[((28, 1), ((28, 1), (28, 12))), ((26, 1), ((28, 1), (28, 12)))]","[((27, 1), ((28, 1), (28, 12))), ((23, 12), ((1, 1), (1, 12))), ((13, 6), ((1, 12),)), ((26, 5), ((28, 1),)), ((25, 12), ((28, 1),)), ((16, 6), ((1, 1),)), ((25, 1), ((28, 1),)), ((27, 6), ((28, 12),)), ((23, 4), ((1, 1), (1, 12))), ((15, 1), ((1, 12),)), ((15, 10), ((1, 1),)), ((15, 2), ((1, 12),)), ((20, 7), ((1, 1),)), ((28, 11), ((28, 1), (28, 12))), ((26, 11), ((28, 12),)), ((17, 12), ((1, 1), (1, 12))), ((28, 2), ((28, 1), (28, 12))), ((26, 5), ((1, 1), (1, 12)))]","[((23, 12), ((1, 1), (1, 12))), ((26, 1), ((28, 1), (28, 12))), ((13, 6), ((1, 12),)), ((26, 5), ((28, 1),)), ((25, 12), ((28, 1),)), ((16, 6), ((1, 1),)), ((25, 1), ((28, 1),)), ((27, 6), ((28, 12),)), ((23, 4), ((1, 1), (1, 12))), ((15, 1), ((1, 12),)), ((15, 10), ((1, 1),)), ((15, 2), ((1, 12),)), ((20, 7), ((1, 1),)), ((28, 11), ((28, 1), (28, 12))), ((26, 11), ((28, 12),)), ((17, 12), ((1, 1), (1, 12))), ((28, 2), ((28, 1), (28, 12))), ((26, 5), ((1, 1), (1, 12)))]",565,62,37,99
566,"((23, 12), ((1, 1), (1, 12)))","((22, 12), ((1, 1), (1, 12)))",East,"[((24, 12), ((1, 1), (1, 12))), ((22, 12), ((1, 1), (1, 12)))]","[((23, 12), ((1, 1), (1, 12))), ((26, 1), ((28, 1), (28, 12))), ((13, 6), ((1, 12),)), ((26, 5), ((28, 1),)), ((25, 12), ((28, 1),)), ((16, 6), ((1, 1),)), ((25, 1), ((28, 1),)), ((27, 6), ((28, 12),)), ((23, 4), ((1, 1), (1, 12))), ((15, 1), ((1, 12),)), ((15, 10), ((1, 1),)), ((15, 2), ((1, 12),)), ((20, 7), ((1, 1),)), ((28, 11), ((28, 1), (28, 12))), ((26, 11), ((28, 12),)), ((17, 12), ((1, 1), (1, 12))), ((28, 2), ((28, 1), (28, 12))), ((26, 5), ((1, 1), (1, 12)))]","[((26, 1), ((28, 1), (28, 12))), ((24, 12), ((1, 1), (1, 12))), ((13, 6), ((1, 12),)), ((26, 5), ((28, 1),)), ((25, 12), ((28, 1),)), ((16, 6), ((1, 1),)), ((25, 1), ((28, 1),)), ((27, 6), ((28, 12),)), ((23, 4), ((1, 1), (1, 12))), ((15, 1), ((1, 12),)), ((15, 10), ((1, 1),)), ((15, 2), ((1, 12),)), ((20, 7), ((1, 1),)), ((28, 11), ((28, 1), (28, 12))), ((26, 11), ((28, 12),)), ((17, 12), ((1, 1), (1, 12))), ((28, 2), ((28, 1), (28, 12))), ((26, 5), ((1, 1), (1, 12)))]",566,83,16,99
567,"((26, 1), ((28, 1), (28, 12)))","((27, 1), ((28, 1), (28, 12)))",West,"[((27, 1), ((28, 1), (28, 12))), ((25, 1), ((28, 1), (28, 12)))]","[((26, 1), ((28, 1), (28, 12))), ((24, 12), ((1, 1), (1, 12))), ((13, 6), ((1, 12),)), ((26, 5), ((28, 1),)), ((25, 12), ((28, 1),)), ((16, 6), ((1, 1),)), ((25, 1), ((28, 1),)), ((27, 6), ((28, 12),)), ((23, 4), ((1, 1), (1, 12))), ((15, 1), ((1, 12),)), ((15, 10), ((1, 1),)), ((15, 2), ((1, 12),)), ((20, 7), ((1, 1),)), ((28, 11), ((28, 1), (28, 12))), ((26, 11), ((28, 12),)), ((17, 12), ((1, 1), (1, 12))), ((28, 2), ((28, 1), (28, 12))), ((26, 5), ((1, 1), (1, 12)))]","[((24, 12), ((1, 1), (1, 12))), ((25, 1), ((28, 1), (28, 12))), ((13, 6), ((1, 12),)), ((26, 5), ((28, 1),)), ((25, 12), ((28, 1),)), ((16, 6), ((1, 1),)), ((25, 1), ((28, 1),)), ((27, 6), ((28, 12),)), ((23, 4), ((1, 1), (1, 12))), ((15, 1), ((1, 12),)), ((15, 10), ((1, 1),)), ((15, 2), ((1, 12),)), ((20, 7), ((1, 1),)), ((28, 11), ((28, 1), (28, 12))), ((26, 11), ((28, 12),)), ((17, 12), ((1, 1), (1, 12))), ((28, 2), ((28, 1), (28, 12))), ((26, 5), ((1, 1), (1, 12)))]",567,63,36,99
568,"((24, 12), ((1, 1), (1, 12)))","((23, 12), ((1, 1), (1, 12)))",East,"[((25, 12), ((1, 1), (1, 12))), ((23, 12), ((1, 1), (1, 12)))]","[((24, 12), ((1, 1), (1, 12))), ((25, 1), ((28, 1), (28, 12))), ((13, 6), ((1, 12),)), ((26, 5), ((28, 1),)), ((25, 12), ((28, 1),)), ((16, 6), ((1, 1),)), ((25, 1), ((28, 1),)), ((27, 6), ((28, 12),)), ((23, 4), ((1, 1), (1, 12))), ((15, 1), ((1, 12),)), ((15, 10), ((1, 1),)), ((15, 2), ((1, 12),)), ((20, 7), ((1, 1),)), ((28, 11), ((28, 1), (28, 12))), ((26, 11), ((28, 12),)), ((17, 12), ((1, 1), (1, 12))), ((28, 2), ((28, 1), (28, 12))), ((26, 5), ((1, 1), (1, 12)))]","[((25, 1), ((28, 1), (28, 12))), ((25, 12), ((1, 1), (1, 12))), ((13, 6), ((1, 12),)), ((26, 5), ((28, 1),)), ((25, 12), ((28, 1),)), ((16, 6), ((1, 1),)), ((25, 1), ((28, 1),)), ((27, 6), ((28, 12),)), ((23, 4), ((1, 1), (1, 12))), ((15, 1), ((1, 12),)), ((15, 10), ((1, 1),)), ((15, 2), ((1, 12),)), ((20, 7), ((1, 1),)), ((28, 11), ((28, 1), (28, 12))), ((26, 11), ((28, 12),)), ((17, 12), ((1, 1), (1, 12))), ((28, 2), ((28, 1), (28, 12))), ((26, 5), ((1, 1), (1, 12)))]",568,84,15,99
569,"((25, 1), ((28, 1), (28, 12)))","((26, 1), ((28, 1), (28, 12)))",West,"[((26, 1), ((28, 1), (28, 12))), ((24, 1), ((28, 1), (28, 12)))]","[((25, 1), ((28, 1), (28, 12))), ((25, 12), ((1, 1), (1, 12))), ((13, 6), ((1, 12),)), ((26, 5), ((28, 1),)), ((25, 12), ((28, 1),)), ((16, 6), ((1, 1),)), ((25, 1), ((28, 1),)), ((27, 6), ((28, 12),)), ((23, 4), ((1, 1), (1, 12))), ((15, 1), ((1, 12),)), ((15, 10), ((1, 1),)), ((15, 2), ((1, 12),)), ((20, 7), ((1, 1),)), ((28, 11), ((28, 1), (28, 12))), ((26, 11), ((28, 12),)), ((17, 12), ((1, 1), (1, 12))), ((28, 2), ((28, 1), (28, 12))), ((26, 5), ((1, 1), (1, 12)))]","[((25, 12), ((1, 1), (1, 12))), ((24, 1), ((28, 1), (28, 12))), ((13, 6), ((1, 12),)), ((26, 5), ((28, 1),)), ((25, 12), ((28, 1),)), ((16, 6), ((1, 1),)), ((25, 1), ((28, 1),)), ((27, 6), ((28, 12),)), ((23, 4), ((1, 1), (1, 12))), ((15, 1), ((1, 12),)), ((15, 10), ((1, 1),)), ((15, 2), ((1, 12),)), ((20, 7), ((1, 1),)), ((28, 11), ((28, 1), (28, 12))), ((26, 11), ((28, 12),)), ((17, 12), ((1, 1), (1, 12))), ((28, 2), ((28, 1), (28, 12))), ((26, 5), ((1, 1), (1, 12)))]",569,64,35,99
570,"((25, 12), ((1, 1), (1, 12)))","((24, 12), ((1, 1), (1, 12)))",East,"[((26, 12), ((1, 1), (1, 12))), ((24, 12), ((1, 1), (1, 12)))]","[((25, 12), ((1, 1), (1, 12))), ((24, 1), ((28, 1), (28, 12))), ((13, 6), ((1, 12),)), ((26, 5), ((28, 1),)), ((25, 12), ((28, 1),)), ((16, 6), ((1, 1),)), ((25, 1), ((28, 1),)), ((27, 6), ((28, 12),)), ((23, 4), ((1, 1), (1, 12))), ((15, 1), ((1, 12),)), ((15, 10), ((1, 1),)), ((15, 2), ((1, 12),)), ((20, 7), ((1, 1),)), ((28, 11), ((28, 1), (28, 12))), ((26, 11), ((28, 12),)), ((17, 12), ((1, 1), (1, 12))), ((28, 2), ((28, 1), (28, 12))), ((26, 5), ((1, 1), (1, 12)))]","[((24, 1), ((28, 1), (28, 12))), ((26, 12), ((1, 1), (1, 12))), ((13, 6), ((1, 12),)), ((26, 5), ((28, 1),)), ((25, 12), ((28, 1),)), ((16, 6), ((1, 1),)), ((25, 1), ((28, 1),)), ((27, 6), ((28, 12),)), ((23, 4), ((1, 1), (1, 12))), ((15, 1), ((1, 12),)), ((15, 10), ((1, 1),)), ((15, 2), ((1, 12),)), ((20, 7), ((1, 1),)), ((28, 11), ((28, 1), (28, 12))), ((26, 11), ((28, 12),)), ((17, 12), ((1, 1), (1, 12))), ((28, 2), ((28, 1), (28, 12))), ((26, 5), ((1, 1), (1, 12)))]",570,85,14,99
571,"((24, 1), ((28, 1), (28, 12)))","((25, 1), ((28, 1), (28, 12)))",West,"[((24, 2), ((28, 1), (28, 12))), ((25, 1), ((28, 1), (28, 12)))]","[((24, 1), ((28, 1), (28, 12))), ((26, 12), ((1, 1), (1, 12))), ((13, 6), ((1, 12),)), ((26, 5), ((28, 1),)), ((25, 12), ((28, 1),)), ((16, 6), ((1, 1),)), ((25, 1), ((28, 1),)), ((27, 6), ((28, 12),)), ((23, 4), ((1, 1), (1, 12))), ((15, 1), ((1, 12),)), ((15, 10), ((1, 1),)), ((15, 2), ((1, 12),)), ((20, 7), ((1, 1),)), ((28, 11), ((28, 1), (28, 12))), ((26, 11), ((28, 12),)), ((17, 12), ((1, 1), (1, 12))), ((28, 2), ((28, 1), (28, 12))), ((26, 5), ((1, 1), (1, 12)))]","[((26, 12), ((1, 1), (1, 12))), ((26, 5), ((28, 1),)), ((13, 6), ((1, 12),)), ((23, 4), ((1, 1), (1, 12))), ((25, 12), ((28, 1),)), ((16, 6), ((1, 1),)), ((25, 1), ((28, 1),)), ((27, 6), ((28, 12),)), ((26, 5), ((1, 1), (1, 12))), ((15, 1), ((1, 12),)), ((15, 10), ((1, 1),)), ((15, 2), ((1, 12),)), ((20, 7), ((1, 1),)), ((28, 11), ((28, 1), (28, 12))), ((26, 11), ((28, 12),)), ((17, 12), ((1, 1), (1, 12))), ((28, 2), ((28, 1), (28, 12))), ((24, 2), ((28, 1), (28, 12)))]",571,65,34,99
572,"((26, 12), ((1, 1), (1, 12)))","((25, 12), ((1, 1), (1, 12)))",East,"[((26, 11), ((1, 1), (1, 12))), ((25, 12), ((1, 1), (1, 12)))]","[((26, 12), ((1, 1), (1, 12))), ((26, 5), ((28, 1),)), ((13, 6), ((1, 12),)), ((23, 4), ((1, 1), (1, 12))), ((25, 12), ((28, 1),)), ((16, 6), ((1, 1),)), ((25, 1), ((28, 1),)), ((27, 6), ((28, 12),)), ((26, 5), ((1, 1), (1, 12))), ((15, 1), ((1, 12),)), ((15, 10), ((1, 1),)), ((15, 2), ((1, 12),)), ((20, 7), ((1, 1),)), ((28, 11), ((28, 1), (28, 12))), ((26, 11), ((28, 12),)), ((17, 12), ((1, 1), (1, 12))), ((28, 2), ((28, 1), (28, 12))), ((24, 2), ((28, 1), (28, 12)))]","[((13, 6), ((1, 12),)), ((26, 5), ((28, 1),)), ((25, 1), ((28, 1),)), ((23, 4), ((1, 1), (1, 12))), ((25, 12), ((28, 1),)), ((16, 6), ((1, 1),)), ((28, 11), ((28, 1), (28, 12))), ((27, 6), ((28, 12),)), ((26, 5), ((1, 1), (1, 12))), ((15, 1), ((1, 12),)), ((15, 10), ((1, 1),)), ((15, 2), ((1, 12),)), ((20, 7), ((1, 1),)), ((24, 2), ((28, 1), (28, 12))), ((26, 11), ((28, 12),)), ((17, 12), ((1, 1), (1, 12))), ((28, 2), ((28, 1), (28, 12))), ((26, 11), ((1, 1), (1, 12)))]",572,86,13,99
573,"((13, 6), ((1, 12),))","((13, 5), ((1, 12),))",North,"[((13, 5), ((1, 12),)), ((12, 6), ((1, 12),))]","[((13, 6), ((1, 12),)), ((26, 5), ((28, 1),)), ((25, 1), ((28, 1),)), ((23, 4), ((1, 1), (1, 12))), ((25, 12), ((28, 1),)), ((16, 6), ((1, 1),)), ((28, 11), ((28, 1), (28, 12))), ((27, 6), ((28, 12),)), ((26, 5), ((1, 1), (1, 12))), ((15, 1), ((1, 12),)), ((15, 10), ((1, 1),)), ((15, 2), ((1, 12),)), ((20, 7), ((1, 1),)), ((24, 2), ((28, 1), (28, 12))), ((26, 11), ((28, 12),)), ((17, 12), ((1, 1), (1, 12))), ((28, 2), ((28, 1), (28, 12))), ((26, 11), ((1, 1), (1, 12)))]","[((25, 1), ((28, 1),)), ((26, 5), ((28, 1),)), ((28, 11), ((28, 1), (28, 12))), ((23, 4), ((1, 1), (1, 12))), ((25, 12), ((28, 1),)), ((16, 6), ((1, 1),)), ((26, 11), ((28, 12),)), ((27, 6), ((28, 12),)), ((26, 5), ((1, 1), (1, 12))), ((15, 1), ((1, 12),)), ((15, 10), ((1, 1),)), ((15, 2), ((1, 12),)), ((20, 7), ((1, 1),)), ((24, 2), ((28, 1), (28, 12))), ((26, 11), ((1, 1), (1, 12))), ((17, 12), ((1, 1), (1, 12))), ((28, 2), ((28, 1), (28, 12))), ((12, 6), ((1, 12),))]",573,45,55,100
574,"((25, 1), ((28, 1),))","((26, 1), ((28, 1),))",West,"[((26, 1), ((28, 1),)), ((24, 1), ((28, 1),))]","[((25, 1), ((28, 1),)), ((26, 5), ((28, 1),)), ((28, 11), ((28, 1), (28, 12))), ((23, 4), ((1, 1), (1, 12))), ((25, 12), ((28, 1),)), ((16, 6), ((1, 1),)), ((26, 11), ((28, 12),)), ((27, 6), ((28, 12),)), ((26, 5), ((1, 1), (1, 12))), ((15, 1), ((1, 12),)), ((15, 10), ((1, 1),)), ((15, 2), ((1, 12),)), ((20, 7), ((1, 1),)), ((24, 2), ((28, 1), (28, 12))), ((26, 11), ((1, 1), (1, 12))), ((17, 12), ((1, 1), (1, 12))), ((28, 2), ((28, 1), (28, 12))), ((12, 6), ((1, 12),))]","[((26, 5), ((28, 1),)), ((23, 4), ((1, 1), (1, 12))), ((28, 11), ((28, 1), (28, 12))), ((26, 5), ((1, 1), (1, 12))), ((25, 12), ((28, 1),)), ((16, 6), ((1, 1),)), ((26, 11), ((28, 12),)), ((27, 6), ((28, 12),)), ((12, 6), ((1, 12),)), ((15, 1), ((1, 12),)), ((15, 10), ((1, 1),)), ((15, 2), ((1, 12),)), ((20, 7), ((1, 1),)), ((24, 2), ((28, 1), (28, 12))), ((26, 11), ((1, 1), (1, 12))), ((17, 12), ((1, 1), (1, 12))), ((28, 2), ((28, 1), (28, 12))), ((24, 1), ((28, 1),))]",574,48,52,100
575,"((26, 5), ((28, 1),))","((26, 6), ((28, 1),))",South,"[((26, 6), ((28, 1),)), ((26, 4), ((28, 1),))]","[((26, 5), ((28, 1),)), ((23, 4), ((1, 1), (1, 12))), ((28, 11), ((28, 1), (28, 12))), ((26, 5), ((1, 1), (1, 12))), ((25, 12), ((28, 1),)), ((16, 6), ((1, 1),)), ((26, 11), ((28, 12),)), ((27, 6), ((28, 12),)), ((12, 6), ((1, 12),)), ((15, 1), ((1, 12),)), ((15, 10), ((1, 1),)), ((15, 2), ((1, 12),)), ((20, 7), ((1, 1),)), ((24, 2), ((28, 1), (28, 12))), ((26, 11), ((1, 1), (1, 12))), ((17, 12), ((1, 1), (1, 12))), ((28, 2), ((28, 1), (28, 12))), ((24, 1), ((28, 1),))]","[((23, 4), ((1, 1), (1, 12))), ((25, 12), ((28, 1),)), ((28, 11), ((28, 1), (28, 12))), ((26, 5), ((1, 1), (1, 12))), ((24, 1), ((28, 1),)), ((16, 6), ((1, 1),)), ((26, 11), ((28, 12),)), ((27, 6), ((28, 12),)), ((12, 6), ((1, 12),)), ((15, 1), ((1, 12),)), ((15, 10), ((1, 1),)), ((15, 2), ((1, 12),)), ((20, 7), ((1, 1),)), ((24, 2), ((28, 1), (28, 12))), ((26, 11), ((1, 1), (1, 12))), ((17, 12), ((1, 1), (1, 12))), ((28, 2), ((28, 1), (28, 12))), ((26, 4), ((28, 1),))]",575,53,47,100
576,"((23, 4), ((1, 1), (1, 12)))","((24, 4), ((1, 1), (1, 12)))",West,"[((24, 4), ((1, 1), (1, 12))), ((22, 4), ((1, 1), (1, 12)))]","[((23, 4), ((1, 1), (1, 12))), ((25, 12), ((28, 1),)), ((28, 11), ((28, 1), (28, 12))), ((26, 5), ((1, 1), (1, 12))), ((24, 1), ((28, 1),)), ((16, 6), ((1, 1),)), ((26, 11), ((28, 12),)), ((27, 6), ((28, 12),)), ((12, 6), ((1, 12),)), ((15, 1), ((1, 12),)), ((15, 10), ((1, 1),)), ((15, 2), ((1, 12),)), ((20, 7), ((1, 1),)), ((24, 2), ((28, 1), (28, 12))), ((26, 11), ((1, 1), (1, 12))), ((17, 12), ((1, 1), (1, 12))), ((28, 2), ((28, 1), (28, 12))), ((26, 4), ((28, 1),))]","[((25, 12), ((28, 1),)), ((26, 5), ((1, 1), (1, 12))), ((28, 11), ((28, 1), (28, 12))), ((12, 6), ((1, 12),)), ((24, 1), ((28, 1),)), ((16, 6), ((1, 1),)), ((26, 11), ((28, 12),)), ((27, 6), ((28, 12),)), ((26, 4), ((28, 1),)), ((15, 1), ((1, 12),)), ((15, 10), ((1, 1),)), ((15, 2), ((1, 12),)), ((20, 7), ((1, 1),)), ((24, 2), ((28, 1), (28, 12))), ((26, 11), ((1, 1), (1, 12))), ((17, 12), ((1, 1), (1, 12))), ((28, 2), ((28, 1), (28, 12))), ((22, 4), ((1, 1), (1, 12)))]",576,81,19,100
577,"((25, 12), ((28, 1),))","((26, 12), ((28, 1),))",West,"[((26, 12), ((28, 1),)), ((24, 12), ((28, 1),))]","[((25, 12), ((28, 1),)), ((26, 5), ((1, 1), (1, 12))), ((28, 11), ((28, 1), (28, 12))), ((12, 6), ((1, 12),)), ((24, 1), ((28, 1),)), ((16, 6), ((1, 1),)), ((26, 11), ((28, 12),)), ((27, 6), ((28, 12),)), ((26, 4), ((28, 1),)), ((15, 1), ((1, 12),)), ((15, 10), ((1, 1),)), ((15, 2), ((1, 12),)), ((20, 7), ((1, 1),)), ((24, 2), ((28, 1), (28, 12))), ((26, 11), ((1, 1), (1, 12))), ((17, 12), ((1, 1), (1, 12))), ((28, 2), ((28, 1), (28, 12))), ((22, 4), ((1, 1), (1, 12)))]","[((26, 5), ((1, 1), (1, 12))), ((12, 6), ((1, 12),)), ((28, 11), ((28, 1), (28, 12))), ((27, 6), ((28, 12),)), ((24, 1), ((28, 1),)), ((16, 6), ((1, 1),)), ((26, 11), ((28, 12),)), ((17, 12), ((1, 1), (1, 12))), ((26, 4), ((28, 1),)), ((15, 1), ((1, 12),)), ((15, 10), ((1, 1),)), ((15, 2), ((1, 12),)), ((20, 7), ((1, 1),)), ((24, 2), ((28, 1), (28, 12))), ((26, 11), ((1, 1), (1, 12))), ((22, 4), ((1, 1), (1, 12))), ((28, 2), ((28, 1), (28, 12))), ((24, 12), ((28, 1),))]",577,59,41,100
578,"((26, 5), ((1, 1), (1, 12)))","((26, 4), ((1, 1), (1, 12)))",North,"[((26, 6), ((1, 1), (1, 12))), ((26, 4), ((1, 1), (1, 12)))]","[((26, 5), ((1, 1), (1, 12))), ((12, 6), ((1, 12),)), ((28, 11), ((28, 1), (28, 12))), ((27, 6), ((28, 12),)), ((24, 1), ((28, 1),)), ((16, 6), ((1, 1),)), ((26, 11), ((28, 12),)), ((17, 12), ((1, 1), (1, 12))), ((26, 4), ((28, 1),)), ((15, 1), ((1, 12),)), ((15, 10), ((1, 1),)), ((15, 2), ((1, 12),)), ((20, 7), ((1, 1),)), ((24, 2), ((28, 1), (28, 12))), ((26, 11), ((1, 1), (1, 12))), ((22, 4), ((1, 1), (1, 12))), ((28, 2), ((28, 1), (28, 12))), ((24, 12), ((28, 1),))]","[((28, 11), ((28, 1), (28, 12))), ((12, 6), ((1, 12),)), ((16, 6), ((1, 1),)), ((27, 6), ((28, 12),)), ((24, 1), ((28, 1),)), ((24, 12), ((28, 1),)), ((26, 11), ((28, 12),)), ((17, 12), ((1, 1), (1, 12))), ((26, 4), ((28, 1),)), ((15, 1), ((1, 12),)), ((15, 10), ((1, 1),)), ((15, 2), ((1, 12),)), ((20, 7), ((1, 1),)), ((24, 2), ((28, 1), (28, 12))), ((26, 11), ((1, 1), (1, 12))), ((22, 4), ((1, 1), (1, 12))), ((28, 2), ((28, 1), (28, 12))), ((26, 6), ((1, 1), (1, 12)))]",578,83,17,100
579,"((28, 11), ((28, 1), (28, 12)))","((28, 12), ((28, 1), (28, 12)))",South,"[((28, 12), ((28, 1), (28, 12))), ((28, 10), ((28, 1), (28, 12)))]","[((28, 11), ((28, 1), (28, 12))), ((12, 6), ((1, 12),)), ((16, 6), ((1, 1),)), ((27, 6), ((28, 12),)), ((24, 1), ((28, 1),)), ((24, 12), ((28, 1),)), ((26, 11), ((28, 12),)), ((17, 12), ((1, 1), (1, 12))), ((26, 4), ((28, 1),)), ((15, 1), ((1, 12),)), ((15, 10), ((1, 1),)), ((15, 2), ((1, 12),)), ((20, 7), ((1, 1),)), ((24, 2), ((28, 1), (28, 12))), ((26, 11), ((1, 1), (1, 12))), ((22, 4), ((1, 1), (1, 12))), ((28, 2), ((28, 1), (28, 12))), ((26, 6), ((1, 1), (1, 12)))]","[((12, 6), ((1, 12),)), ((27, 6), ((28, 12),)), ((16, 6), ((1, 1),)), ((17, 12), ((1, 1), (1, 12))), ((24, 1), ((28, 1),)), ((24, 12), ((28, 1),)), ((26, 11), ((28, 12),)), ((28, 2), ((28, 1), (28, 12))), ((26, 4), ((28, 1),)), ((15, 1), ((1, 12),)), ((15, 10), ((1, 1),)), ((15, 2), ((1, 12),)), ((20, 7), ((1, 1),)), ((24, 2), ((28, 1), (28, 12))), ((26, 11), ((1, 1), (1, 12))), ((22, 4), ((1, 1), (1, 12))), ((26, 6), ((1, 1), (1, 12))), ((28, 10), ((28, 1), (28, 12)))]",579,61,39,100
580,"((12, 6), ((1, 12),))","((13, 6), ((1, 12),))",West,"[((13, 6), ((1, 12),)), ((11, 6), ((1, 12),))]","[((12, 6), ((1, 12),)), ((27, 6), ((28, 12),)), ((16, 6), ((1, 1),)), ((17, 12), ((1, 1), (1, 12))), ((24, 1), ((28, 1),)), ((24, 12), ((28, 1),)), ((26, 11), ((28, 12),)), ((28, 2), ((28, 1), (28, 12))), ((26, 4), ((28, 1),)), ((15, 1), ((1, 12),)), ((15, 10), ((1, 1),)), ((15, 2), ((1, 12),)), ((20, 7), ((1, 1),)), ((24, 2), ((28, 1), (28, 12))), ((26, 11), ((1, 1), (1, 12))), ((22, 4), ((1, 1), (1, 12))), ((26, 6), ((1, 1), (1, 12))), ((28, 10), ((28, 1), (28, 12)))]","[((11, 6), ((1, 12),)), ((16, 6), ((1, 1),)), ((26, 11), ((28, 12),)), ((27, 6), ((28, 12),)), ((24, 1), ((28, 1),)), ((24, 12), ((28, 1),)), ((24, 2), ((28, 1), (28, 12))), ((28, 2), ((28, 1), (28, 12))), ((17, 12), ((1, 1), (1, 12))), ((15, 1), ((1, 12),)), ((15, 10), ((1, 1),)), ((15, 2), ((1, 12),)), ((20, 7), ((1, 1),)), ((28, 10), ((28, 1), (28, 12))), ((26, 11), ((1, 1), (1, 12))), ((22, 4), ((1, 1), (1, 12))), ((26, 6), ((1, 1), (1, 12))), ((26, 4), ((28, 1),))]",580,46,54,100
581,"((11, 6), ((1, 12),))","((12, 6), ((1, 12),))",West,"[((11, 7), ((1, 12),)), ((12, 6), ((1, 12),)), ((10, 6), ((1, 12),))]","[((11, 6), ((1, 12),)), ((16, 6), ((1, 1),)), ((26, 11), ((28, 12),)), ((27, 6), ((28, 12),)), ((24, 1), ((28, 1),)), ((24, 12), ((28, 1),)), ((24, 2), ((28, 1), (28, 12))), ((28, 2), ((28, 1), (28, 12))), ((17, 12), ((1, 1), (1, 12))), ((15, 1), ((1, 12),)), ((15, 10), ((1, 1),)), ((15, 2), ((1, 12),)), ((20, 7), ((1, 1),)), ((28, 10), ((28, 1), (28, 12))), ((26, 11), ((1, 1), (1, 12))), ((22, 4), ((1, 1), (1, 12))), ((26, 6), ((1, 1), (1, 12))), ((26, 4), ((28, 1),))]","[((10, 6), ((1, 12),)), ((16, 6), ((1, 1),)), ((26, 11), ((28, 12),)), ((27, 6), ((28, 12),)), ((24, 1), ((28, 1),)), ((24, 12), ((28, 1),)), ((24, 2), ((28, 1), (28, 12))), ((28, 2), ((28, 1), (28, 12))), ((17, 12), ((1, 1), (1, 12))), ((15, 1), ((1, 12),)), ((15, 10), ((1, 1),)), ((15, 2), ((1, 12),)), ((20, 7), ((1, 1),)), ((28, 10), ((28, 1), (28, 12))), ((26, 11), ((1, 1), (1, 12))), ((22, 4), ((1, 1), (1, 12))), ((26, 6), ((1, 1), (1, 12))), ((11, 7), ((1, 12),)), ((26, 4), ((28, 1),))]",581,47,53,100
582,"((10, 6), ((1, 12),))","((11, 6), ((1, 12),))",West,"[((11, 6), ((1, 12),)), ((9, 6), ((1, 12),))]","[((10, 6), ((1, 12),)), ((16, 6), ((1, 1),)), ((26, 11), ((28, 12),)), ((27, 6), ((28, 12),)), ((24, 1), ((28, 1),)), ((24, 12), ((28, 1),)), ((24, 2), ((28, 1), (28, 12))), ((28, 2), ((28, 1), (28, 12))), ((17, 12), ((1, 1), (1, 12))), ((15, 1), ((1, 12),)), ((15, 10), ((1, 1),)), ((15, 2), ((1, 12),)), ((20, 7), ((1, 1),)), ((28, 10), ((28, 1), (28, 12))), ((26, 11), ((1, 1), (1, 12))), ((22, 4), ((1, 1), (1, 12))), ((26, 6), ((1, 1), (1, 12))), ((11, 7), ((1, 12),)), ((26, 4), ((28, 1),))]","[((9, 6), ((1, 12),)), ((16, 6), ((1, 1),)), ((26, 11), ((28, 12),)), ((27, 6), ((28, 12),)), ((24, 1), ((28, 1),)), ((24, 12), ((28, 1),)), ((24, 2), ((28, 1), (28, 12))), ((28, 2), ((28, 1), (28, 12))), ((17, 12), ((1, 1), (1, 12))), ((15, 1), ((1, 12),)), ((15, 10), ((1, 1),)), ((15, 2), ((1, 12),)), ((20, 7), ((1, 1),)), ((28, 10), ((28, 1), (28, 12))), ((26, 11), ((1, 1), (1, 12))), ((22, 4), ((1, 1), (1, 12))), ((26, 6), ((1, 1), (1, 12))), ((11, 7), ((1, 12),)), ((26, 4), ((28, 1),))]",582,48,52,100
583,"((9, 6), ((1, 12),))","((10, 6), ((1, 12),))",West,"[((9, 7), ((1, 12),)), ((10, 6), ((1, 12),))]","[((9, 6), ((1, 12),)), ((16, 6), ((1, 1),)), ((26, 11), ((28, 12),)), ((27, 6), ((28, 12),)), ((24, 1), ((28, 1),)), ((24, 12), ((28, 1),)), ((24, 2), ((28, 1), (28, 12))), ((28, 2), ((28, 1), (28, 12))), ((17, 12), ((1, 1), (1, 12))), ((15, 1), ((1, 12),)), ((15, 10), ((1, 1),)), ((15, 2), ((1, 12),)), ((20, 7), ((1, 1),)), ((28, 10), ((28, 1), (28, 12))), ((26, 11), ((1, 1), (1, 12))), ((22, 4), ((1, 1), (1, 12))), ((26, 6), ((1, 1), (1, 12))), ((11, 7), ((1, 12),)), ((26, 4), ((28, 1),))]","[((16, 6), ((1, 1),)), ((27, 6), ((28, 12),)), ((26, 11), ((28, 12),)), ((17, 12), ((1, 1), (1, 12))), ((24, 1), ((28, 1),)), ((24, 12), ((28, 1),)), ((24, 2), ((28, 1), (28, 12))), ((28, 2), ((28, 1), (28, 12))), ((26, 4), ((28, 1),)), ((15, 1), ((1, 12),)), ((15, 10), ((1, 1),)), ((15, 2), ((1, 12),)), ((20, 7), ((1, 1),)), ((28, 10), ((28, 1), (28, 12))), ((26, 11), ((1, 1), (1, 12))), ((22, 4), ((1, 1), (1, 12))), ((26, 6), ((1, 1), (1, 12))), ((11, 7), ((1, 12),)), ((9, 7), ((1, 12),))]",583,49,51,100
584,"((16, 6), ((1, 1),))","((17, 6), ((1, 1),))",West,"[((17, 6), ((1, 1),))]","[((16, 6), ((1, 1),)), ((27, 6), ((28, 12),)), ((26, 11), ((28, 12),)), ((17, 12), ((1, 1), (1, 12))), ((24, 1), ((28, 1),)), ((24, 12), ((28, 1),)), ((24, 2), ((28, 1), (28, 12))), ((28, 2), ((28, 1), (28, 12))), ((26, 4), ((28, 1),)), ((15, 1), ((1, 12),)), ((15, 10), ((1, 1),)), ((15, 2), ((1, 12),)), ((20, 7), ((1, 1),)), ((28, 10), ((28, 1), (28, 12))), ((26, 11), ((1, 1), (1, 12))), ((22, 4), ((1, 1), (1, 12))), ((26, 6), ((1, 1), (1, 12))), ((11, 7), ((1, 12),)), ((9, 7), ((1, 12),))]","[((26, 11), ((28, 12),)), ((27, 6), ((28, 12),)), ((24, 2), ((28, 1), (28, 12))), ((17, 12), ((1, 1), (1, 12))), ((24, 1), ((28, 1),)), ((24, 12), ((28, 1),)), ((26, 11), ((1, 1), (1, 12))), ((28, 2), ((28, 1), (28, 12))), ((26, 4), ((28, 1),)), ((15, 1), ((1, 12),)), ((15, 10), ((1, 1),)), ((15, 2), ((1, 12),)), ((20, 7), ((1, 1),)), ((28, 10), ((28, 1), (28, 12))), ((9, 7), ((1, 12),)), ((22, 4), ((1, 1), (1, 12))), ((26, 6), ((1, 1), (1, 12))), ((11, 7), ((1, 12),))]",584,46,55,101
585,"((26, 11), ((28, 12),))","((26, 10), ((28, 12),))",North,"[((26, 12), ((28, 12),)), ((26, 10), ((28, 12),))]","[((26, 11), ((28, 12),)), ((27, 6), ((28, 12),)), ((24, 2), ((28, 1), (28, 12))), ((17, 12), ((1, 1), (1, 12))), ((24, 1), ((28, 1),)), ((24, 12), ((28, 1),)), ((26, 11), ((1, 1), (1, 12))), ((28, 2), ((28, 1), (28, 12))), ((26, 4), ((28, 1),)), ((15, 1), ((1, 12),)), ((15, 10), ((1, 1),)), ((15, 2), ((1, 12),)), ((20, 7), ((1, 1),)), ((28, 10), ((28, 1), (28, 12))), ((9, 7), ((1, 12),)), ((22, 4), ((1, 1), (1, 12))), ((26, 6), ((1, 1), (1, 12))), ((11, 7), ((1, 12),))]","[((27, 6), ((28, 12),)), ((17, 12), ((1, 1), (1, 12))), ((24, 2), ((28, 1), (28, 12))), ((28, 2), ((28, 1), (28, 12))), ((24, 1), ((28, 1),)), ((24, 12), ((28, 1),)), ((26, 11), ((1, 1), (1, 12))), ((22, 4), ((1, 1), (1, 12))), ((26, 4), ((28, 1),)), ((15, 1), ((1, 12),)), ((15, 10), ((1, 1),)), ((15, 2), ((1, 12),)), ((20, 7), ((1, 1),)), ((28, 10), ((28, 1), (28, 12))), ((9, 7), ((1, 12),)), ((11, 7), ((1, 12),)), ((26, 6), ((1, 1), (1, 12))), ((26, 12), ((28, 12),))]",585,51,50,101
586,"((27, 6), ((28, 12),))","((28, 6), ((28, 12),))",West,"[((28, 6), ((28, 12),)), ((26, 6), ((28, 12),))]","[((27, 6), ((28, 12),)), ((17, 12), ((1, 1), (1, 12))), ((24, 2), ((28, 1), (28, 12))), ((28, 2), ((28, 1), (28, 12))), ((24, 1), ((28, 1),)), ((24, 12), ((28, 1),)), ((26, 11), ((1, 1), (1, 12))), ((22, 4), ((1, 1), (1, 12))), ((26, 4), ((28, 1),)), ((15, 1), ((1, 12),)), ((15, 10), ((1, 1),)), ((15, 2), ((1, 12),)), ((20, 7), ((1, 1),)), ((28, 10), ((28, 1), (28, 12))), ((9, 7), ((1, 12),)), ((11, 7), ((1, 12),)), ((26, 6), ((1, 1), (1, 12))), ((26, 12), ((28, 12),))]","[((17, 12), ((1, 1), (1, 12))), ((28, 2), ((28, 1), (28, 12))), ((24, 2), ((28, 1), (28, 12))), ((26, 4), ((28, 1),)), ((24, 1), ((28, 1),)), ((24, 12), ((28, 1),)), ((26, 11), ((1, 1), (1, 12))), ((22, 4), ((1, 1), (1, 12))), ((26, 12), ((28, 12),)), ((15, 1), ((1, 12),)), ((15, 10), ((1, 1),)), ((15, 2), ((1, 12),)), ((20, 7), ((1, 1),)), ((28, 10), ((28, 1), (28, 12))), ((9, 7), ((1, 12),)), ((11, 7), ((1, 12),)), ((26, 6), ((1, 1), (1, 12))), ((26, 6), ((28, 12),))]",586,57,44,101
587,"((17, 12), ((1, 1), (1, 12)))","((18, 12), ((1, 1), (1, 12)))",West,"[((18, 12), ((1, 1), (1, 12))), ((16, 12), ((1, 1), (1, 12)))]","[((17, 12), ((1, 1), (1, 12))), ((28, 2), ((28, 1), (28, 12))), ((24, 2), ((28, 1), (28, 12))), ((26, 4), ((28, 1),)), ((24, 1), ((28, 1),)), ((24, 12), ((28, 1),)), ((26, 11), ((1, 1), (1, 12))), ((22, 4), ((1, 1), (1, 12))), ((26, 12), ((28, 12),)), ((15, 1), ((1, 12),)), ((15, 10), ((1, 1),)), ((15, 2), ((1, 12),)), ((20, 7), ((1, 1),)), ((28, 10), ((28, 1), (28, 12))), ((9, 7), ((1, 12),)), ((11, 7), ((1, 12),)), ((26, 6), ((1, 1), (1, 12))), ((26, 6), ((28, 12),))]","[((28, 2), ((28, 1), (28, 12))), ((24, 1), ((28, 1),)), ((24, 2), ((28, 1), (28, 12))), ((26, 4), ((28, 1),)), ((26, 6), ((28, 12),)), ((24, 12), ((28, 1),)), ((26, 11), ((1, 1), (1, 12))), ((22, 4), ((1, 1), (1, 12))), ((26, 12), ((28, 12),)), ((15, 1), ((1, 12),)), ((15, 10), ((1, 1),)), ((15, 2), ((1, 12),)), ((20, 7), ((1, 1),)), ((28, 10), ((28, 1), (28, 12))), ((9, 7), ((1, 12),)), ((11, 7), ((1, 12),)), ((26, 6), ((1, 1), (1, 12))), ((16, 12), ((1, 1), (1, 12)))]",587,79,22,101
588,"((28, 2), ((28, 1), (28, 12)))","((28, 1), ((28, 1), (28, 12)))",North,"[((28, 3), ((28, 1), (28, 12))), ((28, 1), ((28, 1), (28, 12)))]","[((28, 2), ((28, 1), (28, 12))), ((24, 1), ((28, 1),)), ((24, 2), ((28, 1), (28, 12))), ((26, 4), ((28, 1),)), ((26, 6), ((28, 12),)), ((24, 12), ((28, 1),)), ((26, 11), ((1, 1), (1, 12))), ((22, 4), ((1, 1), (1, 12))), ((26, 12), ((28, 12),)), ((15, 1), ((1, 12),)), ((15, 10), ((1, 1),)), ((15, 2), ((1, 12),)), ((20, 7), ((1, 1),)), ((28, 10), ((28, 1), (28, 12))), ((9, 7), ((1, 12),)), ((11, 7), ((1, 12),)), ((26, 6), ((1, 1), (1, 12))), ((16, 12), ((1, 1), (1, 12)))]","[((24, 2), ((28, 1), (28, 12))), ((24, 1), ((28, 1),)), ((26, 11), ((1, 1), (1, 12))), ((26, 4), ((28, 1),)), ((26, 6), ((28, 12),)), ((24, 12), ((28, 1),)), ((28, 10), ((28, 1), (28, 12))), ((22, 4), ((1, 1), (1, 12))), ((26, 12), ((28, 12),)), ((15, 1), ((1, 12),)), ((15, 10), ((1, 1),)), ((15, 2), ((1, 12),)), ((20, 7), ((1, 1),)), ((16, 12), ((1, 1), (1, 12))), ((9, 7), ((1, 12),)), ((11, 7), ((1, 12),)), ((26, 6), ((1, 1), (1, 12))), ((28, 3), ((28, 1), (28, 12)))]",588,62,39,101
589,"((24, 2), ((28, 1), (28, 12)))","((24, 1), ((28, 1), (28, 12)))",North,"[((24, 1), ((28, 1), (28, 12)))]","[((24, 2), ((28, 1), (28, 12))), ((24, 1), ((28, 1),)), ((26, 11), ((1, 1), (1, 12))), ((26, 4), ((28, 1),)), ((26, 6), ((28, 12),)), ((24, 12), ((28, 1),)), ((28, 10), ((28, 1), (28, 12))), ((22, 4), ((1, 1), (1, 12))), ((26, 12), ((28, 12),)), ((15, 1), ((1, 12),)), ((15, 10), ((1, 1),)), ((15, 2), ((1, 12),)), ((20, 7), ((1, 1),)), ((16, 12), ((1, 1), (1, 12))), ((9, 7), ((1, 12),)), ((11, 7), ((1, 12),)), ((26, 6), ((1, 1), (1, 12))), ((28, 3), ((28, 1), (28, 12)))]","[((26, 11), ((1, 1), (1, 12))), ((24, 1), ((28, 1),)), ((24, 12), ((28, 1),)), ((26, 4), ((28, 1),)), ((26, 6), ((28, 12),)), ((28, 3), ((28, 1), (28, 12))), ((28, 10), ((28, 1), (28, 12))), ((22, 4), ((1, 1), (1, 12))), ((26, 12), ((28, 12),)), ((15, 1), ((1, 12),)), ((15, 10), ((1, 1),)), ((15, 2), ((1, 12),)), ((20, 7), ((1, 1),)), ((16, 12), ((1, 1), (1, 12))), ((9, 7), ((1, 12),)), ((11, 7), ((1, 12),)), ((26, 6), ((1, 1), (1, 12)))]",589,66,35,101
590,"((26, 11), ((1, 1), (1, 12)))","((26, 12), ((1, 1), (1, 12)))",South,"[((26, 12), ((1, 1), (1, 12))), ((26, 10), ((1, 1), (1, 12)))]","[((26, 11), ((1, 1), (1, 12))), ((24, 1), ((28, 1),)), ((24, 12), ((28, 1),)), ((26, 4), ((28, 1),)), ((26, 6), ((28, 12),)), ((28, 3), ((28, 1), (28, 12))), ((28, 10), ((28, 1), (28, 12))), ((22, 4), ((1, 1), (1, 12))), ((26, 12), ((28, 12),)), ((15, 1), ((1, 12),)), ((15, 10), ((1, 1),)), ((15, 2), ((1, 12),)), ((20, 7), ((1, 1),)), ((16, 12), ((1, 1), (1, 12))), ((9, 7), ((1, 12),)), ((11, 7), ((1, 12),)), ((26, 6), ((1, 1), (1, 12)))]","[((24, 1), ((28, 1),)), ((26, 4), ((28, 1),)), ((24, 12), ((28, 1),)), ((22, 4), ((1, 1), (1, 12))), ((26, 6), ((28, 12),)), ((28, 3), ((28, 1), (28, 12))), ((28, 10), ((28, 1), (28, 12))), ((26, 6), ((1, 1), (1, 12))), ((26, 12), ((28, 12),)), ((15, 1), ((1, 12),)), ((15, 10), ((1, 1),)), ((15, 2), ((1, 12),)), ((20, 7), ((1, 1),)), ((16, 12), ((1, 1), (1, 12))), ((9, 7), ((1, 12),)), ((11, 7), ((1, 12),)), ((26, 10), ((1, 1), (1, 12)))]",590,87,14,101
591,"((24, 1), ((28, 1),))","((25, 1), ((28, 1),))",West,"[((24, 2), ((28, 1),)), ((25, 1), ((28, 1),))]","[((24, 1), ((28, 1),)), ((26, 4), ((28, 1),)), ((24, 12), ((28, 1),)), ((22, 4), ((1, 1), (1, 12))), ((26, 6), ((28, 12),)), ((28, 3), ((28, 1), (28, 12))), ((28, 10), ((28, 1), (28, 12))), ((26, 6), ((1, 1), (1, 12))), ((26, 12), ((28, 12),)), ((15, 1), ((1, 12),)), ((15, 10), ((1, 1),)), ((15, 2), ((1, 12),)), ((20, 7), ((1, 1),)), ((16, 12), ((1, 1), (1, 12))), ((9, 7), ((1, 12),)), ((11, 7), ((1, 12),)), ((26, 10), ((1, 1), (1, 12)))]","[((26, 4), ((28, 1),)), ((22, 4), ((1, 1), (1, 12))), ((24, 12), ((28, 1),)), ((26, 6), ((1, 1), (1, 12))), ((26, 6), ((28, 12),)), ((28, 3), ((28, 1), (28, 12))), ((28, 10), ((28, 1), (28, 12))), ((11, 7), ((1, 12),)), ((26, 12), ((28, 12),)), ((15, 1), ((1, 12),)), ((15, 10), ((1, 1),)), ((15, 2), ((1, 12),)), ((20, 7), ((1, 1),)), ((16, 12), ((1, 1), (1, 12))), ((9, 7), ((1, 12),)), ((26, 10), ((1, 1), (1, 12))), ((24, 2), ((28, 1),))]",591,49,53,102
592,"((26, 4), ((28, 1),))","((26, 5), ((28, 1),))",South,"[((26, 5), ((28, 1),)), ((26, 3), ((28, 1),)), ((25, 4), ((28, 1),))]","[((26, 4), ((28, 1),)), ((22, 4), ((1, 1), (1, 12))), ((24, 12), ((28, 1),)), ((26, 6), ((1, 1), (1, 12))), ((26, 6), ((28, 12),)), ((28, 3), ((28, 1), (28, 12))), ((28, 10), ((28, 1), (28, 12))), ((11, 7), ((1, 12),)), ((26, 12), ((28, 12),)), ((15, 1), ((1, 12),)), ((15, 10), ((1, 1),)), ((15, 2), ((1, 12),)), ((20, 7), ((1, 1),)), ((16, 12), ((1, 1), (1, 12))), ((9, 7), ((1, 12),)), ((26, 10), ((1, 1), (1, 12))), ((24, 2), ((28, 1),))]","[((22, 4), ((1, 1), (1, 12))), ((26, 6), ((1, 1), (1, 12))), ((24, 12), ((28, 1),)), ((11, 7), ((1, 12),)), ((26, 6), ((28, 12),)), ((28, 3), ((28, 1), (28, 12))), ((28, 10), ((28, 1), (28, 12))), ((24, 2), ((28, 1),)), ((26, 12), ((28, 12),)), ((15, 1), ((1, 12),)), ((15, 10), ((1, 1),)), ((15, 2), ((1, 12),)), ((20, 7), ((1, 1),)), ((16, 12), ((1, 1), (1, 12))), ((9, 7), ((1, 12),)), ((26, 10), ((1, 1), (1, 12))), ((26, 3), ((28, 1),)), ((25, 4), ((28, 1),))]",592,54,48,102
593,"((22, 4), ((1, 1), (1, 12)))","((23, 4), ((1, 1), (1, 12)))",West,"[((22, 5), ((1, 1), (1, 12))), ((22, 3), ((1, 1), (1, 12))), ((23, 4), ((1, 1), (1, 12)))]","[((22, 4), ((1, 1), (1, 12))), ((26, 6), ((1, 1), (1, 12))), ((24, 12), ((28, 1),)), ((11, 7), ((1, 12),)), ((26, 6), ((28, 12),)), ((28, 3), ((28, 1), (28, 12))), ((28, 10), ((28, 1), (28, 12))), ((24, 2), ((28, 1),)), ((26, 12), ((28, 12),)), ((15, 1), ((1, 12),)), ((15, 10), ((1, 1),)), ((15, 2), ((1, 12),)), ((20, 7), ((1, 1),)), ((16, 12), ((1, 1), (1, 12))), ((9, 7), ((1, 12),)), ((26, 10), ((1, 1), (1, 12))), ((26, 3), ((28, 1),)), ((25, 4), ((28, 1),))]","[((24, 12), ((28, 1),)), ((26, 6), ((1, 1), (1, 12))), ((28, 10), ((28, 1), (28, 12))), ((11, 7), ((1, 12),)), ((26, 6), ((28, 12),)), ((28, 3), ((28, 1), (28, 12))), ((9, 7), ((1, 12),)), ((24, 2), ((28, 1),)), ((22, 3), ((1, 1), (1, 12))), ((15, 1), ((1, 12),)), ((15, 10), ((1, 1),)), ((15, 2), ((1, 12),)), ((20, 7), ((1, 1),)), ((16, 12), ((1, 1), (1, 12))), ((25, 4), ((28, 1),)), ((26, 10), ((1, 1), (1, 12))), ((26, 3), ((28, 1),)), ((22, 5), ((1, 1), (1, 12))), ((26, 12), ((28, 12),))]",593,82,20,102
594,"((24, 12), ((28, 1),))","((25, 12), ((28, 1),))",West,"[((25, 12), ((28, 1),)), ((23, 12), ((28, 1),))]","[((24, 12), ((28, 1),)), ((26, 6), ((1, 1), (1, 12))), ((28, 10), ((28, 1), (28, 12))), ((11, 7), ((1, 12),)), ((26, 6), ((28, 12),)), ((28, 3), ((28, 1), (28, 12))), ((9, 7), ((1, 12),)), ((24, 2), ((28, 1),)), ((22, 3), ((1, 1), (1, 12))), ((15, 1), ((1, 12),)), ((15, 10), ((1, 1),)), ((15, 2), ((1, 12),)), ((20, 7), ((1, 1),)), ((16, 12), ((1, 1), (1, 12))), ((25, 4), ((28, 1),)), ((26, 10), ((1, 1), (1, 12))), ((26, 3), ((28, 1),)), ((22, 5), ((1, 1), (1, 12))), ((26, 12), ((28, 12),))]","[((26, 6), ((1, 1), (1, 12))), ((11, 7), ((1, 12),)), ((28, 10), ((28, 1), (28, 12))), ((24, 2), ((28, 1),)), ((26, 6), ((28, 12),)), ((28, 3), ((28, 1), (28, 12))), ((9, 7), ((1, 12),)), ((26, 12), ((28, 12),)), ((22, 3), ((1, 1), (1, 12))), ((15, 1), ((1, 12),)), ((15, 10), ((1, 1),)), ((15, 2), ((1, 12),)), ((20, 7), ((1, 1),)), ((16, 12), ((1, 1), (1, 12))), ((25, 4), ((28, 1),)), ((26, 10), ((1, 1), (1, 12))), ((26, 3), ((28, 1),)), ((22, 5), ((1, 1), (1, 12))), ((23, 12), ((28, 1),))]",594,60,42,102
595,"((26, 6), ((1, 1), (1, 12)))","((26, 5), ((1, 1), (1, 12)))",North,"[((26, 5), ((1, 1), (1, 12))), ((27, 6), ((1, 1), (1, 12)))]","[((26, 6), ((1, 1), (1, 12))), ((11, 7), ((1, 12),)), ((28, 10), ((28, 1), (28, 12))), ((24, 2), ((28, 1),)), ((26, 6), ((28, 12),)), ((28, 3), ((28, 1), (28, 12))), ((9, 7), ((1, 12),)), ((26, 12), ((28, 12),)), ((22, 3), ((1, 1), (1, 12))), ((15, 1), ((1, 12),)), ((15, 10), ((1, 1),)), ((15, 2), ((1, 12),)), ((20, 7), ((1, 1),)), ((16, 12), ((1, 1), (1, 12))), ((25, 4), ((28, 1),)), ((26, 10), ((1, 1), (1, 12))), ((26, 3), ((28, 1),)), ((22, 5), ((1, 1), (1, 12))), ((23, 12), ((28, 1),))]","[((28, 10), ((28, 1), (28, 12))), ((11, 7), ((1, 12),)), ((9, 7), ((1, 12),)), ((24, 2), ((28, 1),)), ((26, 6), ((28, 12),)), ((28, 3), ((28, 1), (28, 12))), ((16, 12), ((1, 1), (1, 12))), ((26, 12), ((28, 12),)), ((22, 3), ((1, 1), (1, 12))), ((15, 1), ((1, 12),)), ((15, 10), ((1, 1),)), ((15, 2), ((1, 12),)), ((20, 7), ((1, 1),)), ((23, 12), ((28, 1),)), ((25, 4), ((28, 1),)), ((26, 10), ((1, 1), (1, 12))), ((26, 3), ((28, 1),)), ((22, 5), ((1, 1), (1, 12))), ((27, 6), ((1, 1), (1, 12)))]",595,84,18,102
596,"((28, 10), ((28, 1), (28, 12)))","((28, 11), ((28, 1), (28, 12)))",South,"[((28, 11), ((28, 1), (28, 12))), ((27, 10), ((28, 1), (28, 12)))]","[((28, 10), ((28, 1), (28, 12))), ((11, 7), ((1, 12),)), ((9, 7), ((1, 12),)), ((24, 2), ((28, 1),)), ((26, 6), ((28, 12),)), ((28, 3), ((28, 1), (28, 12))), ((16, 12), ((1, 1), (1, 12))), ((26, 12), ((28, 12),)), ((22, 3), ((1, 1), (1, 12))), ((15, 1), ((1, 12),)), ((15, 10), ((1, 1),)), ((15, 2), ((1, 12),)), ((20, 7), ((1, 1),)), ((23, 12), ((28, 1),)), ((25, 4), ((28, 1),)), ((26, 10), ((1, 1), (1, 12))), ((26, 3), ((28, 1),)), ((22, 5), ((1, 1), (1, 12))), ((27, 6), ((1, 1), (1, 12)))]","[((11, 7), ((1, 12),)), ((24, 2), ((28, 1),)), ((9, 7), ((1, 12),)), ((22, 3), ((1, 1), (1, 12))), ((26, 6), ((28, 12),)), ((28, 3), ((28, 1), (28, 12))), ((16, 12), ((1, 1), (1, 12))), ((26, 12), ((28, 12),)), ((27, 6), ((1, 1), (1, 12))), ((15, 1), ((1, 12),)), ((15, 10), ((1, 1),)), ((15, 2), ((1, 12),)), ((20, 7), ((1, 1),)), ((23, 12), ((28, 1),)), ((25, 4), ((28, 1),)), ((26, 10), ((1, 1), (1, 12))), ((26, 3), ((28, 1),)), ((22, 5), ((1, 1), (1, 12))), ((27, 10), ((28, 1), (28, 12)))]",596,62,40,102
597,"((11, 7), ((1, 12),))","((11, 6), ((1, 12),))",North,"[((11, 8), ((1, 12),)), ((11, 6), ((1, 12),))]","[((11, 7), ((1, 12),)), ((24, 2), ((28, 1),)), ((9, 7), ((1, 12),)), ((22, 3), ((1, 1), (1, 12))), ((26, 6), ((28, 12),)), ((28, 3), ((28, 1), (28, 12))), ((16, 12), ((1, 1), (1, 12))), ((26, 12), ((28, 12),)), ((27, 6), ((1, 1), (1, 12))), ((15, 1), ((1, 12),)), ((15, 10), ((1, 1),)), ((15, 2), ((1, 12),)), ((20, 7), ((1, 1),)), ((23, 12), ((28, 1),)), ((25, 4), ((28, 1),)), ((26, 10), ((1, 1), (1, 12))), ((26, 3), ((28, 1),)), ((22, 5), ((1, 1), (1, 12))), ((27, 10), ((28, 1), (28, 12)))]","[((9, 7), ((1, 12),)), ((24, 2), ((28, 1),)), ((27, 10), ((28, 1), (28, 12))), ((22, 3), ((1, 1), (1, 12))), ((26, 6), ((28, 12),)), ((28, 3), ((28, 1), (28, 12))), ((16, 12), ((1, 1), (1, 12))), ((26, 12), ((28, 12),)), ((27, 6), ((1, 1), (1, 12))), ((15, 1), ((1, 12),)), ((15, 10), ((1, 1),)), ((15, 2), ((1, 12),)), ((20, 7), ((1, 1),)), ((23, 12), ((28, 1),)), ((25, 4), ((28, 1),)), ((26, 10), ((1, 1), (1, 12))), ((26, 3), ((28, 1),)), ((22, 5), ((1, 1), (1, 12))), ((11, 8), ((1, 12),))]",597,48,54,102
598,"((9, 7), ((1, 12),))","((9, 6), ((1, 12),))",North,"[((9, 8), ((1, 12),)), ((9, 6), ((1, 12),))]","[((9, 7), ((1, 12),)), ((24, 2), ((28, 1),)), ((27, 10), ((28, 1), (28, 12))), ((22, 3), ((1, 1), (1, 12))), ((26, 6), ((28, 12),)), ((28, 3), ((28, 1), (28, 12))), ((16, 12), ((1, 1), (1, 12))), ((26, 12), ((28, 12),)), ((27, 6), ((1, 1), (1, 12))), ((15, 1), ((1, 12),)), ((15, 10), ((1, 1),)), ((15, 2), ((1, 12),)), ((20, 7), ((1, 1),)), ((23, 12), ((28, 1),)), ((25, 4), ((28, 1),)), ((26, 10), ((1, 1), (1, 12))), ((26, 3), ((28, 1),)), ((22, 5), ((1, 1), (1, 12))), ((11, 8), ((1, 12),))]","[((24, 2), ((28, 1),)), ((22, 3), ((1, 1), (1, 12))), ((27, 10), ((28, 1), (28, 12))), ((27, 6), ((1, 1), (1, 12))), ((26, 6), ((28, 12),)), ((28, 3), ((28, 1), (28, 12))), ((16, 12), ((1, 1), (1, 12))), ((26, 12), ((28, 12),)), ((22, 5), ((1, 1), (1, 12))), ((15, 1), ((1, 12),)), ((15, 10), ((1, 1),)), ((15, 2), ((1, 12),)), ((20, 7), ((1, 1),)), ((23, 12), ((28, 1),)), ((25, 4), ((28, 1),)), ((26, 10), ((1, 1), (1, 12))), ((26, 3), ((28, 1),)), ((11, 8), ((1, 12),)), ((9, 8), ((1, 12),))]",598,50,52,102
599,"((24, 2), ((28, 1),))","((24, 1), ((28, 1),))",North,"[((24, 1), ((28, 1),))]","[((24, 2), ((28, 1),)), ((22, 3), ((1, 1), (1, 12))), ((27, 10), ((28, 1), (28, 12))), ((27, 6), ((1, 1), (1, 12))), ((26, 6), ((28, 12),)), ((28, 3), ((28, 1), (28, 12))), ((16, 12), ((1, 1), (1, 12))), ((26, 12), ((28, 12),)), ((22, 5), ((1, 1), (1, 12))), ((15, 1), ((1, 12),)), ((15, 10), ((1, 1),)), ((15, 2), ((1, 12),)), ((20, 7), ((1, 1),)), ((23, 12), ((28, 1),)), ((25, 4), ((28, 1),)), ((26, 10), ((1, 1), (1, 12))), ((26, 3), ((28, 1),)), ((11, 8), ((1, 12),)), ((9, 8), ((1, 12),))]","[((22, 3), ((1, 1), (1, 12))), ((27, 6), ((1, 1), (1, 12))), ((27, 10), ((28, 1), (28, 12))), ((26, 12), ((28, 12),)), ((26, 6), ((28, 12),)), ((28, 3), ((28, 1), (28, 12))), ((16, 12), ((1, 1), (1, 12))), ((26, 10), ((1, 1), (1, 12))), ((22, 5), ((1, 1), (1, 12))), ((15, 1), ((1, 12),)), ((15, 10), ((1, 1),)), ((15, 2), ((1, 12),)), ((20, 7), ((1, 1),)), ((23, 12), ((28, 1),)), ((25, 4), ((28, 1),)), ((9, 8), ((1, 12),)), ((26, 3), ((28, 1),)), ((11, 8), ((1, 12),))]",599,50,52,102
600,"((22, 3), ((1, 1), (1, 12)))","((22, 4), ((1, 1), (1, 12)))",South,"[((22, 4), ((1, 1), (1, 12))), ((22, 2), ((1, 1), (1, 12)))]","[((22, 3), ((1, 1), (1, 12))), ((27, 6), ((1, 1), (1, 12))), ((27, 10), ((28, 1), (28, 12))), ((26, 12), ((28, 12),)), ((26, 6), ((28, 12),)), ((28, 3), ((28, 1), (28, 12))), ((16, 12), ((1, 1), (1, 12))), ((26, 10), ((1, 1), (1, 12))), ((22, 5), ((1, 1), (1, 12))), ((15, 1), ((1, 12),)), ((15, 10), ((1, 1),)), ((15, 2), ((1, 12),)), ((20, 7), ((1, 1),)), ((23, 12), ((28, 1),)), ((25, 4), ((28, 1),)), ((9, 8), ((1, 12),)), ((26, 3), ((28, 1),)), ((11, 8), ((1, 12),))]","[((27, 6), ((1, 1), (1, 12))), ((22, 2), ((1, 1), (1, 12))), ((27, 10), ((28, 1), (28, 12))), ((26, 12), ((28, 12),)), ((26, 6), ((28, 12),)), ((28, 3), ((28, 1), (28, 12))), ((16, 12), ((1, 1), (1, 12))), ((26, 3), ((28, 1),)), ((26, 10), ((1, 1), (1, 12))), ((15, 1), ((1, 12),)), ((15, 10), ((1, 1),)), ((15, 2), ((1, 12),)), ((20, 7), ((1, 1),)), ((23, 12), ((28, 1),)), ((25, 4), ((28, 1),)), ((9, 8), ((1, 12),)), ((11, 8), ((1, 12),)), ((22, 5), ((1, 1), (1, 12)))]",600,83,19,102
601,"((27, 6), ((1, 1), (1, 12)))","((26, 6), ((1, 1), (1, 12)))",East,"[((28, 6), ((1, 1), (1, 12))), ((26, 6), ((1, 1), (1, 12)))]","[((27, 6), ((1, 1), (1, 12))), ((22, 2), ((1, 1), (1, 12))), ((27, 10), ((28, 1), (28, 12))), ((26, 12), ((28, 12),)), ((26, 6), ((28, 12),)), ((28, 3), ((28, 1), (28, 12))), ((16, 12), ((1, 1), (1, 12))), ((26, 3), ((28, 1),)), ((26, 10), ((1, 1), (1, 12))), ((15, 1), ((1, 12),)), ((15, 10), ((1, 1),)), ((15, 2), ((1, 12),)), ((20, 7), ((1, 1),)), ((23, 12), ((28, 1),)), ((25, 4), ((28, 1),)), ((9, 8), ((1, 12),)), ((11, 8), ((1, 12),)), ((22, 5), ((1, 1), (1, 12)))]","[((27, 10), ((28, 1), (28, 12))), ((22, 2), ((1, 1), (1, 12))), ((16, 12), ((1, 1), (1, 12))), ((28, 6), ((1, 1), (1, 12))), ((26, 6), ((28, 12),)), ((28, 3), ((28, 1), (28, 12))), ((25, 4), ((28, 1),)), ((26, 3), ((28, 1),)), ((26, 12), ((28, 12),)), ((15, 1), ((1, 12),)), ((15, 10), ((1, 1),)), ((15, 2), ((1, 12),)), ((20, 7), ((1, 1),)), ((23, 12), ((28, 1),)), ((22, 5), ((1, 1), (1, 12))), ((9, 8), ((1, 12),)), ((11, 8), ((1, 12),)), ((26, 10), ((1, 1), (1, 12)))]",601,85,17,102
602,"((27, 10), ((28, 1), (28, 12)))","((28, 10), ((28, 1), (28, 12)))",West,"[((28, 10), ((28, 1), (28, 12))), ((26, 10), ((28, 1), (28, 12)))]","[((27, 10), ((28, 1), (28, 12))), ((22, 2), ((1, 1), (1, 12))), ((16, 12), ((1, 1), (1, 12))), ((28, 6), ((1, 1), (1, 12))), ((26, 6), ((28, 12),)), ((28, 3), ((28, 1), (28, 12))), ((25, 4), ((28, 1),)), ((26, 3), ((28, 1),)), ((26, 12), ((28, 12),)), ((15, 1), ((1, 12),)), ((15, 10), ((1, 1),)), ((15, 2), ((1, 12),)), ((20, 7), ((1, 1),)), ((23, 12), ((28, 1),)), ((22, 5), ((1, 1), (1, 12))), ((9, 8), ((1, 12),)), ((11, 8), ((1, 12),)), ((26, 10), ((1, 1), (1, 12)))]","[((22, 2), ((1, 1), (1, 12))), ((28, 6), ((1, 1), (1, 12))), ((16, 12), ((1, 1), (1, 12))), ((26, 10), ((28, 1), (28, 12))), ((26, 6), ((28, 12),)), ((28, 3), ((28, 1), (28, 12))), ((25, 4), ((28, 1),)), ((26, 3), ((28, 1),)), ((26, 12), ((28, 12),)), ((15, 1), ((1, 12),)), ((15, 10), ((1, 1),)), ((15, 2), ((1, 12),)), ((20, 7), ((1, 1),)), ((23, 12), ((28, 1),)), ((22, 5), ((1, 1), (1, 12))), ((9, 8), ((1, 12),)), ((11, 8), ((1, 12),)), ((26, 10), ((1, 1), (1, 12)))]",602,63,39,102
603,"((22, 2), ((1, 1), (1, 12)))","((22, 3), ((1, 1), (1, 12)))",South,"[((22, 3), ((1, 1), (1, 12))), ((22, 1), ((1, 1), (1, 12))), ((21, 2), ((1, 1), (1, 12)))]","[((22, 2), ((1, 1), (1, 12))), ((28, 6), ((1, 1), (1, 12))), ((16, 12), ((1, 1), (1, 12))), ((26, 10), ((28, 1), (28, 12))), ((26, 6), ((28, 12),)), ((28, 3), ((28, 1), (28, 12))), ((25, 4), ((28, 1),)), ((26, 3), ((28, 1),)), ((26, 12), ((28, 12),)), ((15, 1), ((1, 12),)), ((15, 10), ((1, 1),)), ((15, 2), ((1, 12),)), ((20, 7), ((1, 1),)), ((23, 12), ((28, 1),)), ((22, 5), ((1, 1), (1, 12))), ((9, 8), ((1, 12),)), ((11, 8), ((1, 12),)), ((26, 10), ((1, 1), (1, 12)))]","[((28, 6), ((1, 1), (1, 12))), ((26, 10), ((28, 1), (28, 12))), ((16, 12), ((1, 1), (1, 12))), ((22, 1), ((1, 1), (1, 12))), ((26, 6), ((28, 12),)), ((28, 3), ((28, 1), (28, 12))), ((25, 4), ((28, 1),)), ((26, 3), ((28, 1),)), ((26, 12), ((28, 12),)), ((15, 1), ((1, 12),)), ((15, 10), ((1, 1),)), ((15, 2), ((1, 12),)), ((20, 7), ((1, 1),)), ((23, 12), ((28, 1),)), ((22, 5), ((1, 1), (1, 12))), ((9, 8), ((1, 12),)), ((11, 8), ((1, 12),)), ((26, 10), ((1, 1), (1, 12))), ((21, 2), ((1, 1), (1, 12)))]",603,84,18,102
604,"((28, 6), ((1, 1), (1, 12)))","((27, 6), ((1, 1), (1, 12)))",East,"[((28, 7), ((1, 1), (1, 12))), ((28, 5), ((1, 1), (1, 12))), ((27, 6), ((1, 1), (1, 12)))]","[((28, 6), ((1, 1), (1, 12))), ((26, 10), ((28, 1), (28, 12))), ((16, 12), ((1, 1), (1, 12))), ((22, 1), ((1, 1), (1, 12))), ((26, 6), ((28, 12),)), ((28, 3), ((28, 1), (28, 12))), ((25, 4), ((28, 1),)), ((26, 3), ((28, 1),)), ((26, 12), ((28, 12),)), ((15, 1), ((1, 12),)), ((15, 10), ((1, 1),)), ((15, 2), ((1, 12),)), ((20, 7), ((1, 1),)), ((23, 12), ((28, 1),)), ((22, 5), ((1, 1), (1, 12))), ((9, 8), ((1, 12),)), ((11, 8), ((1, 12),)), ((26, 10), ((1, 1), (1, 12))), ((21, 2), ((1, 1), (1, 12)))]","[((26, 10), ((28, 1), (28, 12))), ((22, 1), ((1, 1), (1, 12))), ((16, 12), ((1, 1), (1, 12))), ((26, 12), ((28, 12),)), ((28, 5), ((1, 1), (1, 12))), ((28, 3), ((28, 1), (28, 12))), ((25, 4), ((28, 1),)), ((26, 3), ((28, 1),)), ((26, 10), ((1, 1), (1, 12))), ((26, 6), ((28, 12),)), ((15, 10), ((1, 1),)), ((15, 2), ((1, 12),)), ((20, 7), ((1, 1),)), ((23, 12), ((28, 1),)), ((22, 5), ((1, 1), (1, 12))), ((9, 8), ((1, 12),)), ((11, 8), ((1, 12),)), ((21, 2), ((1, 1), (1, 12))), ((28, 7), ((1, 1), (1, 12))), ((15, 1), ((1, 12),))]",604,86,16,102
605,"((26, 10), ((28, 1), (28, 12)))","((27, 10), ((28, 1), (28, 12)))",West,"[((26, 11), ((28, 1), (28, 12))), ((26, 9), ((28, 1), (28, 12))), ((27, 10), ((28, 1), (28, 12)))]","[((26, 10), ((28, 1), (28, 12))), ((22, 1), ((1, 1), (1, 12))), ((16, 12), ((1, 1), (1, 12))), ((26, 12), ((28, 12),)), ((28, 5), ((1, 1), (1, 12))), ((28, 3), ((28, 1), (28, 12))), ((25, 4), ((28, 1),)), ((26, 3), ((28, 1),)), ((26, 10), ((1, 1), (1, 12))), ((26, 6), ((28, 12),)), ((15, 10), ((1, 1),)), ((15, 2), ((1, 12),)), ((20, 7), ((1, 1),)), ((23, 12), ((28, 1),)), ((22, 5), ((1, 1), (1, 12))), ((9, 8), ((1, 12),)), ((11, 8), ((1, 12),)), ((21, 2), ((1, 1), (1, 12))), ((28, 7), ((1, 1), (1, 12))), ((15, 1), ((1, 12),))]","[((22, 1), ((1, 1), (1, 12))), ((28, 5), ((1, 1), (1, 12))), ((16, 12), ((1, 1), (1, 12))), ((26, 12), ((28, 12),)), ((26, 11), ((28, 1), (28, 12))), ((28, 3), ((28, 1), (28, 12))), ((25, 4), ((28, 1),)), ((26, 3), ((28, 1),)), ((26, 10), ((1, 1), (1, 12))), ((26, 6), ((28, 12),)), ((15, 10), ((1, 1),)), ((15, 2), ((1, 12),)), ((20, 7), ((1, 1),)), ((23, 12), ((28, 1),)), ((22, 5), ((1, 1), (1, 12))), ((9, 8), ((1, 12),)), ((11, 8), ((1, 12),)), ((21, 2), ((1, 1), (1, 12))), ((28, 7), ((1, 1), (1, 12))), ((15, 1), ((1, 12),)), ((26, 9), ((28, 1), (28, 12)))]",605,64,38,102
606,"((22, 1), ((1, 1), (1, 12)))","((22, 2), ((1, 1), (1, 12)))",South,"[((22, 2), ((1, 1), (1, 12)))]","[((22, 1), ((1, 1), (1, 12))), ((28, 5), ((1, 1), (1, 12))), ((16, 12), ((1, 1), (1, 12))), ((26, 12), ((28, 12),)), ((26, 11), ((28, 1), (28, 12))), ((28, 3), ((28, 1), (28, 12))), ((25, 4), ((28, 1),)), ((26, 3), ((28, 1),)), ((26, 10), ((1, 1), (1, 12))), ((26, 6), ((28, 12),)), ((15, 10), ((1, 1),)), ((15, 2), ((1, 12),)), ((20, 7), ((1, 1),)), ((23, 12), ((28, 1),)), ((22, 5), ((1, 1), (1, 12))), ((9, 8), ((1, 12),)), ((11, 8), ((1, 12),)), ((21, 2), ((1, 1), (1, 12))), ((28, 7), ((1, 1), (1, 12))), ((15, 1), ((1, 12),)), ((26, 9), ((28, 1), (28, 12)))]","[((28, 5), ((1, 1), (1, 12))), ((26, 11), ((28, 1), (28, 12))), ((16, 12), ((1, 1), (1, 12))), ((26, 12), ((28, 12),)), ((26, 6), ((28, 12),)), ((28, 3), ((28, 1), (28, 12))), ((25, 4), ((28, 1),)), ((26, 3), ((28, 1),)), ((26, 10), ((1, 1), (1, 12))), ((26, 9), ((28, 1), (28, 12))), ((15, 10), ((1, 1),)), ((15, 2), ((1, 12),)), ((20, 7), ((1, 1),)), ((23, 12), ((28, 1),)), ((22, 5), ((1, 1), (1, 12))), ((9, 8), ((1, 12),)), ((11, 8), ((1, 12),)), ((21, 2), ((1, 1), (1, 12))), ((28, 7), ((1, 1), (1, 12))), ((15, 1), ((1, 12),))]",606,85,17,102
607,"((28, 5), ((1, 1), (1, 12)))","((28, 6), ((1, 1), (1, 12)))",South,"[((28, 6), ((1, 1), (1, 12))), ((28, 4), ((1, 1), (1, 12)))]","[((28, 5), ((1, 1), (1, 12))), ((26, 11), ((28, 1), (28, 12))), ((16, 12), ((1, 1), (1, 12))), ((26, 12), ((28, 12),)), ((26, 6), ((28, 12),)), ((28, 3), ((28, 1), (28, 12))), ((25, 4), ((28, 1),)), ((26, 3), ((28, 1),)), ((26, 10), ((1, 1), (1, 12))), ((26, 9), ((28, 1), (28, 12))), ((15, 10), ((1, 1),)), ((15, 2), ((1, 12),)), ((20, 7), ((1, 1),)), ((23, 12), ((28, 1),)), ((22, 5), ((1, 1), (1, 12))), ((9, 8), ((1, 12),)), ((11, 8), ((1, 12),)), ((21, 2), ((1, 1), (1, 12))), ((28, 7), ((1, 1), (1, 12))), ((15, 1), ((1, 12),))]","[((26, 11), ((28, 1), (28, 12))), ((28, 4), ((1, 1), (1, 12))), ((16, 12), ((1, 1), (1, 12))), ((26, 10), ((1, 1), (1, 12))), ((26, 12), ((28, 12),)), ((28, 3), ((28, 1), (28, 12))), ((25, 4), ((28, 1),)), ((26, 3), ((28, 1),)), ((28, 7), ((1, 1), (1, 12))), ((26, 6), ((28, 12),)), ((15, 10), ((1, 1),)), ((15, 2), ((1, 12),)), ((20, 7), ((1, 1),)), ((23, 12), ((28, 1),)), ((22, 5), ((1, 1), (1, 12))), ((9, 8), ((1, 12),)), ((11, 8), ((1, 12),)), ((21, 2), ((1, 1), (1, 12))), ((15, 1), ((1, 12),)), ((26, 9), ((28, 1), (28, 12)))]",607,87,15,102
608,"((26, 11), ((28, 1), (28, 12)))","((26, 10), ((28, 1), (28, 12)))",North,"[((26, 12), ((28, 1), (28, 12))), ((26, 10), ((28, 1), (28, 12)))]","[((26, 11), ((28, 1), (28, 12))), ((28, 4), ((1, 1), (1, 12))), ((16, 12), ((1, 1), (1, 12))), ((26, 10), ((1, 1), (1, 12))), ((26, 12), ((28, 12),)), ((28, 3), ((28, 1), (28, 12))), ((25, 4), ((28, 1),)), ((26, 3), ((28, 1),)), ((28, 7), ((1, 1), (1, 12))), ((26, 6), ((28, 12),)), ((15, 10), ((1, 1),)), ((15, 2), ((1, 12),)), ((20, 7), ((1, 1),)), ((23, 12), ((28, 1),)), ((22, 5), ((1, 1), (1, 12))), ((9, 8), ((1, 12),)), ((11, 8), ((1, 12),)), ((21, 2), ((1, 1), (1, 12))), ((15, 1), ((1, 12),)), ((26, 9), ((28, 1), (28, 12)))]","[((28, 4), ((1, 1), (1, 12))), ((26, 12), ((28, 1), (28, 12))), ((16, 12), ((1, 1), (1, 12))), ((26, 10), ((1, 1), (1, 12))), ((26, 12), ((28, 12),)), ((28, 3), ((28, 1), (28, 12))), ((25, 4), ((28, 1),)), ((26, 3), ((28, 1),)), ((28, 7), ((1, 1), (1, 12))), ((26, 6), ((28, 12),)), ((15, 10), ((1, 1),)), ((15, 2), ((1, 12),)), ((20, 7), ((1, 1),)), ((23, 12), ((28, 1),)), ((22, 5), ((1, 1), (1, 12))), ((9, 8), ((1, 12),)), ((11, 8), ((1, 12),)), ((21, 2), ((1, 1), (1, 12))), ((15, 1), ((1, 12),)), ((26, 9), ((28, 1), (28, 12)))]",608,65,37,102
609,"((28, 4), ((1, 1), (1, 12)))","((28, 5), ((1, 1), (1, 12)))",South,"[((28, 5), ((1, 1), (1, 12))), ((28, 3), ((1, 1), (1, 12)))]","[((28, 4), ((1, 1), (1, 12))), ((26, 12), ((28, 1), (28, 12))), ((16, 12), ((1, 1), (1, 12))), ((26, 10), ((1, 1), (1, 12))), ((26, 12), ((28, 12),)), ((28, 3), ((28, 1), (28, 12))), ((25, 4), ((28, 1),)), ((26, 3), ((28, 1),)), ((28, 7), ((1, 1), (1, 12))), ((26, 6), ((28, 12),)), ((15, 10), ((1, 1),)), ((15, 2), ((1, 12),)), ((20, 7), ((1, 1),)), ((23, 12), ((28, 1),)), ((22, 5), ((1, 1), (1, 12))), ((9, 8), ((1, 12),)), ((11, 8), ((1, 12),)), ((21, 2), ((1, 1), (1, 12))), ((15, 1), ((1, 12),)), ((26, 9), ((28, 1), (28, 12)))]","[((26, 12), ((28, 1), (28, 12))), ((28, 3), ((1, 1), (1, 12))), ((16, 12), ((1, 1), (1, 12))), ((26, 10), ((1, 1), (1, 12))), ((26, 12), ((28, 12),)), ((28, 3), ((28, 1), (28, 12))), ((25, 4), ((28, 1),)), ((26, 3), ((28, 1),)), ((28, 7), ((1, 1), (1, 12))), ((26, 6), ((28, 12),)), ((15, 10), ((1, 1),)), ((15, 2), ((1, 12),)), ((20, 7), ((1, 1),)), ((23, 12), ((28, 1),)), ((22, 5), ((1, 1), (1, 12))), ((9, 8), ((1, 12),)), ((11, 8), ((1, 12),)), ((21, 2), ((1, 1), (1, 12))), ((15, 1), ((1, 12),)), ((26, 9), ((28, 1), (28, 12)))]",609,88,14,102
610,"((26, 12), ((28, 1), (28, 12)))","((26, 11), ((28, 1), (28, 12)))",North,"[((26, 11), ((28, 1), (28, 12))), ((25, 12), ((28, 1), (28, 12)))]","[((26, 12), ((28, 1), (28, 12))), ((28, 3), ((1, 1), (1, 12))), ((16, 12), ((1, 1), (1, 12))), ((26, 10), ((1, 1), (1, 12))), ((26, 12), ((28, 12),)), ((28, 3), ((28, 1), (28, 12))), ((25, 4), ((28, 1),)), ((26, 3), ((28, 1),)), ((28, 7), ((1, 1), (1, 12))), ((26, 6), ((28, 12),)), ((15, 10), ((1, 1),)), ((15, 2), ((1, 12),)), ((20, 7), ((1, 1),)), ((23, 12), ((28, 1),)), ((22, 5), ((1, 1), (1, 12))), ((9, 8), ((1, 12),)), ((11, 8), ((1, 12),)), ((21, 2), ((1, 1), (1, 12))), ((15, 1), ((1, 12),)), ((26, 9), ((28, 1), (28, 12)))]","[((28, 3), ((1, 1), (1, 12))), ((25, 12), ((28, 1), (28, 12))), ((16, 12), ((1, 1), (1, 12))), ((26, 10), ((1, 1), (1, 12))), ((26, 12), ((28, 12),)), ((28, 3), ((28, 1), (28, 12))), ((25, 4), ((28, 1),)), ((26, 3), ((28, 1),)), ((28, 7), ((1, 1), (1, 12))), ((26, 6), ((28, 12),)), ((15, 10), ((1, 1),)), ((15, 2), ((1, 12),)), ((20, 7), ((1, 1),)), ((23, 12), ((28, 1),)), ((22, 5), ((1, 1), (1, 12))), ((9, 8), ((1, 12),)), ((11, 8), ((1, 12),)), ((21, 2), ((1, 1), (1, 12))), ((15, 1), ((1, 12),)), ((26, 9), ((28, 1), (28, 12)))]",610,66,36,102
611,"((28, 3), ((1, 1), (1, 12)))","((28, 4), ((1, 1), (1, 12)))",South,"[((28, 4), ((1, 1), (1, 12))), ((28, 2), ((1, 1), (1, 12)))]","[((28, 3), ((1, 1), (1, 12))), ((25, 12), ((28, 1), (28, 12))), ((16, 12), ((1, 1), (1, 12))), ((26, 10), ((1, 1), (1, 12))), ((26, 12), ((28, 12),)), ((28, 3), ((28, 1), (28, 12))), ((25, 4), ((28, 1),)), ((26, 3), ((28, 1),)), ((28, 7), ((1, 1), (1, 12))), ((26, 6), ((28, 12),)), ((15, 10), ((1, 1),)), ((15, 2), ((1, 12),)), ((20, 7), ((1, 1),)), ((23, 12), ((28, 1),)), ((22, 5), ((1, 1), (1, 12))), ((9, 8), ((1, 12),)), ((11, 8), ((1, 12),)), ((21, 2), ((1, 1), (1, 12))), ((15, 1), ((1, 12),)), ((26, 9), ((28, 1), (28, 12)))]","[((25, 12), ((28, 1), (28, 12))), ((28, 2), ((1, 1), (1, 12))), ((16, 12), ((1, 1), (1, 12))), ((26, 10), ((1, 1), (1, 12))), ((26, 12), ((28, 12),)), ((28, 3), ((28, 1), (28, 12))), ((25, 4), ((28, 1),)), ((26, 3), ((28, 1),)), ((28, 7), ((1, 1), (1, 12))), ((26, 6), ((28, 12),)), ((15, 10), ((1, 1),)), ((15, 2), ((1, 12),)), ((20, 7), ((1, 1),)), ((23, 12), ((28, 1),)), ((22, 5), ((1, 1), (1, 12))), ((9, 8), ((1, 12),)), ((11, 8), ((1, 12),)), ((21, 2), ((1, 1), (1, 12))), ((15, 1), ((1, 12),)), ((26, 9), ((28, 1), (28, 12)))]",611,89,13,102
612,"((25, 12), ((28, 1), (28, 12)))","((26, 12), ((28, 1), (28, 12)))",West,"[((26, 12), ((28, 1), (28, 12))), ((24, 12), ((28, 1), (28, 12)))]","[((25, 12), ((28, 1), (28, 12))), ((28, 2), ((1, 1), (1, 12))), ((16, 12), ((1, 1), (1, 12))), ((26, 10), ((1, 1), (1, 12))), ((26, 12), ((28, 12),)), ((28, 3), ((28, 1), (28, 12))), ((25, 4), ((28, 1),)), ((26, 3), ((28, 1),)), ((28, 7), ((1, 1), (1, 12))), ((26, 6), ((28, 12),)), ((15, 10), ((1, 1),)), ((15, 2), ((1, 12),)), ((20, 7), ((1, 1),)), ((23, 12), ((28, 1),)), ((22, 5), ((1, 1), (1, 12))), ((9, 8), ((1, 12),)), ((11, 8), ((1, 12),)), ((21, 2), ((1, 1), (1, 12))), ((15, 1), ((1, 12),)), ((26, 9), ((28, 1), (28, 12)))]","[((28, 2), ((1, 1), (1, 12))), ((24, 12), ((28, 1), (28, 12))), ((16, 12), ((1, 1), (1, 12))), ((26, 10), ((1, 1), (1, 12))), ((26, 12), ((28, 12),)), ((28, 3), ((28, 1), (28, 12))), ((25, 4), ((28, 1),)), ((26, 3), ((28, 1),)), ((28, 7), ((1, 1), (1, 12))), ((26, 6), ((28, 12),)), ((15, 10), ((1, 1),)), ((15, 2), ((1, 12),)), ((20, 7), ((1, 1),)), ((23, 12), ((28, 1),)), ((22, 5), ((1, 1), (1, 12))), ((9, 8), ((1, 12),)), ((11, 8), ((1, 12),)), ((21, 2), ((1, 1), (1, 12))), ((15, 1), ((1, 12),)), ((26, 9), ((28, 1), (28, 12)))]",612,67,35,102
613,"((28, 2), ((1, 1), (1, 12)))","((28, 3), ((1, 1), (1, 12)))",South,"[((28, 3), ((1, 1), (1, 12))), ((28, 1), ((1, 1), (1, 12), (28, 1)))]","[((28, 2), ((1, 1), (1, 12))), ((24, 12), ((28, 1), (28, 12))), ((16, 12), ((1, 1), (1, 12))), ((26, 10), ((1, 1), (1, 12))), ((26, 12), ((28, 12),)), ((28, 3), ((28, 1), (28, 12))), ((25, 4), ((28, 1),)), ((26, 3), ((28, 1),)), ((28, 7), ((1, 1), (1, 12))), ((26, 6), ((28, 12),)), ((15, 10), ((1, 1),)), ((15, 2), ((1, 12),)), ((20, 7), ((1, 1),)), ((23, 12), ((28, 1),)), ((22, 5), ((1, 1), (1, 12))), ((9, 8), ((1, 12),)), ((11, 8), ((1, 12),)), ((21, 2), ((1, 1), (1, 12))), ((15, 1), ((1, 12),)), ((26, 9), ((28, 1), (28, 12)))]","[((24, 12), ((28, 1), (28, 12))), ((28, 1), ((1, 1), (1, 12), (28, 1))), ((16, 12), ((1, 1), (1, 12))), ((26, 10), ((1, 1), (1, 12))), ((26, 12), ((28, 12),)), ((28, 3), ((28, 1), (28, 12))), ((25, 4), ((28, 1),)), ((26, 3), ((28, 1),)), ((28, 7), ((1, 1), (1, 12))), ((26, 6), ((28, 12),)), ((15, 10), ((1, 1),)), ((15, 2), ((1, 12),)), ((20, 7), ((1, 1),)), ((23, 12), ((28, 1),)), ((22, 5), ((1, 1), (1, 12))), ((9, 8), ((1, 12),)), ((11, 8), ((1, 12),)), ((21, 2), ((1, 1), (1, 12))), ((15, 1), ((1, 12),)), ((26, 9), ((28, 1), (28, 12)))]",613,90,12,102
614,"((24, 12), ((28, 1), (28, 12)))","((25, 12), ((28, 1), (28, 12)))",West,"[((25, 12), ((28, 1), (28, 12))), ((23, 12), ((28, 1), (28, 12)))]","[((24, 12), ((28, 1), (28, 12))), ((28, 1), ((1, 1), (1, 12), (28, 1))), ((16, 12), ((1, 1), (1, 12))), ((26, 10), ((1, 1), (1, 12))), ((26, 12), ((28, 12),)), ((28, 3), ((28, 1), (28, 12))), ((25, 4), ((28, 1),)), ((26, 3), ((28, 1),)), ((28, 7), ((1, 1), (1, 12))), ((26, 6), ((28, 12),)), ((15, 10), ((1, 1),)), ((15, 2), ((1, 12),)), ((20, 7), ((1, 1),)), ((23, 12), ((28, 1),)), ((22, 5), ((1, 1), (1, 12))), ((9, 8), ((1, 12),)), ((11, 8), ((1, 12),)), ((21, 2), ((1, 1), (1, 12))), ((15, 1), ((1, 12),)), ((26, 9), ((28, 1), (28, 12)))]","[((28, 1), ((1, 1), (1, 12), (28, 1))), ((23, 12), ((28, 1), (28, 12))), ((16, 12), ((1, 1), (1, 12))), ((26, 10), ((1, 1), (1, 12))), ((26, 12), ((28, 12),)), ((28, 3), ((28, 1), (28, 12))), ((25, 4), ((28, 1),)), ((26, 3), ((28, 1),)), ((28, 7), ((1, 1), (1, 12))), ((26, 6), ((28, 12),)), ((15, 10), ((1, 1),)), ((15, 2), ((1, 12),)), ((20, 7), ((1, 1),)), ((23, 12), ((28, 1),)), ((22, 5), ((1, 1), (1, 12))), ((9, 8), ((1, 12),)), ((11, 8), ((1, 12),)), ((21, 2), ((1, 1), (1, 12))), ((15, 1), ((1, 12),)), ((26, 9), ((28, 1), (28, 12)))]",614,68,34,102
615,"((28, 1), ((1, 1), (1, 12), (28, 1)))","((28, 2), ((1, 1), (1, 12)))",South,"[((28, 2), ((1, 1), (1, 12), (28, 1))), ((27, 1), ((1, 1), (1, 12), (28, 1)))]","[((28, 1), ((1, 1), (1, 12), (28, 1))), ((23, 12), ((28, 1), (28, 12))), ((16, 12), ((1, 1), (1, 12))), ((26, 10), ((1, 1), (1, 12))), ((26, 12), ((28, 12),)), ((28, 3), ((28, 1), (28, 12))), ((25, 4), ((28, 1),)), ((26, 3), ((28, 1),)), ((28, 7), ((1, 1), (1, 12))), ((26, 6), ((28, 12),)), ((15, 10), ((1, 1),)), ((15, 2), ((1, 12),)), ((20, 7), ((1, 1),)), ((23, 12), ((28, 1),)), ((22, 5), ((1, 1), (1, 12))), ((9, 8), ((1, 12),)), ((11, 8), ((1, 12),)), ((21, 2), ((1, 1), (1, 12))), ((15, 1), ((1, 12),)), ((26, 9), ((28, 1), (28, 12)))]","[((23, 12), ((28, 1), (28, 12))), ((28, 2), ((1, 1), (1, 12), (28, 1))), ((16, 12), ((1, 1), (1, 12))), ((26, 10), ((1, 1), (1, 12))), ((26, 12), ((28, 12),)), ((28, 3), ((28, 1), (28, 12))), ((25, 4), ((28, 1),)), ((26, 3), ((28, 1),)), ((28, 7), ((1, 1), (1, 12))), ((26, 6), ((28, 12),)), ((15, 10), ((1, 1),)), ((15, 2), ((1, 12),)), ((20, 7), ((1, 1),)), ((23, 12), ((28, 1),)), ((22, 5), ((1, 1), (1, 12))), ((9, 8), ((1, 12),)), ((11, 8), ((1, 12),)), ((21, 2), ((1, 1), (1, 12))), ((15, 1), ((1, 12),)), ((26, 9), ((28, 1), (28, 12))), ((27, 1), ((1, 1), (1, 12), (28, 1)))]",615,91,11,102
616,"((23, 12), ((28, 1), (28, 12)))","((24, 12), ((28, 1), (28, 12)))",West,"[((24, 12), ((28, 1), (28, 12))), ((22, 12), ((28, 1), (28, 12)))]","[((23, 12), ((28, 1), (28, 12))), ((28, 2), ((1, 1), (1, 12), (28, 1))), ((16, 12), ((1, 1), (1, 12))), ((26, 10), ((1, 1), (1, 12))), ((26, 12), ((28, 12),)), ((28, 3), ((28, 1), (28, 12))), ((25, 4), ((28, 1),)), ((26, 3), ((28, 1),)), ((28, 7), ((1, 1), (1, 12))), ((26, 6), ((28, 12),)), ((15, 10), ((1, 1),)), ((15, 2), ((1, 12),)), ((20, 7), ((1, 1),)), ((23, 12), ((28, 1),)), ((22, 5), ((1, 1), (1, 12))), ((9, 8), ((1, 12),)), ((11, 8), ((1, 12),)), ((21, 2), ((1, 1), (1, 12))), ((15, 1), ((1, 12),)), ((26, 9), ((28, 1), (28, 12))), ((27, 1), ((1, 1), (1, 12), (28, 1)))]","[((28, 2), ((1, 1), (1, 12), (28, 1))), ((22, 12), ((28, 1), (28, 12))), ((16, 12), ((1, 1), (1, 12))), ((26, 10), ((1, 1), (1, 12))), ((26, 12), ((28, 12),)), ((28, 3), ((28, 1), (28, 12))), ((25, 4), ((28, 1),)), ((26, 3), ((28, 1),)), ((28, 7), ((1, 1), (1, 12))), ((26, 6), ((28, 12),)), ((15, 10), ((1, 1),)), ((15, 2), ((1, 12),)), ((20, 7), ((1, 1),)), ((23, 12), ((28, 1),)), ((22, 5), ((1, 1), (1, 12))), ((9, 8), ((1, 12),)), ((11, 8), ((1, 12),)), ((21, 2), ((1, 1), (1, 12))), ((15, 1), ((1, 12),)), ((27, 1), ((1, 1), (1, 12), (28, 1))), ((26, 9), ((28, 1), (28, 12)))]",616,69,33,102
617,"((28, 2), ((1, 1), (1, 12), (28, 1)))","((28, 1), ((1, 1), (1, 12), (28, 1)))",North,"[((28, 3), ((1, 1), (1, 12), (28, 1))), ((28, 1), ((1, 1), (1, 12), (28, 1)))]","[((28, 2), ((1, 1), (1, 12), (28, 1))), ((22, 12), ((28, 1), (28, 12))), ((16, 12), ((1, 1), (1, 12))), ((26, 10), ((1, 1), (1, 12))), ((26, 12), ((28, 12),)), ((28, 3), ((28, 1), (28, 12))), ((25, 4), ((28, 1),)), ((26, 3), ((28, 1),)), ((28, 7), ((1, 1), (1, 12))), ((26, 6), ((28, 12),)), ((15, 10), ((1, 1),)), ((15, 2), ((1, 12),)), ((20, 7), ((1, 1),)), ((23, 12), ((28, 1),)), ((22, 5), ((1, 1), (1, 12))), ((9, 8), ((1, 12),)), ((11, 8), ((1, 12),)), ((21, 2), ((1, 1), (1, 12))), ((15, 1), ((1, 12),)), ((27, 1), ((1, 1), (1, 12), (28, 1))), ((26, 9), ((28, 1), (28, 12)))]","[((22, 12), ((28, 1), (28, 12))), ((28, 3), ((1, 1), (1, 12), (28, 1))), ((16, 12), ((1, 1), (1, 12))), ((26, 10), ((1, 1), (1, 12))), ((26, 12), ((28, 12),)), ((28, 3), ((28, 1), (28, 12))), ((25, 4), ((28, 1),)), ((26, 3), ((28, 1),)), ((28, 7), ((1, 1), (1, 12))), ((26, 6), ((28, 12),)), ((15, 10), ((1, 1),)), ((15, 2), ((1, 12),)), ((20, 7), ((1, 1),)), ((23, 12), ((28, 1),)), ((22, 5), ((1, 1), (1, 12))), ((9, 8), ((1, 12),)), ((11, 8), ((1, 12),)), ((21, 2), ((1, 1), (1, 12))), ((15, 1), ((1, 12),)), ((27, 1), ((1, 1), (1, 12), (28, 1))), ((26, 9), ((28, 1), (28, 12)))]",617,92,10,102
618,"((22, 12), ((28, 1), (28, 12)))","((23, 12), ((28, 1), (28, 12)))",West,"[((23, 12), ((28, 1), (28, 12))), ((21, 12), ((28, 1), (28, 12)))]","[((22, 12), ((28, 1), (28, 12))), ((28, 3), ((1, 1), (1, 12), (28, 1))), ((16, 12), ((1, 1), (1, 12))), ((26, 10), ((1, 1), (1, 12))), ((26, 12), ((28, 12),)), ((28, 3), ((28, 1), (28, 12))), ((25, 4), ((28, 1),)), ((26, 3), ((28, 1),)), ((28, 7), ((1, 1), (1, 12))), ((26, 6), ((28, 12),)), ((15, 10), ((1, 1),)), ((15, 2), ((1, 12),)), ((20, 7), ((1, 1),)), ((23, 12), ((28, 1),)), ((22, 5), ((1, 1), (1, 12))), ((9, 8), ((1, 12),)), ((11, 8), ((1, 12),)), ((21, 2), ((1, 1), (1, 12))), ((15, 1), ((1, 12),)), ((27, 1), ((1, 1), (1, 12), (28, 1))), ((26, 9), ((28, 1), (28, 12)))]","[((28, 3), ((1, 1), (1, 12), (28, 1))), ((21, 12), ((28, 1), (28, 12))), ((16, 12), ((1, 1), (1, 12))), ((26, 10), ((1, 1), (1, 12))), ((26, 12), ((28, 12),)), ((28, 3), ((28, 1), (28, 12))), ((25, 4), ((28, 1),)), ((26, 3), ((28, 1),)), ((28, 7), ((1, 1), (1, 12))), ((26, 6), ((28, 12),)), ((15, 10), ((1, 1),)), ((15, 2), ((1, 12),)), ((20, 7), ((1, 1),)), ((23, 12), ((28, 1),)), ((22, 5), ((1, 1), (1, 12))), ((9, 8), ((1, 12),)), ((11, 8), ((1, 12),)), ((21, 2), ((1, 1), (1, 12))), ((15, 1), ((1, 12),)), ((27, 1), ((1, 1), (1, 12), (28, 1))), ((26, 9), ((28, 1), (28, 12)))]",618,70,32,102
619,"((28, 3), ((1, 1), (1, 12), (28, 1)))","((28, 2), ((1, 1), (1, 12), (28, 1)))",North,"[((28, 4), ((1, 1), (1, 12), (28, 1))), ((28, 2), ((1, 1), (1, 12), (28, 1)))]","[((28, 3), ((1, 1), (1, 12), (28, 1))), ((21, 12), ((28, 1), (28, 12))), ((16, 12), ((1, 1), (1, 12))), ((26, 10), ((1, 1), (1, 12))), ((26, 12), ((28, 12),)), ((28, 3), ((28, 1), (28, 12))), ((25, 4), ((28, 1),)), ((26, 3), ((28, 1),)), ((28, 7), ((1, 1), (1, 12))), ((26, 6), ((28, 12),)), ((15, 10), ((1, 1),)), ((15, 2), ((1, 12),)), ((20, 7), ((1, 1),)), ((23, 12), ((28, 1),)), ((22, 5), ((1, 1), (1, 12))), ((9, 8), ((1, 12),)), ((11, 8), ((1, 12),)), ((21, 2), ((1, 1), (1, 12))), ((15, 1), ((1, 12),)), ((27, 1), ((1, 1), (1, 12), (28, 1))), ((26, 9), ((28, 1), (28, 12)))]","[((21, 12), ((28, 1), (28, 12))), ((28, 4), ((1, 1), (1, 12), (28, 1))), ((16, 12), ((1, 1), (1, 12))), ((26, 10), ((1, 1), (1, 12))), ((26, 12), ((28, 12),)), ((28, 3), ((28, 1), (28, 12))), ((25, 4), ((28, 1),)), ((26, 3), ((28, 1),)), ((28, 7), ((1, 1), (1, 12))), ((26, 6), ((28, 12),)), ((15, 10), ((1, 1),)), ((15, 2), ((1, 12),)), ((20, 7), ((1, 1),)), ((23, 12), ((28, 1),)), ((22, 5), ((1, 1), (1, 12))), ((9, 8), ((1, 12),)), ((11, 8), ((1, 12),)), ((21, 2), ((1, 1), (1, 12))), ((15, 1), ((1, 12),)), ((27, 1), ((1, 1), (1, 12), (28, 1))), ((26, 9), ((28, 1), (28, 12)))]",619,93,9,102
620,"((21, 12), ((28, 1), (28, 12)))","((22, 12), ((28, 1), (28, 12)))",West,"[((22, 12), ((28, 1), (28, 12))), ((20, 12), ((28, 1), (28, 12)))]","[((21, 12), ((28, 1), (28, 12))), ((28, 4), ((1, 1), (1, 12), (28, 1))), ((16, 12), ((1, 1), (1, 12))), ((26, 10), ((1, 1), (1, 12))), ((26, 12), ((28, 12),)), ((28, 3), ((28, 1), (28, 12))), ((25, 4), ((28, 1),)), ((26, 3), ((28, 1),)), ((28, 7), ((1, 1), (1, 12))), ((26, 6), ((28, 12),)), ((15, 10), ((1, 1),)), ((15, 2), ((1, 12),)), ((20, 7), ((1, 1),)), ((23, 12), ((28, 1),)), ((22, 5), ((1, 1), (1, 12))), ((9, 8), ((1, 12),)), ((11, 8), ((1, 12),)), ((21, 2), ((1, 1), (1, 12))), ((15, 1), ((1, 12),)), ((27, 1), ((1, 1), (1, 12), (28, 1))), ((26, 9), ((28, 1), (28, 12)))]","[((28, 4), ((1, 1), (1, 12), (28, 1))), ((20, 12), ((28, 1), (28, 12))), ((16, 12), ((1, 1), (1, 12))), ((26, 10), ((1, 1), (1, 12))), ((26, 12), ((28, 12),)), ((28, 3), ((28, 1), (28, 12))), ((25, 4), ((28, 1),)), ((26, 3), ((28, 1),)), ((28, 7), ((1, 1), (1, 12))), ((26, 6), ((28, 12),)), ((15, 10), ((1, 1),)), ((15, 2), ((1, 12),)), ((20, 7), ((1, 1),)), ((23, 12), ((28, 1),)), ((22, 5), ((1, 1), (1, 12))), ((9, 8), ((1, 12),)), ((11, 8), ((1, 12),)), ((21, 2), ((1, 1), (1, 12))), ((15, 1), ((1, 12),)), ((27, 1), ((1, 1), (1, 12), (28, 1))), ((26, 9), ((28, 1), (28, 12)))]",620,71,31,102
621,"((28, 4), ((1, 1), (1, 12), (28, 1)))","((28, 3), ((1, 1), (1, 12), (28, 1)))",North,"[((28, 5), ((1, 1), (1, 12), (28, 1))), ((28, 3), ((1, 1), (1, 12), (28, 1)))]","[((28, 4), ((1, 1), (1, 12), (28, 1))), ((20, 12), ((28, 1), (28, 12))), ((16, 12), ((1, 1), (1, 12))), ((26, 10), ((1, 1), (1, 12))), ((26, 12), ((28, 12),)), ((28, 3), ((28, 1), (28, 12))), ((25, 4), ((28, 1),)), ((26, 3), ((28, 1),)), ((28, 7), ((1, 1), (1, 12))), ((26, 6), ((28, 12),)), ((15, 10), ((1, 1),)), ((15, 2), ((1, 12),)), ((20, 7), ((1, 1),)), ((23, 12), ((28, 1),)), ((22, 5), ((1, 1), (1, 12))), ((9, 8), ((1, 12),)), ((11, 8), ((1, 12),)), ((21, 2), ((1, 1), (1, 12))), ((15, 1), ((1, 12),)), ((27, 1), ((1, 1), (1, 12), (28, 1))), ((26, 9), ((28, 1), (28, 12)))]","[((20, 12), ((28, 1), (28, 12))), ((28, 5), ((1, 1), (1, 12), (28, 1))), ((16, 12), ((1, 1), (1, 12))), ((26, 10), ((1, 1), (1, 12))), ((26, 12), ((28, 12),)), ((28, 3), ((28, 1), (28, 12))), ((25, 4), ((28, 1),)), ((26, 3), ((28, 1),)), ((28, 7), ((1, 1), (1, 12))), ((26, 6), ((28, 12),)), ((15, 10), ((1, 1),)), ((15, 2), ((1, 12),)), ((20, 7), ((1, 1),)), ((23, 12), ((28, 1),)), ((22, 5), ((1, 1), (1, 12))), ((9, 8), ((1, 12),)), ((11, 8), ((1, 12),)), ((21, 2), ((1, 1), (1, 12))), ((15, 1), ((1, 12),)), ((27, 1), ((1, 1), (1, 12), (28, 1))), ((26, 9), ((28, 1), (28, 12)))]",621,94,8,102
622,"((20, 12), ((28, 1), (28, 12)))","((21, 12), ((28, 1), (28, 12)))",West,"[((21, 12), ((28, 1), (28, 12))), ((19, 12), ((28, 1), (28, 12)))]","[((20, 12), ((28, 1), (28, 12))), ((28, 5), ((1, 1), (1, 12), (28, 1))), ((16, 12), ((1, 1), (1, 12))), ((26, 10), ((1, 1), (1, 12))), ((26, 12), ((28, 12),)), ((28, 3), ((28, 1), (28, 12))), ((25, 4), ((28, 1),)), ((26, 3), ((28, 1),)), ((28, 7), ((1, 1), (1, 12))), ((26, 6), ((28, 12),)), ((15, 10), ((1, 1),)), ((15, 2), ((1, 12),)), ((20, 7), ((1, 1),)), ((23, 12), ((28, 1),)), ((22, 5), ((1, 1), (1, 12))), ((9, 8), ((1, 12),)), ((11, 8), ((1, 12),)), ((21, 2), ((1, 1), (1, 12))), ((15, 1), ((1, 12),)), ((27, 1), ((1, 1), (1, 12), (28, 1))), ((26, 9), ((28, 1), (28, 12)))]","[((28, 5), ((1, 1), (1, 12), (28, 1))), ((19, 12), ((28, 1), (28, 12))), ((16, 12), ((1, 1), (1, 12))), ((26, 10), ((1, 1), (1, 12))), ((26, 12), ((28, 12),)), ((28, 3), ((28, 1), (28, 12))), ((25, 4), ((28, 1),)), ((26, 3), ((28, 1),)), ((28, 7), ((1, 1), (1, 12))), ((26, 6), ((28, 12),)), ((15, 10), ((1, 1),)), ((15, 2), ((1, 12),)), ((20, 7), ((1, 1),)), ((23, 12), ((28, 1),)), ((22, 5), ((1, 1), (1, 12))), ((9, 8), ((1, 12),)), ((11, 8), ((1, 12),)), ((21, 2), ((1, 1), (1, 12))), ((15, 1), ((1, 12),)), ((27, 1), ((1, 1), (1, 12), (28, 1))), ((26, 9), ((28, 1), (28, 12)))]",622,72,30,102
623,"((28, 5), ((1, 1), (1, 12), (28, 1)))","((28, 4), ((1, 1), (1, 12), (28, 1)))",North,"[((28, 6), ((1, 1), (1, 12), (28, 1))), ((28, 4), ((1, 1), (1, 12), (28, 1)))]","[((28, 5), ((1, 1), (1, 12), (28, 1))), ((19, 12), ((28, 1), (28, 12))), ((16, 12), ((1, 1), (1, 12))), ((26, 10), ((1, 1), (1, 12))), ((26, 12), ((28, 12),)), ((28, 3), ((28, 1), (28, 12))), ((25, 4), ((28, 1),)), ((26, 3), ((28, 1),)), ((28, 7), ((1, 1), (1, 12))), ((26, 6), ((28, 12),)), ((15, 10), ((1, 1),)), ((15, 2), ((1, 12),)), ((20, 7), ((1, 1),)), ((23, 12), ((28, 1),)), ((22, 5), ((1, 1), (1, 12))), ((9, 8), ((1, 12),)), ((11, 8), ((1, 12),)), ((21, 2), ((1, 1), (1, 12))), ((15, 1), ((1, 12),)), ((27, 1), ((1, 1), (1, 12), (28, 1))), ((26, 9), ((28, 1), (28, 12)))]","[((19, 12), ((28, 1), (28, 12))), ((28, 6), ((1, 1), (1, 12), (28, 1))), ((16, 12), ((1, 1), (1, 12))), ((26, 10), ((1, 1), (1, 12))), ((26, 12), ((28, 12),)), ((28, 3), ((28, 1), (28, 12))), ((25, 4), ((28, 1),)), ((26, 3), ((28, 1),)), ((28, 7), ((1, 1), (1, 12))), ((26, 6), ((28, 12),)), ((15, 10), ((1, 1),)), ((15, 2), ((1, 12),)), ((20, 7), ((1, 1),)), ((23, 12), ((28, 1),)), ((22, 5), ((1, 1), (1, 12))), ((9, 8), ((1, 12),)), ((11, 8), ((1, 12),)), ((21, 2), ((1, 1), (1, 12))), ((15, 1), ((1, 12),)), ((27, 1), ((1, 1), (1, 12), (28, 1))), ((26, 9), ((28, 1), (28, 12)))]",623,95,7,102
624,"((19, 12), ((28, 1), (28, 12)))","((20, 12), ((28, 1), (28, 12)))",West,"[((20, 12), ((28, 1), (28, 12))), ((18, 12), ((28, 1), (28, 12)))]","[((19, 12), ((28, 1), (28, 12))), ((28, 6), ((1, 1), (1, 12), (28, 1))), ((16, 12), ((1, 1), (1, 12))), ((26, 10), ((1, 1), (1, 12))), ((26, 12), ((28, 12),)), ((28, 3), ((28, 1), (28, 12))), ((25, 4), ((28, 1),)), ((26, 3), ((28, 1),)), ((28, 7), ((1, 1), (1, 12))), ((26, 6), ((28, 12),)), ((15, 10), ((1, 1),)), ((15, 2), ((1, 12),)), ((20, 7), ((1, 1),)), ((23, 12), ((28, 1),)), ((22, 5), ((1, 1), (1, 12))), ((9, 8), ((1, 12),)), ((11, 8), ((1, 12),)), ((21, 2), ((1, 1), (1, 12))), ((15, 1), ((1, 12),)), ((27, 1), ((1, 1), (1, 12), (28, 1))), ((26, 9), ((28, 1), (28, 12)))]","[((28, 6), ((1, 1), (1, 12), (28, 1))), ((18, 12), ((28, 1), (28, 12))), ((16, 12), ((1, 1), (1, 12))), ((26, 10), ((1, 1), (1, 12))), ((26, 12), ((28, 12),)), ((28, 3), ((28, 1), (28, 12))), ((25, 4), ((28, 1),)), ((26, 3), ((28, 1),)), ((28, 7), ((1, 1), (1, 12))), ((26, 6), ((28, 12),)), ((15, 10), ((1, 1),)), ((15, 2), ((1, 12),)), ((20, 7), ((1, 1),)), ((23, 12), ((28, 1),)), ((22, 5), ((1, 1), (1, 12))), ((9, 8), ((1, 12),)), ((11, 8), ((1, 12),)), ((21, 2), ((1, 1), (1, 12))), ((15, 1), ((1, 12),)), ((27, 1), ((1, 1), (1, 12), (28, 1))), ((26, 9), ((28, 1), (28, 12)))]",624,73,29,102
625,"((28, 6), ((1, 1), (1, 12), (28, 1)))","((28, 5), ((1, 1), (1, 12), (28, 1)))",North,"[((28, 7), ((1, 1), (1, 12), (28, 1))), ((28, 5), ((1, 1), (1, 12), (28, 1))), ((27, 6), ((1, 1), (1, 12), (28, 1)))]","[((28, 6), ((1, 1), (1, 12), (28, 1))), ((18, 12), ((28, 1), (28, 12))), ((16, 12), ((1, 1), (1, 12))), ((26, 10), ((1, 1), (1, 12))), ((26, 12), ((28, 12),)), ((28, 3), ((28, 1), (28, 12))), ((25, 4), ((28, 1),)), ((26, 3), ((28, 1),)), ((28, 7), ((1, 1), (1, 12))), ((26, 6), ((28, 12),)), ((15, 10), ((1, 1),)), ((15, 2), ((1, 12),)), ((20, 7), ((1, 1),)), ((23, 12), ((28, 1),)), ((22, 5), ((1, 1), (1, 12))), ((9, 8), ((1, 12),)), ((11, 8), ((1, 12),)), ((21, 2), ((1, 1), (1, 12))), ((15, 1), ((1, 12),)), ((27, 1), ((1, 1), (1, 12), (28, 1))), ((26, 9), ((28, 1), (28, 12)))]","[((18, 12), ((28, 1), (28, 12))), ((28, 7), ((1, 1), (1, 12), (28, 1))), ((16, 12), ((1, 1), (1, 12))), ((26, 10), ((1, 1), (1, 12))), ((26, 12), ((28, 12),)), ((28, 3), ((28, 1), (28, 12))), ((25, 4), ((28, 1),)), ((26, 3), ((28, 1),)), ((28, 7), ((1, 1), (1, 12))), ((26, 6), ((28, 12),)), ((27, 6), ((1, 1), (1, 12), (28, 1))), ((15, 2), ((1, 12),)), ((20, 7), ((1, 1),)), ((23, 12), ((28, 1),)), ((22, 5), ((1, 1), (1, 12))), ((9, 8), ((1, 12),)), ((11, 8), ((1, 12),)), ((21, 2), ((1, 1), (1, 12))), ((15, 1), ((1, 12),)), ((27, 1), ((1, 1), (1, 12), (28, 1))), ((26, 9), ((28, 1), (28, 12))), ((15, 10), ((1, 1),))]",625,96,6,102
626,"((18, 12), ((28, 1), (28, 12)))","((19, 12), ((28, 1), (28, 12)))",West,"[((18, 11), ((28, 1), (28, 12))), ((19, 12), ((28, 1), (28, 12))), ((17, 12), ((28, 1), (28, 12)))]","[((18, 12), ((28, 1), (28, 12))), ((28, 7), ((1, 1), (1, 12), (28, 1))), ((16, 12), ((1, 1), (1, 12))), ((26, 10), ((1, 1), (1, 12))), ((26, 12), ((28, 12),)), ((28, 3), ((28, 1), (28, 12))), ((25, 4), ((28, 1),)), ((26, 3), ((28, 1),)), ((28, 7), ((1, 1), (1, 12))), ((26, 6), ((28, 12),)), ((27, 6), ((1, 1), (1, 12), (28, 1))), ((15, 2), ((1, 12),)), ((20, 7), ((1, 1),)), ((23, 12), ((28, 1),)), ((22, 5), ((1, 1), (1, 12))), ((9, 8), ((1, 12),)), ((11, 8), ((1, 12),)), ((21, 2), ((1, 1), (1, 12))), ((15, 1), ((1, 12),)), ((27, 1), ((1, 1), (1, 12), (28, 1))), ((26, 9), ((28, 1), (28, 12))), ((15, 10), ((1, 1),))]","[((28, 7), ((1, 1), (1, 12), (28, 1))), ((17, 12), ((28, 1), (28, 12))), ((16, 12), ((1, 1), (1, 12))), ((26, 10), ((1, 1), (1, 12))), ((26, 12), ((28, 12),)), ((28, 3), ((28, 1), (28, 12))), ((25, 4), ((28, 1),)), ((26, 3), ((28, 1),)), ((28, 7), ((1, 1), (1, 12))), ((26, 9), ((28, 1), (28, 12))), ((26, 6), ((28, 12),)), ((15, 2), ((1, 12),)), ((20, 7), ((1, 1),)), ((23, 12), ((28, 1),)), ((22, 5), ((1, 1), (1, 12))), ((9, 8), ((1, 12),)), ((11, 8), ((1, 12),)), ((21, 2), ((1, 1), (1, 12))), ((15, 1), ((1, 12),)), ((27, 1), ((1, 1), (1, 12), (28, 1))), ((15, 10), ((1, 1),)), ((18, 11), ((28, 1), (28, 12))), ((27, 6), ((1, 1), (1, 12), (28, 1)))]",626,74,28,102
627,"((28, 7), ((1, 1), (1, 12), (28, 1)))","((28, 6), ((1, 1), (1, 12), (28, 1)))",North,"[((28, 8), ((1, 1), (1, 12), (28, 1))), ((28, 6), ((1, 1), (1, 12), (28, 1)))]","[((28, 7), ((1, 1), (1, 12), (28, 1))), ((17, 12), ((28, 1), (28, 12))), ((16, 12), ((1, 1), (1, 12))), ((26, 10), ((1, 1), (1, 12))), ((26, 12), ((28, 12),)), ((28, 3), ((28, 1), (28, 12))), ((25, 4), ((28, 1),)), ((26, 3), ((28, 1),)), ((28, 7), ((1, 1), (1, 12))), ((26, 9), ((28, 1), (28, 12))), ((26, 6), ((28, 12),)), ((15, 2), ((1, 12),)), ((20, 7), ((1, 1),)), ((23, 12), ((28, 1),)), ((22, 5), ((1, 1), (1, 12))), ((9, 8), ((1, 12),)), ((11, 8), ((1, 12),)), ((21, 2), ((1, 1), (1, 12))), ((15, 1), ((1, 12),)), ((27, 1), ((1, 1), (1, 12), (28, 1))), ((15, 10), ((1, 1),)), ((18, 11), ((28, 1), (28, 12))), ((27, 6), ((1, 1), (1, 12), (28, 1)))]","[((17, 12), ((28, 1), (28, 12))), ((28, 8), ((1, 1), (1, 12), (28, 1))), ((16, 12), ((1, 1), (1, 12))), ((26, 10), ((1, 1), (1, 12))), ((26, 12), ((28, 12),)), ((28, 3), ((28, 1), (28, 12))), ((25, 4), ((28, 1),)), ((26, 3), ((28, 1),)), ((28, 7), ((1, 1), (1, 12))), ((26, 9), ((28, 1), (28, 12))), ((26, 6), ((28, 12),)), ((15, 2), ((1, 12),)), ((20, 7), ((1, 1),)), ((23, 12), ((28, 1),)), ((22, 5), ((1, 1), (1, 12))), ((9, 8), ((1, 12),)), ((11, 8), ((1, 12),)), ((21, 2), ((1, 1), (1, 12))), ((15, 1), ((1, 12),)), ((27, 1), ((1, 1), (1, 12), (28, 1))), ((15, 10), ((1, 1),)), ((18, 11), ((28, 1), (28, 12))), ((27, 6), ((1, 1), (1, 12), (28, 1)))]",627,97,5,102
628,"((17, 12), ((28, 1), (28, 12)))","((18, 12), ((28, 1), (28, 12)))",West,"[((18, 12), ((28, 1), (28, 12))), ((16, 12), ((28, 1), (28, 12)))]","[((17, 12), ((28, 1), (28, 12))), ((28, 8), ((1, 1), (1, 12), (28, 1))), ((16, 12), ((1, 1), (1, 12))), ((26, 10), ((1, 1), (1, 12))), ((26, 12), ((28, 12),)), ((28, 3), ((28, 1), (28, 12))), ((25, 4), ((28, 1),)), ((26, 3), ((28, 1),)), ((28, 7), ((1, 1), (1, 12))), ((26, 9), ((28, 1), (28, 12))), ((26, 6), ((28, 12),)), ((15, 2), ((1, 12),)), ((20, 7), ((1, 1),)), ((23, 12), ((28, 1),)), ((22, 5), ((1, 1), (1, 12))), ((9, 8), ((1, 12),)), ((11, 8), ((1, 12),)), ((21, 2), ((1, 1), (1, 12))), ((15, 1), ((1, 12),)), ((27, 1), ((1, 1), (1, 12), (28, 1))), ((15, 10), ((1, 1),)), ((18, 11), ((28, 1), (28, 12))), ((27, 6), ((1, 1), (1, 12), (28, 1)))]","[((28, 8), ((1, 1), (1, 12), (28, 1))), ((16, 12), ((28, 1), (28, 12))), ((16, 12), ((1, 1), (1, 12))), ((26, 10), ((1, 1), (1, 12))), ((26, 12), ((28, 12),)), ((28, 3), ((28, 1), (28, 12))), ((25, 4), ((28, 1),)), ((26, 3), ((28, 1),)), ((28, 7), ((1, 1), (1, 12))), ((26, 9), ((28, 1), (28, 12))), ((26, 6), ((28, 12),)), ((15, 2), ((1, 12),)), ((20, 7), ((1, 1),)), ((23, 12), ((28, 1),)), ((22, 5), ((1, 1), (1, 12))), ((9, 8), ((1, 12),)), ((11, 8), ((1, 12),)), ((21, 2), ((1, 1), (1, 12))), ((15, 1), ((1, 12),)), ((27, 1), ((1, 1), (1, 12), (28, 1))), ((15, 10), ((1, 1),)), ((18, 11), ((28, 1), (28, 12))), ((27, 6), ((1, 1), (1, 12), (28, 1)))]",628,75,27,102
629,"((28, 8), ((1, 1), (1, 12), (28, 1)))","((28, 7), ((1, 1), (1, 12), (28, 1)))",North,"[((28, 7), ((1, 1), (1, 12), (28, 1))), ((27, 8), ((1, 1), (1, 12), (28, 1)))]","[((28, 8), ((1, 1), (1, 12), (28, 1))), ((16, 12), ((28, 1), (28, 12))), ((16, 12), ((1, 1), (1, 12))), ((26, 10), ((1, 1), (1, 12))), ((26, 12), ((28, 12),)), ((28, 3), ((28, 1), (28, 12))), ((25, 4), ((28, 1),)), ((26, 3), ((28, 1),)), ((28, 7), ((1, 1), (1, 12))), ((26, 9), ((28, 1), (28, 12))), ((26, 6), ((28, 12),)), ((15, 2), ((1, 12),)), ((20, 7), ((1, 1),)), ((23, 12), ((28, 1),)), ((22, 5), ((1, 1), (1, 12))), ((9, 8), ((1, 12),)), ((11, 8), ((1, 12),)), ((21, 2), ((1, 1), (1, 12))), ((15, 1), ((1, 12),)), ((27, 1), ((1, 1), (1, 12), (28, 1))), ((15, 10), ((1, 1),)), ((18, 11), ((28, 1), (28, 12))), ((27, 6), ((1, 1), (1, 12), (28, 1)))]","[((16, 12), ((28, 1), (28, 12))), ((26, 12), ((28, 12),)), ((16, 12), ((1, 1), (1, 12))), ((26, 10), ((1, 1), (1, 12))), ((26, 6), ((28, 12),)), ((28, 3), ((28, 1), (28, 12))), ((25, 4), ((28, 1),)), ((26, 3), ((28, 1),)), ((28, 7), ((1, 1), (1, 12))), ((26, 9), ((28, 1), (28, 12))), ((27, 6), ((1, 1), (1, 12), (28, 1))), ((15, 2), ((1, 12),)), ((20, 7), ((1, 1),)), ((23, 12), ((28, 1),)), ((22, 5), ((1, 1), (1, 12))), ((9, 8), ((1, 12),)), ((11, 8), ((1, 12),)), ((21, 2), ((1, 1), (1, 12))), ((15, 1), ((1, 12),)), ((27, 1), ((1, 1), (1, 12), (28, 1))), ((15, 10), ((1, 1),)), ((18, 11), ((28, 1), (28, 12))), ((27, 8), ((1, 1), (1, 12), (28, 1)))]",629,98,4,102
630,"((16, 12), ((28, 1), (28, 12)))","((17, 12), ((28, 1), (28, 12)))",West,"[((17, 12), ((28, 1), (28, 12))), ((15, 12), ((28, 1), (28, 12)))]","[((16, 12), ((28, 1), (28, 12))), ((26, 12), ((28, 12),)), ((16, 12), ((1, 1), (1, 12))), ((26, 10), ((1, 1), (1, 12))), ((26, 6), ((28, 12),)), ((28, 3), ((28, 1), (28, 12))), ((25, 4), ((28, 1),)), ((26, 3), ((28, 1),)), ((28, 7), ((1, 1), (1, 12))), ((26, 9), ((28, 1), (28, 12))), ((27, 6), ((1, 1), (1, 12), (28, 1))), ((15, 2), ((1, 12),)), ((20, 7), ((1, 1),)), ((23, 12), ((28, 1),)), ((22, 5), ((1, 1), (1, 12))), ((9, 8), ((1, 12),)), ((11, 8), ((1, 12),)), ((21, 2), ((1, 1), (1, 12))), ((15, 1), ((1, 12),)), ((27, 1), ((1, 1), (1, 12), (28, 1))), ((15, 10), ((1, 1),)), ((18, 11), ((28, 1), (28, 12))), ((27, 8), ((1, 1), (1, 12), (28, 1)))]","[((15, 12), ((28, 1), (28, 12))), ((26, 12), ((28, 12),)), ((16, 12), ((1, 1), (1, 12))), ((26, 10), ((1, 1), (1, 12))), ((26, 6), ((28, 12),)), ((28, 3), ((28, 1), (28, 12))), ((25, 4), ((28, 1),)), ((26, 3), ((28, 1),)), ((28, 7), ((1, 1), (1, 12))), ((27, 1), ((1, 1), (1, 12), (28, 1))), ((26, 9), ((28, 1), (28, 12))), ((15, 2), ((1, 12),)), ((20, 7), ((1, 1),)), ((23, 12), ((28, 1),)), ((22, 5), ((1, 1), (1, 12))), ((9, 8), ((1, 12),)), ((11, 8), ((1, 12),)), ((21, 2), ((1, 1), (1, 12))), ((15, 1), ((1, 12),)), ((27, 8), ((1, 1), (1, 12), (28, 1))), ((15, 10), ((1, 1),)), ((18, 11), ((28, 1), (28, 12))), ((27, 6), ((1, 1), (1, 12), (28, 1)))]",630,76,26,102
631,"((15, 12), ((28, 1), (28, 12)))","((16, 12), ((28, 1), (28, 12)))",West,"[((16, 12), ((28, 1), (28, 12))), ((14, 12), ((28, 1), (28, 12)))]","[((15, 12), ((28, 1), (28, 12))), ((26, 12), ((28, 12),)), ((16, 12), ((1, 1), (1, 12))), ((26, 10), ((1, 1), (1, 12))), ((26, 6), ((28, 12),)), ((28, 3), ((28, 1), (28, 12))), ((25, 4), ((28, 1),)), ((26, 3), ((28, 1),)), ((28, 7), ((1, 1), (1, 12))), ((27, 1), ((1, 1), (1, 12), (28, 1))), ((26, 9), ((28, 1), (28, 12))), ((15, 2), ((1, 12),)), ((20, 7), ((1, 1),)), ((23, 12), ((28, 1),)), ((22, 5), ((1, 1), (1, 12))), ((9, 8), ((1, 12),)), ((11, 8), ((1, 12),)), ((21, 2), ((1, 1), (1, 12))), ((15, 1), ((1, 12),)), ((27, 8), ((1, 1), (1, 12), (28, 1))), ((15, 10), ((1, 1),)), ((18, 11), ((28, 1), (28, 12))), ((27, 6), ((1, 1), (1, 12), (28, 1)))]","[((14, 12), ((28, 1), (28, 12))), ((26, 12), ((28, 12),)), ((16, 12), ((1, 1), (1, 12))), ((26, 10), ((1, 1), (1, 12))), ((26, 6), ((28, 12),)), ((28, 3), ((28, 1), (28, 12))), ((25, 4), ((28, 1),)), ((26, 3), ((28, 1),)), ((28, 7), ((1, 1), (1, 12))), ((27, 1), ((1, 1), (1, 12), (28, 1))), ((26, 9), ((28, 1), (28, 12))), ((15, 2), ((1, 12),)), ((20, 7), ((1, 1),)), ((23, 12), ((28, 1),)), ((22, 5), ((1, 1), (1, 12))), ((9, 8), ((1, 12),)), ((11, 8), ((1, 12),)), ((21, 2), ((1, 1), (1, 12))), ((15, 1), ((1, 12),)), ((27, 8), ((1, 1), (1, 12), (28, 1))), ((15, 10), ((1, 1),)), ((18, 11), ((28, 1), (28, 12))), ((27, 6), ((1, 1), (1, 12), (28, 1)))]",631,77,25,102
632,"((14, 12), ((28, 1), (28, 12)))","((15, 12), ((28, 1), (28, 12)))",West,"[((15, 12), ((28, 1), (28, 12))), ((13, 12), ((28, 1), (28, 12)))]","[((14, 12), ((28, 1), (28, 12))), ((26, 12), ((28, 12),)), ((16, 12), ((1, 1), (1, 12))), ((26, 10), ((1, 1), (1, 12))), ((26, 6), ((28, 12),)), ((28, 3), ((28, 1), (28, 12))), ((25, 4), ((28, 1),)), ((26, 3), ((28, 1),)), ((28, 7), ((1, 1), (1, 12))), ((27, 1), ((1, 1), (1, 12), (28, 1))), ((26, 9), ((28, 1), (28, 12))), ((15, 2), ((1, 12),)), ((20, 7), ((1, 1),)), ((23, 12), ((28, 1),)), ((22, 5), ((1, 1), (1, 12))), ((9, 8), ((1, 12),)), ((11, 8), ((1, 12),)), ((21, 2), ((1, 1), (1, 12))), ((15, 1), ((1, 12),)), ((27, 8), ((1, 1), (1, 12), (28, 1))), ((15, 10), ((1, 1),)), ((18, 11), ((28, 1), (28, 12))), ((27, 6), ((1, 1), (1, 12), (28, 1)))]","[((13, 12), ((28, 1), (28, 12))), ((26, 12), ((28, 12),)), ((16, 12), ((1, 1), (1, 12))), ((26, 10), ((1, 1), (1, 12))), ((26, 6), ((28, 12),)), ((28, 3), ((28, 1), (28, 12))), ((25, 4), ((28, 1),)), ((26, 3), ((28, 1),)), ((28, 7), ((1, 1), (1, 12))), ((27, 1), ((1, 1), (1, 12), (28, 1))), ((26, 9), ((28, 1), (28, 12))), ((15, 2), ((1, 12),)), ((20, 7), ((1, 1),)), ((23, 12), ((28, 1),)), ((22, 5), ((1, 1), (1, 12))), ((9, 8), ((1, 12),)), ((11, 8), ((1, 12),)), ((21, 2), ((1, 1), (1, 12))), ((15, 1), ((1, 12),)), ((27, 8), ((1, 1), (1, 12), (28, 1))), ((15, 10), ((1, 1),)), ((18, 11), ((28, 1), (28, 12))), ((27, 6), ((1, 1), (1, 12), (28, 1)))]",632,78,24,102
633,"((13, 12), ((28, 1), (28, 12)))","((14, 12), ((28, 1), (28, 12)))",West,"[((14, 12), ((28, 1), (28, 12)))]","[((13, 12), ((28, 1), (28, 12))), ((26, 12), ((28, 12),)), ((16, 12), ((1, 1), (1, 12))), ((26, 10), ((1, 1), (1, 12))), ((26, 6), ((28, 12),)), ((28, 3), ((28, 1), (28, 12))), ((25, 4), ((28, 1),)), ((26, 3), ((28, 1),)), ((28, 7), ((1, 1), (1, 12))), ((27, 1), ((1, 1), (1, 12), (28, 1))), ((26, 9), ((28, 1), (28, 12))), ((15, 2), ((1, 12),)), ((20, 7), ((1, 1),)), ((23, 12), ((28, 1),)), ((22, 5), ((1, 1), (1, 12))), ((9, 8), ((1, 12),)), ((11, 8), ((1, 12),)), ((21, 2), ((1, 1), (1, 12))), ((15, 1), ((1, 12),)), ((27, 8), ((1, 1), (1, 12), (28, 1))), ((15, 10), ((1, 1),)), ((18, 11), ((28, 1), (28, 12))), ((27, 6), ((1, 1), (1, 12), (28, 1)))]","[((26, 12), ((28, 12),)), ((26, 6), ((28, 12),)), ((16, 12), ((1, 1), (1, 12))), ((26, 10), ((1, 1), (1, 12))), ((26, 9), ((28, 1), (28, 12))), ((28, 3), ((28, 1), (28, 12))), ((25, 4), ((28, 1),)), ((26, 3), ((28, 1),)), ((28, 7), ((1, 1), (1, 12))), ((27, 1), ((1, 1), (1, 12), (28, 1))), ((27, 6), ((1, 1), (1, 12), (28, 1))), ((15, 2), ((1, 12),)), ((20, 7), ((1, 1),)), ((23, 12), ((28, 1),)), ((22, 5), ((1, 1), (1, 12))), ((9, 8), ((1, 12),)), ((11, 8), ((1, 12),)), ((21, 2), ((1, 1), (1, 12))), ((15, 1), ((1, 12),)), ((27, 8), ((1, 1), (1, 12), (28, 1))), ((15, 10), ((1, 1),)), ((18, 11), ((28, 1), (28, 12)))]",633,79,23,102
634,"((26, 12), ((28, 12),))","((26, 11), ((28, 12),))",North,"[((26, 11), ((28, 12),)), ((25, 12), ((28, 12),))]","[((26, 12), ((28, 12),)), ((26, 6), ((28, 12),)), ((16, 12), ((1, 1), (1, 12))), ((26, 10), ((1, 1), (1, 12))), ((26, 9), ((28, 1), (28, 12))), ((28, 3), ((28, 1), (28, 12))), ((25, 4), ((28, 1),)), ((26, 3), ((28, 1),)), ((28, 7), ((1, 1), (1, 12))), ((27, 1), ((1, 1), (1, 12), (28, 1))), ((27, 6), ((1, 1), (1, 12), (28, 1))), ((15, 2), ((1, 12),)), ((20, 7), ((1, 1),)), ((23, 12), ((28, 1),)), ((22, 5), ((1, 1), (1, 12))), ((9, 8), ((1, 12),)), ((11, 8), ((1, 12),)), ((21, 2), ((1, 1), (1, 12))), ((15, 1), ((1, 12),)), ((27, 8), ((1, 1), (1, 12), (28, 1))), ((15, 10), ((1, 1),)), ((18, 11), ((28, 1), (28, 12)))]","[((26, 6), ((28, 12),)), ((26, 10), ((1, 1), (1, 12))), ((16, 12), ((1, 1), (1, 12))), ((28, 7), ((1, 1), (1, 12))), ((26, 9), ((28, 1), (28, 12))), ((28, 3), ((28, 1), (28, 12))), ((25, 4), ((28, 1),)), ((26, 3), ((28, 1),)), ((21, 2), ((1, 1), (1, 12))), ((27, 1), ((1, 1), (1, 12), (28, 1))), ((27, 6), ((1, 1), (1, 12), (28, 1))), ((15, 2), ((1, 12),)), ((20, 7), ((1, 1),)), ((23, 12), ((28, 1),)), ((22, 5), ((1, 1), (1, 12))), ((9, 8), ((1, 12),)), ((11, 8), ((1, 12),)), ((18, 11), ((28, 1), (28, 12))), ((15, 1), ((1, 12),)), ((27, 8), ((1, 1), (1, 12), (28, 1))), ((15, 10), ((1, 1),)), ((25, 12), ((28, 12),))]",634,52,51,103
635,"((26, 6), ((28, 12),))","((27, 6), ((28, 12),))",West,"[((26, 5), ((28, 12),)), ((27, 6), ((28, 12),))]","[((26, 6), ((28, 12),)), ((26, 10), ((1, 1), (1, 12))), ((16, 12), ((1, 1), (1, 12))), ((28, 7), ((1, 1), (1, 12))), ((26, 9), ((28, 1), (28, 12))), ((28, 3), ((28, 1), (28, 12))), ((25, 4), ((28, 1),)), ((26, 3), ((28, 1),)), ((21, 2), ((1, 1), (1, 12))), ((27, 1), ((1, 1), (1, 12), (28, 1))), ((27, 6), ((1, 1), (1, 12), (28, 1))), ((15, 2), ((1, 12),)), ((20, 7), ((1, 1),)), ((23, 12), ((28, 1),)), ((22, 5), ((1, 1), (1, 12))), ((9, 8), ((1, 12),)), ((11, 8), ((1, 12),)), ((18, 11), ((28, 1), (28, 12))), ((15, 1), ((1, 12),)), ((27, 8), ((1, 1), (1, 12), (28, 1))), ((15, 10), ((1, 1),)), ((25, 12), ((28, 12),))]","[((16, 12), ((1, 1), (1, 12))), ((26, 10), ((1, 1), (1, 12))), ((28, 3), ((28, 1), (28, 12))), ((28, 7), ((1, 1), (1, 12))), ((26, 5), ((28, 12),)), ((25, 12), ((28, 12),)), ((25, 4), ((28, 1),)), ((26, 3), ((28, 1),)), ((21, 2), ((1, 1), (1, 12))), ((27, 1), ((1, 1), (1, 12), (28, 1))), ((26, 9), ((28, 1), (28, 12))), ((15, 2), ((1, 12),)), ((20, 7), ((1, 1),)), ((23, 12), ((28, 1),)), ((22, 5), ((1, 1), (1, 12))), ((9, 8), ((1, 12),)), ((11, 8), ((1, 12),)), ((18, 11), ((28, 1), (28, 12))), ((15, 1), ((1, 12),)), ((27, 8), ((1, 1), (1, 12), (28, 1))), ((15, 10), ((1, 1),)), ((27, 6), ((1, 1), (1, 12), (28, 1)))]",635,58,45,103
636,"((16, 12), ((1, 1), (1, 12)))","((17, 12), ((1, 1), (1, 12)))",West,"[((17, 12), ((1, 1), (1, 12))), ((15, 12), ((1, 1), (1, 12)))]","[((16, 12), ((1, 1), (1, 12))), ((26, 10), ((1, 1), (1, 12))), ((28, 3), ((28, 1), (28, 12))), ((28, 7), ((1, 1), (1, 12))), ((26, 5), ((28, 12),)), ((25, 12), ((28, 12),)), ((25, 4), ((28, 1),)), ((26, 3), ((28, 1),)), ((21, 2), ((1, 1), (1, 12))), ((27, 1), ((1, 1), (1, 12), (28, 1))), ((26, 9), ((28, 1), (28, 12))), ((15, 2), ((1, 12),)), ((20, 7), ((1, 1),)), ((23, 12), ((28, 1),)), ((22, 5), ((1, 1), (1, 12))), ((9, 8), ((1, 12),)), ((11, 8), ((1, 12),)), ((18, 11), ((28, 1), (28, 12))), ((15, 1), ((1, 12),)), ((27, 8), ((1, 1), (1, 12), (28, 1))), ((15, 10), ((1, 1),)), ((27, 6), ((1, 1), (1, 12), (28, 1)))]","[((28, 3), ((28, 1), (28, 12))), ((26, 10), ((1, 1), (1, 12))), ((25, 4), ((28, 1),)), ((28, 7), ((1, 1), (1, 12))), ((26, 5), ((28, 12),)), ((25, 12), ((28, 12),)), ((22, 5), ((1, 1), (1, 12))), ((26, 3), ((28, 1),)), ((21, 2), ((1, 1), (1, 12))), ((27, 1), ((1, 1), (1, 12), (28, 1))), ((26, 9), ((28, 1), (28, 12))), ((15, 2), ((1, 12),)), ((20, 7), ((1, 1),)), ((23, 12), ((28, 1),)), ((27, 6), ((1, 1), (1, 12), (28, 1))), ((9, 8), ((1, 12),)), ((11, 8), ((1, 12),)), ((18, 11), ((28, 1), (28, 12))), ((15, 1), ((1, 12),)), ((27, 8), ((1, 1), (1, 12), (28, 1))), ((15, 10), ((1, 1),)), ((15, 12), ((1, 1), (1, 12)))]",636,80,23,103
637,"((28, 3), ((28, 1), (28, 12)))","((28, 2), ((28, 1), (28, 12)))",North,"[((28, 4), ((28, 1), (28, 12))), ((28, 2), ((28, 1), (28, 12)))]","[((28, 3), ((28, 1), (28, 12))), ((26, 10), ((1, 1), (1, 12))), ((25, 4), ((28, 1),)), ((28, 7), ((1, 1), (1, 12))), ((26, 5), ((28, 12),)), ((25, 12), ((28, 12),)), ((22, 5), ((1, 1), (1, 12))), ((26, 3), ((28, 1),)), ((21, 2), ((1, 1), (1, 12))), ((27, 1), ((1, 1), (1, 12), (28, 1))), ((26, 9), ((28, 1), (28, 12))), ((15, 2), ((1, 12),)), ((20, 7), ((1, 1),)), ((23, 12), ((28, 1),)), ((27, 6), ((1, 1), (1, 12), (28, 1))), ((9, 8), ((1, 12),)), ((11, 8), ((1, 12),)), ((18, 11), ((28, 1), (28, 12))), ((15, 1), ((1, 12),)), ((27, 8), ((1, 1), (1, 12), (28, 1))), ((15, 10), ((1, 1),)), ((15, 12), ((1, 1), (1, 12)))]","[((26, 10), ((1, 1), (1, 12))), ((28, 7), ((1, 1), (1, 12))), ((25, 4), ((28, 1),)), ((26, 3), ((28, 1),)), ((26, 5), ((28, 12),)), ((25, 12), ((28, 12),)), ((22, 5), ((1, 1), (1, 12))), ((11, 8), ((1, 12),)), ((21, 2), ((1, 1), (1, 12))), ((27, 1), ((1, 1), (1, 12), (28, 1))), ((26, 9), ((28, 1), (28, 12))), ((15, 2), ((1, 12),)), ((20, 7), ((1, 1),)), ((23, 12), ((28, 1),)), ((27, 6), ((1, 1), (1, 12), (28, 1))), ((9, 8), ((1, 12),)), ((15, 12), ((1, 1), (1, 12))), ((18, 11), ((28, 1), (28, 12))), ((15, 1), ((1, 12),)), ((27, 8), ((1, 1), (1, 12), (28, 1))), ((15, 10), ((1, 1),)), ((28, 4), ((28, 1), (28, 12)))]",637,63,40,103
638,"((26, 10), ((1, 1), (1, 12)))","((26, 11), ((1, 1), (1, 12)))",South,"[((26, 11), ((1, 1), (1, 12))), ((26, 9), ((1, 1), (1, 12))), ((27, 10), ((1, 1), (1, 12)))]","[((26, 10), ((1, 1), (1, 12))), ((28, 7), ((1, 1), (1, 12))), ((25, 4), ((28, 1),)), ((26, 3), ((28, 1),)), ((26, 5), ((28, 12),)), ((25, 12), ((28, 12),)), ((22, 5), ((1, 1), (1, 12))), ((11, 8), ((1, 12),)), ((21, 2), ((1, 1), (1, 12))), ((27, 1), ((1, 1), (1, 12), (28, 1))), ((26, 9), ((28, 1), (28, 12))), ((15, 2), ((1, 12),)), ((20, 7), ((1, 1),)), ((23, 12), ((28, 1),)), ((27, 6), ((1, 1), (1, 12), (28, 1))), ((9, 8), ((1, 12),)), ((15, 12), ((1, 1), (1, 12))), ((18, 11), ((28, 1), (28, 12))), ((15, 1), ((1, 12),)), ((27, 8), ((1, 1), (1, 12), (28, 1))), ((15, 10), ((1, 1),)), ((28, 4), ((28, 1), (28, 12)))]","[((28, 7), ((1, 1), (1, 12))), ((26, 5), ((28, 12),)), ((25, 4), ((28, 1),)), ((26, 3), ((28, 1),)), ((27, 10), ((1, 1), (1, 12))), ((25, 12), ((28, 12),)), ((22, 5), ((1, 1), (1, 12))), ((11, 8), ((1, 12),)), ((21, 2), ((1, 1), (1, 12))), ((27, 1), ((1, 1), (1, 12), (28, 1))), ((26, 9), ((28, 1), (28, 12))), ((15, 2), ((1, 12),)), ((20, 7), ((1, 1),)), ((23, 12), ((28, 1),)), ((27, 6), ((1, 1), (1, 12), (28, 1))), ((9, 8), ((1, 12),)), ((15, 12), ((1, 1), (1, 12))), ((18, 11), ((28, 1), (28, 12))), ((15, 1), ((1, 12),)), ((27, 8), ((1, 1), (1, 12), (28, 1))), ((15, 10), ((1, 1),)), ((26, 9), ((1, 1), (1, 12))), ((28, 4), ((28, 1), (28, 12)))]",638,88,15,103
639,"((28, 7), ((1, 1), (1, 12)))","((28, 6), ((1, 1), (1, 12)))",North,"[((28, 8), ((1, 1), (1, 12))), ((28, 6), ((1, 1), (1, 12)))]","[((28, 7), ((1, 1), (1, 12))), ((26, 5), ((28, 12),)), ((25, 4), ((28, 1),)), ((26, 3), ((28, 1),)), ((27, 10), ((1, 1), (1, 12))), ((25, 12), ((28, 12),)), ((22, 5), ((1, 1), (1, 12))), ((11, 8), ((1, 12),)), ((21, 2), ((1, 1), (1, 12))), ((27, 1), ((1, 1), (1, 12), (28, 1))), ((26, 9), ((28, 1), (28, 12))), ((15, 2), ((1, 12),)), ((20, 7), ((1, 1),)), ((23, 12), ((28, 1),)), ((27, 6), ((1, 1), (1, 12), (28, 1))), ((9, 8), ((1, 12),)), ((15, 12), ((1, 1), (1, 12))), ((18, 11), ((28, 1), (28, 12))), ((15, 1), ((1, 12),)), ((27, 8), ((1, 1), (1, 12), (28, 1))), ((15, 10), ((1, 1),)), ((26, 9), ((1, 1), (1, 12))), ((28, 4), ((28, 1), (28, 12)))]","[((26, 5), ((28, 12),)), ((27, 10), ((1, 1), (1, 12))), ((25, 4), ((28, 1),)), ((26, 3), ((28, 1),)), ((28, 8), ((1, 1), (1, 12))), ((25, 12), ((28, 12),)), ((22, 5), ((1, 1), (1, 12))), ((11, 8), ((1, 12),)), ((21, 2), ((1, 1), (1, 12))), ((27, 1), ((1, 1), (1, 12), (28, 1))), ((26, 9), ((28, 1), (28, 12))), ((15, 2), ((1, 12),)), ((20, 7), ((1, 1),)), ((23, 12), ((28, 1),)), ((27, 6), ((1, 1), (1, 12), (28, 1))), ((9, 8), ((1, 12),)), ((15, 12), ((1, 1), (1, 12))), ((18, 11), ((28, 1), (28, 12))), ((15, 1), ((1, 12),)), ((27, 8), ((1, 1), (1, 12), (28, 1))), ((15, 10), ((1, 1),)), ((26, 9), ((1, 1), (1, 12))), ((28, 4), ((28, 1), (28, 12)))]",639,87,16,103
640,"((26, 5), ((28, 12),))","((26, 6), ((28, 12),))",South,"[((26, 6), ((28, 12),)), ((26, 4), ((28, 12),))]","[((26, 5), ((28, 12),)), ((27, 10), ((1, 1), (1, 12))), ((25, 4), ((28, 1),)), ((26, 3), ((28, 1),)), ((28, 8), ((1, 1), (1, 12))), ((25, 12), ((28, 12),)), ((22, 5), ((1, 1), (1, 12))), ((11, 8), ((1, 12),)), ((21, 2), ((1, 1), (1, 12))), ((27, 1), ((1, 1), (1, 12), (28, 1))), ((26, 9), ((28, 1), (28, 12))), ((15, 2), ((1, 12),)), ((20, 7), ((1, 1),)), ((23, 12), ((28, 1),)), ((27, 6), ((1, 1), (1, 12), (28, 1))), ((9, 8), ((1, 12),)), ((15, 12), ((1, 1), (1, 12))), ((18, 11), ((28, 1), (28, 12))), ((15, 1), ((1, 12),)), ((27, 8), ((1, 1), (1, 12), (28, 1))), ((15, 10), ((1, 1),)), ((26, 9), ((1, 1), (1, 12))), ((28, 4), ((28, 1), (28, 12)))]","[((27, 10), ((1, 1), (1, 12))), ((28, 8), ((1, 1), (1, 12))), ((25, 4), ((28, 1),)), ((26, 3), ((28, 1),)), ((26, 4), ((28, 12),)), ((25, 12), ((28, 12),)), ((22, 5), ((1, 1), (1, 12))), ((11, 8), ((1, 12),)), ((21, 2), ((1, 1), (1, 12))), ((27, 1), ((1, 1), (1, 12), (28, 1))), ((26, 9), ((28, 1), (28, 12))), ((15, 2), ((1, 12),)), ((20, 7), ((1, 1),)), ((23, 12), ((28, 1),)), ((27, 6), ((1, 1), (1, 12), (28, 1))), ((9, 8), ((1, 12),)), ((15, 12), ((1, 1), (1, 12))), ((18, 11), ((28, 1), (28, 12))), ((15, 1), ((1, 12),)), ((27, 8), ((1, 1), (1, 12), (28, 1))), ((15, 10), ((1, 1),)), ((26, 9), ((1, 1), (1, 12))), ((28, 4), ((28, 1), (28, 12)))]",640,59,44,103
641,"((27, 10), ((1, 1), (1, 12)))","((26, 10), ((1, 1), (1, 12)))",East,"[((28, 10), ((1, 1), (1, 12))), ((26, 10), ((1, 1), (1, 12)))]","[((27, 10), ((1, 1), (1, 12))), ((28, 8), ((1, 1), (1, 12))), ((25, 4), ((28, 1),)), ((26, 3), ((28, 1),)), ((26, 4), ((28, 12),)), ((25, 12), ((28, 12),)), ((22, 5), ((1, 1), (1, 12))), ((11, 8), ((1, 12),)), ((21, 2), ((1, 1), (1, 12))), ((27, 1), ((1, 1), (1, 12), (28, 1))), ((26, 9), ((28, 1), (28, 12))), ((15, 2), ((1, 12),)), ((20, 7), ((1, 1),)), ((23, 12), ((28, 1),)), ((27, 6), ((1, 1), (1, 12), (28, 1))), ((9, 8), ((1, 12),)), ((15, 12), ((1, 1), (1, 12))), ((18, 11), ((28, 1), (28, 12))), ((15, 1), ((1, 12),)), ((27, 8), ((1, 1), (1, 12), (28, 1))), ((15, 10), ((1, 1),)), ((26, 9), ((1, 1), (1, 12))), ((28, 4), ((28, 1), (28, 12)))]","[((28, 8), ((1, 1), (1, 12))), ((26, 4), ((28, 12),)), ((25, 4), ((28, 1),)), ((26, 3), ((28, 1),)), ((28, 10), ((1, 1), (1, 12))), ((25, 12), ((28, 12),)), ((22, 5), ((1, 1), (1, 12))), ((11, 8), ((1, 12),)), ((21, 2), ((1, 1), (1, 12))), ((27, 1), ((1, 1), (1, 12), (28, 1))), ((26, 9), ((28, 1), (28, 12))), ((15, 2), ((1, 12),)), ((20, 7), ((1, 1),)), ((23, 12), ((28, 1),)), ((27, 6), ((1, 1), (1, 12), (28, 1))), ((9, 8), ((1, 12),)), ((15, 12), ((1, 1), (1, 12))), ((18, 11), ((28, 1), (28, 12))), ((15, 1), ((1, 12),)), ((27, 8), ((1, 1), (1, 12), (28, 1))), ((15, 10), ((1, 1),)), ((26, 9), ((1, 1), (1, 12))), ((28, 4), ((28, 1), (28, 12)))]",641,89,14,103
642,"((28, 8), ((1, 1), (1, 12)))","((28, 7), ((1, 1), (1, 12)))",North,"[((28, 7), ((1, 1), (1, 12))), ((27, 8), ((1, 1), (1, 12)))]","[((28, 8), ((1, 1), (1, 12))), ((26, 4), ((28, 12),)), ((25, 4), ((28, 1),)), ((26, 3), ((28, 1),)), ((28, 10), ((1, 1), (1, 12))), ((25, 12), ((28, 12),)), ((22, 5), ((1, 1), (1, 12))), ((11, 8), ((1, 12),)), ((21, 2), ((1, 1), (1, 12))), ((27, 1), ((1, 1), (1, 12), (28, 1))), ((26, 9), ((28, 1), (28, 12))), ((15, 2), ((1, 12),)), ((20, 7), ((1, 1),)), ((23, 12), ((28, 1),)), ((27, 6), ((1, 1), (1, 12), (28, 1))), ((9, 8), ((1, 12),)), ((15, 12), ((1, 1), (1, 12))), ((18, 11), ((28, 1), (28, 12))), ((15, 1), ((1, 12),)), ((27, 8), ((1, 1), (1, 12), (28, 1))), ((15, 10), ((1, 1),)), ((26, 9), ((1, 1), (1, 12))), ((28, 4), ((28, 1), (28, 12)))]","[((26, 4), ((28, 12),)), ((28, 10), ((1, 1), (1, 12))), ((25, 4), ((28, 1),)), ((26, 3), ((28, 1),)), ((26, 9), ((28, 1), (28, 12))), ((25, 12), ((28, 12),)), ((22, 5), ((1, 1), (1, 12))), ((11, 8), ((1, 12),)), ((21, 2), ((1, 1), (1, 12))), ((27, 1), ((1, 1), (1, 12), (28, 1))), ((28, 4), ((28, 1), (28, 12))), ((15, 2), ((1, 12),)), ((20, 7), ((1, 1),)), ((23, 12), ((28, 1),)), ((27, 6), ((1, 1), (1, 12), (28, 1))), ((9, 8), ((1, 12),)), ((15, 12), ((1, 1), (1, 12))), ((18, 11), ((28, 1), (28, 12))), ((15, 1), ((1, 12),)), ((27, 8), ((1, 1), (1, 12), (28, 1))), ((15, 10), ((1, 1),)), ((26, 9), ((1, 1), (1, 12))), ((27, 8), ((1, 1), (1, 12)))]",642,88,15,103
643,"((26, 4), ((28, 12),))","((26, 5), ((28, 12),))",South,"[((26, 5), ((28, 12),)), ((26, 3), ((28, 12),)), ((25, 4), ((28, 12),))]","[((26, 4), ((28, 12),)), ((28, 10), ((1, 1), (1, 12))), ((25, 4), ((28, 1),)), ((26, 3), ((28, 1),)), ((26, 9), ((28, 1), (28, 12))), ((25, 12), ((28, 12),)), ((22, 5), ((1, 1), (1, 12))), ((11, 8), ((1, 12),)), ((21, 2), ((1, 1), (1, 12))), ((27, 1), ((1, 1), (1, 12), (28, 1))), ((28, 4), ((28, 1), (28, 12))), ((15, 2), ((1, 12),)), ((20, 7), ((1, 1),)), ((23, 12), ((28, 1),)), ((27, 6), ((1, 1), (1, 12), (28, 1))), ((9, 8), ((1, 12),)), ((15, 12), ((1, 1), (1, 12))), ((18, 11), ((28, 1), (28, 12))), ((15, 1), ((1, 12),)), ((27, 8), ((1, 1), (1, 12), (28, 1))), ((15, 10), ((1, 1),)), ((26, 9), ((1, 1), (1, 12))), ((27, 8), ((1, 1), (1, 12)))]","[((28, 10), ((1, 1), (1, 12))), ((26, 3), ((28, 12),)), ((25, 4), ((28, 1),)), ((11, 8), ((1, 12),)), ((26, 3), ((28, 1),)), ((25, 12), ((28, 12),)), ((22, 5), ((1, 1), (1, 12))), ((9, 8), ((1, 12),)), ((21, 2), ((1, 1), (1, 12))), ((27, 1), ((1, 1), (1, 12), (28, 1))), ((26, 9), ((28, 1), (28, 12))), ((25, 4), ((28, 12),)), ((20, 7), ((1, 1),)), ((23, 12), ((28, 1),)), ((27, 6), ((1, 1), (1, 12), (28, 1))), ((27, 8), ((1, 1), (1, 12))), ((15, 12), ((1, 1), (1, 12))), ((18, 11), ((28, 1), (28, 12))), ((15, 1), ((1, 12),)), ((27, 8), ((1, 1), (1, 12), (28, 1))), ((15, 10), ((1, 1),)), ((26, 9), ((1, 1), (1, 12))), ((28, 4), ((28, 1), (28, 12))), ((15, 2), ((1, 12),))]",643,60,43,103
644,"((28, 10), ((1, 1), (1, 12)))","((27, 10), ((1, 1), (1, 12)))",East,"[((28, 11), ((1, 1), (1, 12))), ((27, 10), ((1, 1), (1, 12)))]","[((28, 10), ((1, 1), (1, 12))), ((26, 3), ((28, 12),)), ((25, 4), ((28, 1),)), ((11, 8), ((1, 12),)), ((26, 3), ((28, 1),)), ((25, 12), ((28, 12),)), ((22, 5), ((1, 1), (1, 12))), ((9, 8), ((1, 12),)), ((21, 2), ((1, 1), (1, 12))), ((27, 1), ((1, 1), (1, 12), (28, 1))), ((26, 9), ((28, 1), (28, 12))), ((25, 4), ((28, 12),)), ((20, 7), ((1, 1),)), ((23, 12), ((28, 1),)), ((27, 6), ((1, 1), (1, 12), (28, 1))), ((27, 8), ((1, 1), (1, 12))), ((15, 12), ((1, 1), (1, 12))), ((18, 11), ((28, 1), (28, 12))), ((15, 1), ((1, 12),)), ((27, 8), ((1, 1), (1, 12), (28, 1))), ((15, 10), ((1, 1),)), ((26, 9), ((1, 1), (1, 12))), ((28, 4), ((28, 1), (28, 12))), ((15, 2), ((1, 12),))]","[((26, 3), ((28, 12),)), ((26, 3), ((28, 1),)), ((28, 11), ((1, 1), (1, 12))), ((11, 8), ((1, 12),)), ((26, 9), ((28, 1), (28, 12))), ((25, 4), ((28, 1),)), ((22, 5), ((1, 1), (1, 12))), ((9, 8), ((1, 12),)), ((21, 2), ((1, 1), (1, 12))), ((27, 1), ((1, 1), (1, 12), (28, 1))), ((28, 4), ((28, 1), (28, 12))), ((25, 12), ((28, 12),)), ((20, 7), ((1, 1),)), ((23, 12), ((28, 1),)), ((27, 6), ((1, 1), (1, 12), (28, 1))), ((27, 8), ((1, 1), (1, 12))), ((15, 12), ((1, 1), (1, 12))), ((18, 11), ((28, 1), (28, 12))), ((15, 1), ((1, 12),)), ((27, 8), ((1, 1), (1, 12), (28, 1))), ((15, 10), ((1, 1),)), ((26, 9), ((1, 1), (1, 12))), ((15, 2), ((1, 12),)), ((25, 4), ((28, 12),))]",644,90,13,103
645,"((26, 3), ((28, 12),))","((26, 4), ((28, 12),))",South,"[((26, 4), ((28, 12),))]","[((26, 3), ((28, 12),)), ((26, 3), ((28, 1),)), ((28, 11), ((1, 1), (1, 12))), ((11, 8), ((1, 12),)), ((26, 9), ((28, 1), (28, 12))), ((25, 4), ((28, 1),)), ((22, 5), ((1, 1), (1, 12))), ((9, 8), ((1, 12),)), ((21, 2), ((1, 1), (1, 12))), ((27, 1), ((1, 1), (1, 12), (28, 1))), ((28, 4), ((28, 1), (28, 12))), ((25, 12), ((28, 12),)), ((20, 7), ((1, 1),)), ((23, 12), ((28, 1),)), ((27, 6), ((1, 1), (1, 12), (28, 1))), ((27, 8), ((1, 1), (1, 12))), ((15, 12), ((1, 1), (1, 12))), ((18, 11), ((28, 1), (28, 12))), ((15, 1), ((1, 12),)), ((27, 8), ((1, 1), (1, 12), (28, 1))), ((15, 10), ((1, 1),)), ((26, 9), ((1, 1), (1, 12))), ((15, 2), ((1, 12),)), ((25, 4), ((28, 12),))]","[((28, 11), ((1, 1), (1, 12))), ((26, 3), ((28, 1),)), ((25, 4), ((28, 1),)), ((11, 8), ((1, 12),)), ((26, 9), ((28, 1), (28, 12))), ((25, 12), ((28, 12),)), ((22, 5), ((1, 1), (1, 12))), ((9, 8), ((1, 12),)), ((21, 2), ((1, 1), (1, 12))), ((27, 1), ((1, 1), (1, 12), (28, 1))), ((28, 4), ((28, 1), (28, 12))), ((25, 4), ((28, 12),)), ((20, 7), ((1, 1),)), ((23, 12), ((28, 1),)), ((27, 6), ((1, 1), (1, 12), (28, 1))), ((27, 8), ((1, 1), (1, 12))), ((15, 12), ((1, 1), (1, 12))), ((18, 11), ((28, 1), (28, 12))), ((15, 1), ((1, 12),)), ((27, 8), ((1, 1), (1, 12), (28, 1))), ((15, 10), ((1, 1),)), ((26, 9), ((1, 1), (1, 12))), ((15, 2), ((1, 12),))]",645,61,42,103
646,"((28, 11), ((1, 1), (1, 12)))","((28, 10), ((1, 1), (1, 12)))",North,"[((28, 12), ((1, 1), (1, 12), (28, 12))), ((28, 10), ((1, 1), (1, 12)))]","[((28, 11), ((1, 1), (1, 12))), ((26, 3), ((28, 1),)), ((25, 4), ((28, 1),)), ((11, 8), ((1, 12),)), ((26, 9), ((28, 1), (28, 12))), ((25, 12), ((28, 12),)), ((22, 5), ((1, 1), (1, 12))), ((9, 8), ((1, 12),)), ((21, 2), ((1, 1), (1, 12))), ((27, 1), ((1, 1), (1, 12), (28, 1))), ((28, 4), ((28, 1), (28, 12))), ((25, 4), ((28, 12),)), ((20, 7), ((1, 1),)), ((23, 12), ((28, 1),)), ((27, 6), ((1, 1), (1, 12), (28, 1))), ((27, 8), ((1, 1), (1, 12))), ((15, 12), ((1, 1), (1, 12))), ((18, 11), ((28, 1), (28, 12))), ((15, 1), ((1, 12),)), ((27, 8), ((1, 1), (1, 12), (28, 1))), ((15, 10), ((1, 1),)), ((26, 9), ((1, 1), (1, 12))), ((15, 2), ((1, 12),))]","[((28, 12), ((1, 1), (1, 12), (28, 12))), ((26, 3), ((28, 1),)), ((25, 4), ((28, 1),)), ((9, 8), ((1, 12),)), ((11, 8), ((1, 12),)), ((25, 12), ((28, 12),)), ((22, 5), ((1, 1), (1, 12))), ((15, 12), ((1, 1), (1, 12))), ((21, 2), ((1, 1), (1, 12))), ((27, 1), ((1, 1), (1, 12), (28, 1))), ((26, 9), ((28, 1), (28, 12))), ((25, 4), ((28, 12),)), ((20, 7), ((1, 1),)), ((23, 12), ((28, 1),)), ((27, 6), ((1, 1), (1, 12), (28, 1))), ((27, 8), ((1, 1), (1, 12))), ((15, 2), ((1, 12),)), ((18, 11), ((28, 1), (28, 12))), ((15, 1), ((1, 12),)), ((27, 8), ((1, 1), (1, 12), (28, 1))), ((15, 10), ((1, 1),)), ((26, 9), ((1, 1), (1, 12))), ((28, 4), ((28, 1), (28, 12)))]",646,91,12,103
647,"((28, 12), ((1, 1), (1, 12), (28, 12)))","((28, 11), ((1, 1), (1, 12)))",North,"[((28, 11), ((1, 1), (1, 12), (28, 12)))]","[((28, 12), ((1, 1), (1, 12), (28, 12))), ((26, 3), ((28, 1),)), ((25, 4), ((28, 1),)), ((9, 8), ((1, 12),)), ((11, 8), ((1, 12),)), ((25, 12), ((28, 12),)), ((22, 5), ((1, 1), (1, 12))), ((15, 12), ((1, 1), (1, 12))), ((21, 2), ((1, 1), (1, 12))), ((27, 1), ((1, 1), (1, 12), (28, 1))), ((26, 9), ((28, 1), (28, 12))), ((25, 4), ((28, 12),)), ((20, 7), ((1, 1),)), ((23, 12), ((28, 1),)), ((27, 6), ((1, 1), (1, 12), (28, 1))), ((27, 8), ((1, 1), (1, 12))), ((15, 2), ((1, 12),)), ((18, 11), ((28, 1), (28, 12))), ((15, 1), ((1, 12),)), ((27, 8), ((1, 1), (1, 12), (28, 1))), ((15, 10), ((1, 1),)), ((26, 9), ((1, 1), (1, 12))), ((28, 4), ((28, 1), (28, 12)))]","[((28, 11), ((1, 1), (1, 12), (28, 12))), ((26, 3), ((28, 1),)), ((25, 4), ((28, 1),)), ((9, 8), ((1, 12),)), ((11, 8), ((1, 12),)), ((25, 12), ((28, 12),)), ((22, 5), ((1, 1), (1, 12))), ((15, 12), ((1, 1), (1, 12))), ((21, 2), ((1, 1), (1, 12))), ((27, 1), ((1, 1), (1, 12), (28, 1))), ((26, 9), ((28, 1), (28, 12))), ((25, 4), ((28, 12),)), ((20, 7), ((1, 1),)), ((23, 12), ((28, 1),)), ((27, 6), ((1, 1), (1, 12), (28, 1))), ((27, 8), ((1, 1), (1, 12))), ((15, 2), ((1, 12),)), ((18, 11), ((28, 1), (28, 12))), ((15, 1), ((1, 12),)), ((27, 8), ((1, 1), (1, 12), (28, 1))), ((15, 10), ((1, 1),)), ((26, 9), ((1, 1), (1, 12))), ((28, 4), ((28, 1), (28, 12)))]",647,92,11,103
648,"((28, 11), ((1, 1), (1, 12), (28, 12)))","((28, 12), ((1, 1), (1, 12), (28, 12)))",South,"[((28, 12), ((1, 1), (1, 12), (28, 12))), ((28, 10), ((1, 1), (1, 12), (28, 12)))]","[((28, 11), ((1, 1), (1, 12), (28, 12))), ((26, 3), ((28, 1),)), ((25, 4), ((28, 1),)), ((9, 8), ((1, 12),)), ((11, 8), ((1, 12),)), ((25, 12), ((28, 12),)), ((22, 5), ((1, 1), (1, 12))), ((15, 12), ((1, 1), (1, 12))), ((21, 2), ((1, 1), (1, 12))), ((27, 1), ((1, 1), (1, 12), (28, 1))), ((26, 9), ((28, 1), (28, 12))), ((25, 4), ((28, 12),)), ((20, 7), ((1, 1),)), ((23, 12), ((28, 1),)), ((27, 6), ((1, 1), (1, 12), (28, 1))), ((27, 8), ((1, 1), (1, 12))), ((15, 2), ((1, 12),)), ((18, 11), ((28, 1), (28, 12))), ((15, 1), ((1, 12),)), ((27, 8), ((1, 1), (1, 12), (28, 1))), ((15, 10), ((1, 1),)), ((26, 9), ((1, 1), (1, 12))), ((28, 4), ((28, 1), (28, 12)))]","[((28, 10), ((1, 1), (1, 12), (28, 12))), ((26, 3), ((28, 1),)), ((25, 4), ((28, 1),)), ((9, 8), ((1, 12),)), ((11, 8), ((1, 12),)), ((25, 12), ((28, 12),)), ((22, 5), ((1, 1), (1, 12))), ((15, 12), ((1, 1), (1, 12))), ((21, 2), ((1, 1), (1, 12))), ((27, 1), ((1, 1), (1, 12), (28, 1))), ((26, 9), ((28, 1), (28, 12))), ((25, 4), ((28, 12),)), ((20, 7), ((1, 1),)), ((23, 12), ((28, 1),)), ((27, 6), ((1, 1), (1, 12), (28, 1))), ((27, 8), ((1, 1), (1, 12))), ((15, 2), ((1, 12),)), ((18, 11), ((28, 1), (28, 12))), ((15, 1), ((1, 12),)), ((27, 8), ((1, 1), (1, 12), (28, 1))), ((15, 10), ((1, 1),)), ((26, 9), ((1, 1), (1, 12))), ((28, 4), ((28, 1), (28, 12)))]",648,93,10,103
649,"((28, 10), ((1, 1), (1, 12), (28, 12)))","((28, 11), ((1, 1), (1, 12), (28, 12)))",South,"[((28, 11), ((1, 1), (1, 12), (28, 12))), ((27, 10), ((1, 1), (1, 12), (28, 12)))]","[((28, 10), ((1, 1), (1, 12), (28, 12))), ((26, 3), ((28, 1),)), ((25, 4), ((28, 1),)), ((9, 8), ((1, 12),)), ((11, 8), ((1, 12),)), ((25, 12), ((28, 12),)), ((22, 5), ((1, 1), (1, 12))), ((15, 12), ((1, 1), (1, 12))), ((21, 2), ((1, 1), (1, 12))), ((27, 1), ((1, 1), (1, 12), (28, 1))), ((26, 9), ((28, 1), (28, 12))), ((25, 4), ((28, 12),)), ((20, 7), ((1, 1),)), ((23, 12), ((28, 1),)), ((27, 6), ((1, 1), (1, 12), (28, 1))), ((27, 8), ((1, 1), (1, 12))), ((15, 2), ((1, 12),)), ((18, 11), ((28, 1), (28, 12))), ((15, 1), ((1, 12),)), ((27, 8), ((1, 1), (1, 12), (28, 1))), ((15, 10), ((1, 1),)), ((26, 9), ((1, 1), (1, 12))), ((28, 4), ((28, 1), (28, 12)))]","[((26, 3), ((28, 1),)), ((11, 8), ((1, 12),)), ((25, 4), ((28, 1),)), ((9, 8), ((1, 12),)), ((26, 9), ((28, 1), (28, 12))), ((25, 12), ((28, 12),)), ((22, 5), ((1, 1), (1, 12))), ((15, 12), ((1, 1), (1, 12))), ((21, 2), ((1, 1), (1, 12))), ((27, 1), ((1, 1), (1, 12), (28, 1))), ((28, 4), ((28, 1), (28, 12))), ((25, 4), ((28, 12),)), ((20, 7), ((1, 1),)), ((23, 12), ((28, 1),)), ((27, 6), ((1, 1), (1, 12), (28, 1))), ((27, 8), ((1, 1), (1, 12))), ((15, 2), ((1, 12),)), ((18, 11), ((28, 1), (28, 12))), ((15, 1), ((1, 12),)), ((27, 8), ((1, 1), (1, 12), (28, 1))), ((15, 10), ((1, 1),)), ((26, 9), ((1, 1), (1, 12))), ((27, 10), ((1, 1), (1, 12), (28, 12)))]",649,94,9,103
650,"((26, 3), ((28, 1),))","((26, 4), ((28, 1),))",South,"[((26, 4), ((28, 1),))]","[((26, 3), ((28, 1),)), ((11, 8), ((1, 12),)), ((25, 4), ((28, 1),)), ((9, 8), ((1, 12),)), ((26, 9), ((28, 1), (28, 12))), ((25, 12), ((28, 12),)), ((22, 5), ((1, 1), (1, 12))), ((15, 12), ((1, 1), (1, 12))), ((21, 2), ((1, 1), (1, 12))), ((27, 1), ((1, 1), (1, 12), (28, 1))), ((28, 4), ((28, 1), (28, 12))), ((25, 4), ((28, 12),)), ((20, 7), ((1, 1),)), ((23, 12), ((28, 1),)), ((27, 6), ((1, 1), (1, 12), (28, 1))), ((27, 8), ((1, 1), (1, 12))), ((15, 2), ((1, 12),)), ((18, 11), ((28, 1), (28, 12))), ((15, 1), ((1, 12),)), ((27, 8), ((1, 1), (1, 12), (28, 1))), ((15, 10), ((1, 1),)), ((26, 9), ((1, 1), (1, 12))), ((27, 10), ((1, 1), (1, 12), (28, 12)))]","[((25, 4), ((28, 1),)), ((11, 8), ((1, 12),)), ((22, 5), ((1, 1), (1, 12))), ((9, 8), ((1, 12),)), ((26, 9), ((28, 1), (28, 12))), ((25, 12), ((28, 12),)), ((23, 12), ((28, 1),)), ((15, 12), ((1, 1), (1, 12))), ((21, 2), ((1, 1), (1, 12))), ((27, 1), ((1, 1), (1, 12), (28, 1))), ((28, 4), ((28, 1), (28, 12))), ((25, 4), ((28, 12),)), ((20, 7), ((1, 1),)), ((27, 10), ((1, 1), (1, 12), (28, 12))), ((27, 6), ((1, 1), (1, 12), (28, 1))), ((27, 8), ((1, 1), (1, 12))), ((15, 2), ((1, 12),)), ((18, 11), ((28, 1), (28, 12))), ((15, 1), ((1, 12),)), ((27, 8), ((1, 1), (1, 12), (28, 1))), ((15, 10), ((1, 1),)), ((26, 9), ((1, 1), (1, 12)))]",650,55,49,104
651,"((25, 4), ((28, 1),))","((26, 4), ((28, 1),))",West,"[((26, 4), ((28, 1),)), ((24, 4), ((28, 1),))]","[((25, 4), ((28, 1),)), ((11, 8), ((1, 12),)), ((22, 5), ((1, 1), (1, 12))), ((9, 8), ((1, 12),)), ((26, 9), ((28, 1), (28, 12))), ((25, 12), ((28, 12),)), ((23, 12), ((28, 1),)), ((15, 12), ((1, 1), (1, 12))), ((21, 2), ((1, 1), (1, 12))), ((27, 1), ((1, 1), (1, 12), (28, 1))), ((28, 4), ((28, 1), (28, 12))), ((25, 4), ((28, 12),)), ((20, 7), ((1, 1),)), ((27, 10), ((1, 1), (1, 12), (28, 12))), ((27, 6), ((1, 1), (1, 12), (28, 1))), ((27, 8), ((1, 1), (1, 12))), ((15, 2), ((1, 12),)), ((18, 11), ((28, 1), (28, 12))), ((15, 1), ((1, 12),)), ((27, 8), ((1, 1), (1, 12), (28, 1))), ((15, 10), ((1, 1),)), ((26, 9), ((1, 1), (1, 12)))]","[((22, 5), ((1, 1), (1, 12))), ((11, 8), ((1, 12),)), ((23, 12), ((28, 1),)), ((9, 8), ((1, 12),)), ((26, 9), ((28, 1), (28, 12))), ((25, 12), ((28, 12),)), ((27, 6), ((1, 1), (1, 12), (28, 1))), ((15, 12), ((1, 1), (1, 12))), ((21, 2), ((1, 1), (1, 12))), ((27, 1), ((1, 1), (1, 12), (28, 1))), ((28, 4), ((28, 1), (28, 12))), ((25, 4), ((28, 12),)), ((20, 7), ((1, 1),)), ((27, 10), ((1, 1), (1, 12), (28, 12))), ((26, 9), ((1, 1), (1, 12))), ((27, 8), ((1, 1), (1, 12))), ((15, 2), ((1, 12),)), ((18, 11), ((28, 1), (28, 12))), ((15, 1), ((1, 12),)), ((27, 8), ((1, 1), (1, 12), (28, 1))), ((15, 10), ((1, 1),)), ((24, 4), ((28, 1),))]",651,55,49,104
652,"((22, 5), ((1, 1), (1, 12)))","((22, 4), ((1, 1), (1, 12)))",North,"[((22, 6), ((1, 1), (1, 12))), ((22, 4), ((1, 1), (1, 12)))]","[((22, 5), ((1, 1), (1, 12))), ((11, 8), ((1, 12),)), ((23, 12), ((28, 1),)), ((9, 8), ((1, 12),)), ((26, 9), ((28, 1), (28, 12))), ((25, 12), ((28, 12),)), ((27, 6), ((1, 1), (1, 12), (28, 1))), ((15, 12), ((1, 1), (1, 12))), ((21, 2), ((1, 1), (1, 12))), ((27, 1), ((1, 1), (1, 12), (28, 1))), ((28, 4), ((28, 1), (28, 12))), ((25, 4), ((28, 12),)), ((20, 7), ((1, 1),)), ((27, 10), ((1, 1), (1, 12), (28, 12))), ((26, 9), ((1, 1), (1, 12))), ((27, 8), ((1, 1), (1, 12))), ((15, 2), ((1, 12),)), ((18, 11), ((28, 1), (28, 12))), ((15, 1), ((1, 12),)), ((27, 8), ((1, 1), (1, 12), (28, 1))), ((15, 10), ((1, 1),)), ((24, 4), ((28, 1),))]","[((23, 12), ((28, 1),)), ((11, 8), ((1, 12),)), ((27, 6), ((1, 1), (1, 12), (28, 1))), ((9, 8), ((1, 12),)), ((26, 9), ((28, 1), (28, 12))), ((25, 12), ((28, 12),)), ((26, 9), ((1, 1), (1, 12))), ((15, 12), ((1, 1), (1, 12))), ((21, 2), ((1, 1), (1, 12))), ((27, 1), ((1, 1), (1, 12), (28, 1))), ((28, 4), ((28, 1), (28, 12))), ((25, 4), ((28, 12),)), ((20, 7), ((1, 1),)), ((27, 10), ((1, 1), (1, 12), (28, 12))), ((24, 4), ((28, 1),)), ((27, 8), ((1, 1), (1, 12))), ((15, 2), ((1, 12),)), ((18, 11), ((28, 1), (28, 12))), ((15, 1), ((1, 12),)), ((27, 8), ((1, 1), (1, 12), (28, 1))), ((15, 10), ((1, 1),)), ((22, 6), ((1, 1), (1, 12)))]",652,83,21,104
653,"((23, 12), ((28, 1),))","((24, 12), ((28, 1),))",West,"[((24, 12), ((28, 1),)), ((22, 12), ((28, 1),))]","[((23, 12), ((28, 1),)), ((11, 8), ((1, 12),)), ((27, 6), ((1, 1), (1, 12), (28, 1))), ((9, 8), ((1, 12),)), ((26, 9), ((28, 1), (28, 12))), ((25, 12), ((28, 12),)), ((26, 9), ((1, 1), (1, 12))), ((15, 12), ((1, 1), (1, 12))), ((21, 2), ((1, 1), (1, 12))), ((27, 1), ((1, 1), (1, 12), (28, 1))), ((28, 4), ((28, 1), (28, 12))), ((25, 4), ((28, 12),)), ((20, 7), ((1, 1),)), ((27, 10), ((1, 1), (1, 12), (28, 12))), ((24, 4), ((28, 1),)), ((27, 8), ((1, 1), (1, 12))), ((15, 2), ((1, 12),)), ((18, 11), ((28, 1), (28, 12))), ((15, 1), ((1, 12),)), ((27, 8), ((1, 1), (1, 12), (28, 1))), ((15, 10), ((1, 1),)), ((22, 6), ((1, 1), (1, 12)))]","[((11, 8), ((1, 12),)), ((9, 8), ((1, 12),)), ((27, 6), ((1, 1), (1, 12), (28, 1))), ((21, 2), ((1, 1), (1, 12))), ((26, 9), ((28, 1), (28, 12))), ((25, 12), ((28, 12),)), ((26, 9), ((1, 1), (1, 12))), ((15, 12), ((1, 1), (1, 12))), ((18, 11), ((28, 1), (28, 12))), ((27, 1), ((1, 1), (1, 12), (28, 1))), ((28, 4), ((28, 1), (28, 12))), ((25, 4), ((28, 12),)), ((20, 7), ((1, 1),)), ((27, 10), ((1, 1), (1, 12), (28, 12))), ((24, 4), ((28, 1),)), ((27, 8), ((1, 1), (1, 12))), ((15, 2), ((1, 12),)), ((22, 6), ((1, 1), (1, 12))), ((15, 1), ((1, 12),)), ((27, 8), ((1, 1), (1, 12), (28, 1))), ((15, 10), ((1, 1),)), ((22, 12), ((28, 1),))]",653,61,43,104
654,"((11, 8), ((1, 12),))","((11, 7), ((1, 12),))",North,"[((11, 9), ((1, 12),)), ((11, 7), ((1, 12),)), ((12, 8), ((1, 12),))]","[((11, 8), ((1, 12),)), ((9, 8), ((1, 12),)), ((27, 6), ((1, 1), (1, 12), (28, 1))), ((21, 2), ((1, 1), (1, 12))), ((26, 9), ((28, 1), (28, 12))), ((25, 12), ((28, 12),)), ((26, 9), ((1, 1), (1, 12))), ((15, 12), ((1, 1), (1, 12))), ((18, 11), ((28, 1), (28, 12))), ((27, 1), ((1, 1), (1, 12), (28, 1))), ((28, 4), ((28, 1), (28, 12))), ((25, 4), ((28, 12),)), ((20, 7), ((1, 1),)), ((27, 10), ((1, 1), (1, 12), (28, 12))), ((24, 4), ((28, 1),)), ((27, 8), ((1, 1), (1, 12))), ((15, 2), ((1, 12),)), ((22, 6), ((1, 1), (1, 12))), ((15, 1), ((1, 12),)), ((27, 8), ((1, 1), (1, 12), (28, 1))), ((15, 10), ((1, 1),)), ((22, 12), ((28, 1),))]","[((9, 8), ((1, 12),)), ((21, 2), ((1, 1), (1, 12))), ((27, 6), ((1, 1), (1, 12), (28, 1))), ((18, 11), ((28, 1), (28, 12))), ((26, 9), ((28, 1), (28, 12))), ((25, 12), ((28, 12),)), ((26, 9), ((1, 1), (1, 12))), ((15, 12), ((1, 1), (1, 12))), ((22, 6), ((1, 1), (1, 12))), ((27, 1), ((1, 1), (1, 12), (28, 1))), ((28, 4), ((28, 1), (28, 12))), ((25, 4), ((28, 12),)), ((20, 7), ((1, 1),)), ((27, 10), ((1, 1), (1, 12), (28, 12))), ((24, 4), ((28, 1),)), ((27, 8), ((1, 1), (1, 12))), ((15, 2), ((1, 12),)), ((22, 12), ((28, 1),)), ((15, 1), ((1, 12),)), ((27, 8), ((1, 1), (1, 12), (28, 1))), ((15, 10), ((1, 1),)), ((11, 9), ((1, 12),)), ((12, 8), ((1, 12),))]",654,49,55,104
655,"((9, 8), ((1, 12),))","((9, 7), ((1, 12),))",North,"[((9, 7), ((1, 12),))]","[((9, 8), ((1, 12),)), ((21, 2), ((1, 1), (1, 12))), ((27, 6), ((1, 1), (1, 12), (28, 1))), ((18, 11), ((28, 1), (28, 12))), ((26, 9), ((28, 1), (28, 12))), ((25, 12), ((28, 12),)), ((26, 9), ((1, 1), (1, 12))), ((15, 12), ((1, 1), (1, 12))), ((22, 6), ((1, 1), (1, 12))), ((27, 1), ((1, 1), (1, 12), (28, 1))), ((28, 4), ((28, 1), (28, 12))), ((25, 4), ((28, 12),)), ((20, 7), ((1, 1),)), ((27, 10), ((1, 1), (1, 12), (28, 12))), ((24, 4), ((28, 1),)), ((27, 8), ((1, 1), (1, 12))), ((15, 2), ((1, 12),)), ((22, 12), ((28, 1),)), ((15, 1), ((1, 12),)), ((27, 8), ((1, 1), (1, 12), (28, 1))), ((15, 10), ((1, 1),)), ((11, 9), ((1, 12),)), ((12, 8), ((1, 12),))]","[((21, 2), ((1, 1), (1, 12))), ((26, 9), ((28, 1), (28, 12))), ((27, 6), ((1, 1), (1, 12), (28, 1))), ((18, 11), ((28, 1), (28, 12))), ((27, 1), ((1, 1), (1, 12), (28, 1))), ((25, 12), ((28, 12),)), ((26, 9), ((1, 1), (1, 12))), ((15, 12), ((1, 1), (1, 12))), ((22, 6), ((1, 1), (1, 12))), ((27, 8), ((1, 1), (1, 12), (28, 1))), ((28, 4), ((28, 1), (28, 12))), ((25, 4), ((28, 12),)), ((20, 7), ((1, 1),)), ((27, 10), ((1, 1), (1, 12), (28, 12))), ((24, 4), ((28, 1),)), ((27, 8), ((1, 1), (1, 12))), ((15, 2), ((1, 12),)), ((22, 12), ((28, 1),)), ((15, 1), ((1, 12),)), ((12, 8), ((1, 12),)), ((15, 10), ((1, 1),)), ((11, 9), ((1, 12),))]",655,51,53,104
656,"((21, 2), ((1, 1), (1, 12)))","((22, 2), ((1, 1), (1, 12)))",West,"[((22, 2), ((1, 1), (1, 12))), ((20, 2), ((1, 1), (1, 12)))]","[((21, 2), ((1, 1), (1, 12))), ((26, 9), ((28, 1), (28, 12))), ((27, 6), ((1, 1), (1, 12), (28, 1))), ((18, 11), ((28, 1), (28, 12))), ((27, 1), ((1, 1), (1, 12), (28, 1))), ((25, 12), ((28, 12),)), ((26, 9), ((1, 1), (1, 12))), ((15, 12), ((1, 1), (1, 12))), ((22, 6), ((1, 1), (1, 12))), ((27, 8), ((1, 1), (1, 12), (28, 1))), ((28, 4), ((28, 1), (28, 12))), ((25, 4), ((28, 12),)), ((20, 7), ((1, 1),)), ((27, 10), ((1, 1), (1, 12), (28, 12))), ((24, 4), ((28, 1),)), ((27, 8), ((1, 1), (1, 12))), ((15, 2), ((1, 12),)), ((22, 12), ((28, 1),)), ((15, 1), ((1, 12),)), ((12, 8), ((1, 12),)), ((15, 10), ((1, 1),)), ((11, 9), ((1, 12),))]","[((26, 9), ((28, 1), (28, 12))), ((27, 1), ((1, 1), (1, 12), (28, 1))), ((27, 6), ((1, 1), (1, 12), (28, 1))), ((18, 11), ((28, 1), (28, 12))), ((27, 8), ((1, 1), (1, 12), (28, 1))), ((25, 12), ((28, 12),)), ((26, 9), ((1, 1), (1, 12))), ((15, 12), ((1, 1), (1, 12))), ((22, 6), ((1, 1), (1, 12))), ((11, 9), ((1, 12),)), ((28, 4), ((28, 1), (28, 12))), ((25, 4), ((28, 12),)), ((20, 7), ((1, 1),)), ((27, 10), ((1, 1), (1, 12), (28, 12))), ((24, 4), ((28, 1),)), ((27, 8), ((1, 1), (1, 12))), ((15, 2), ((1, 12),)), ((22, 12), ((28, 1),)), ((15, 1), ((1, 12),)), ((12, 8), ((1, 12),)), ((15, 10), ((1, 1),)), ((20, 2), ((1, 1), (1, 12)))]",656,85,19,104
657,"((26, 9), ((28, 1), (28, 12)))","((26, 10), ((28, 1), (28, 12)))",South,"[((26, 10), ((28, 1), (28, 12))), ((26, 8), ((28, 1), (28, 12)))]","[((26, 9), ((28, 1), (28, 12))), ((27, 1), ((1, 1), (1, 12), (28, 1))), ((27, 6), ((1, 1), (1, 12), (28, 1))), ((18, 11), ((28, 1), (28, 12))), ((27, 8), ((1, 1), (1, 12), (28, 1))), ((25, 12), ((28, 12),)), ((26, 9), ((1, 1), (1, 12))), ((15, 12), ((1, 1), (1, 12))), ((22, 6), ((1, 1), (1, 12))), ((11, 9), ((1, 12),)), ((28, 4), ((28, 1), (28, 12))), ((25, 4), ((28, 12),)), ((20, 7), ((1, 1),)), ((27, 10), ((1, 1), (1, 12), (28, 12))), ((24, 4), ((28, 1),)), ((27, 8), ((1, 1), (1, 12))), ((15, 2), ((1, 12),)), ((22, 12), ((28, 1),)), ((15, 1), ((1, 12),)), ((12, 8), ((1, 12),)), ((15, 10), ((1, 1),)), ((20, 2), ((1, 1), (1, 12)))]","[((27, 1), ((1, 1), (1, 12), (28, 1))), ((18, 11), ((28, 1), (28, 12))), ((27, 6), ((1, 1), (1, 12), (28, 1))), ((15, 12), ((1, 1), (1, 12))), ((27, 8), ((1, 1), (1, 12), (28, 1))), ((25, 12), ((28, 12),)), ((26, 9), ((1, 1), (1, 12))), ((27, 8), ((1, 1), (1, 12))), ((22, 6), ((1, 1), (1, 12))), ((11, 9), ((1, 12),)), ((28, 4), ((28, 1), (28, 12))), ((25, 4), ((28, 12),)), ((20, 7), ((1, 1),)), ((27, 10), ((1, 1), (1, 12), (28, 12))), ((24, 4), ((28, 1),)), ((20, 2), ((1, 1), (1, 12))), ((15, 2), ((1, 12),)), ((22, 12), ((28, 1),)), ((15, 1), ((1, 12),)), ((12, 8), ((1, 12),)), ((15, 10), ((1, 1),)), ((26, 8), ((28, 1), (28, 12)))]",657,65,39,104
658,"((27, 1), ((1, 1), (1, 12), (28, 1)))","((28, 1), ((1, 1), (1, 12), (28, 1)))",West,"[((28, 1), ((1, 1), (1, 12), (28, 1))), ((26, 1), ((1, 1), (1, 12), (28, 1)))]","[((27, 1), ((1, 1), (1, 12), (28, 1))), ((18, 11), ((28, 1), (28, 12))), ((27, 6), ((1, 1), (1, 12), (28, 1))), ((15, 12), ((1, 1), (1, 12))), ((27, 8), ((1, 1), (1, 12), (28, 1))), ((25, 12), ((28, 12),)), ((26, 9), ((1, 1), (1, 12))), ((27, 8), ((1, 1), (1, 12))), ((22, 6), ((1, 1), (1, 12))), ((11, 9), ((1, 12),)), ((28, 4), ((28, 1), (28, 12))), ((25, 4), ((28, 12),)), ((20, 7), ((1, 1),)), ((27, 10), ((1, 1), (1, 12), (28, 12))), ((24, 4), ((28, 1),)), ((20, 2), ((1, 1), (1, 12))), ((15, 2), ((1, 12),)), ((22, 12), ((28, 1),)), ((15, 1), ((1, 12),)), ((12, 8), ((1, 12),)), ((15, 10), ((1, 1),)), ((26, 8), ((28, 1), (28, 12)))]","[((27, 6), ((1, 1), (1, 12), (28, 1))), ((18, 11), ((28, 1), (28, 12))), ((25, 12), ((28, 12),)), ((15, 12), ((1, 1), (1, 12))), ((27, 8), ((1, 1), (1, 12), (28, 1))), ((25, 4), ((28, 12),)), ((26, 9), ((1, 1), (1, 12))), ((27, 8), ((1, 1), (1, 12))), ((22, 6), ((1, 1), (1, 12))), ((11, 9), ((1, 12),)), ((28, 4), ((28, 1), (28, 12))), ((26, 8), ((28, 1), (28, 12))), ((20, 7), ((1, 1),)), ((27, 10), ((1, 1), (1, 12), (28, 12))), ((24, 4), ((28, 1),)), ((20, 2), ((1, 1), (1, 12))), ((15, 2), ((1, 12),)), ((22, 12), ((28, 1),)), ((15, 1), ((1, 12),)), ((12, 8), ((1, 12),)), ((15, 10), ((1, 1),)), ((26, 1), ((1, 1), (1, 12), (28, 1)))]",658,92,12,104
659,"((27, 6), ((1, 1), (1, 12), (28, 1)))","((28, 6), ((1, 1), (1, 12), (28, 1)))",West,"[((28, 6), ((1, 1), (1, 12), (28, 1))), ((26, 6), ((1, 1), (1, 12), (28, 1)))]","[((27, 6), ((1, 1), (1, 12), (28, 1))), ((18, 11), ((28, 1), (28, 12))), ((25, 12), ((28, 12),)), ((15, 12), ((1, 1), (1, 12))), ((27, 8), ((1, 1), (1, 12), (28, 1))), ((25, 4), ((28, 12),)), ((26, 9), ((1, 1), (1, 12))), ((27, 8), ((1, 1), (1, 12))), ((22, 6), ((1, 1), (1, 12))), ((11, 9), ((1, 12),)), ((28, 4), ((28, 1), (28, 12))), ((26, 8), ((28, 1), (28, 12))), ((20, 7), ((1, 1),)), ((27, 10), ((1, 1), (1, 12), (28, 12))), ((24, 4), ((28, 1),)), ((20, 2), ((1, 1), (1, 12))), ((15, 2), ((1, 12),)), ((22, 12), ((28, 1),)), ((15, 1), ((1, 12),)), ((12, 8), ((1, 12),)), ((15, 10), ((1, 1),)), ((26, 1), ((1, 1), (1, 12), (28, 1)))]","[((18, 11), ((28, 1), (28, 12))), ((27, 8), ((1, 1), (1, 12), (28, 1))), ((25, 12), ((28, 12),)), ((15, 12), ((1, 1), (1, 12))), ((28, 4), ((28, 1), (28, 12))), ((25, 4), ((28, 12),)), ((26, 9), ((1, 1), (1, 12))), ((27, 8), ((1, 1), (1, 12))), ((22, 6), ((1, 1), (1, 12))), ((11, 9), ((1, 12),)), ((26, 1), ((1, 1), (1, 12), (28, 1))), ((26, 8), ((28, 1), (28, 12))), ((20, 7), ((1, 1),)), ((27, 10), ((1, 1), (1, 12), (28, 12))), ((24, 4), ((28, 1),)), ((20, 2), ((1, 1), (1, 12))), ((15, 2), ((1, 12),)), ((22, 12), ((28, 1),)), ((15, 1), ((1, 12),)), ((12, 8), ((1, 12),)), ((15, 10), ((1, 1),)), ((26, 6), ((1, 1), (1, 12), (28, 1)))]",659,97,7,104
660,"((18, 11), ((28, 1), (28, 12)))","((18, 12), ((28, 1), (28, 12)))",South,"[((18, 12), ((28, 1), (28, 12))), ((18, 10), ((28, 1), (28, 12)))]","[((18, 11), ((28, 1), (28, 12))), ((27, 8), ((1, 1), (1, 12), (28, 1))), ((25, 12), ((28, 12),)), ((15, 12), ((1, 1), (1, 12))), ((28, 4), ((28, 1), (28, 12))), ((25, 4), ((28, 12),)), ((26, 9), ((1, 1), (1, 12))), ((27, 8), ((1, 1), (1, 12))), ((22, 6), ((1, 1), (1, 12))), ((11, 9), ((1, 12),)), ((26, 1), ((1, 1), (1, 12), (28, 1))), ((26, 8), ((28, 1), (28, 12))), ((20, 7), ((1, 1),)), ((27, 10), ((1, 1), (1, 12), (28, 12))), ((24, 4), ((28, 1),)), ((20, 2), ((1, 1), (1, 12))), ((15, 2), ((1, 12),)), ((22, 12), ((28, 1),)), ((15, 1), ((1, 12),)), ((12, 8), ((1, 12),)), ((15, 10), ((1, 1),)), ((26, 6), ((1, 1), (1, 12), (28, 1)))]","[((27, 8), ((1, 1), (1, 12), (28, 1))), ((15, 12), ((1, 1), (1, 12))), ((25, 12), ((28, 12),)), ((27, 8), ((1, 1), (1, 12))), ((28, 4), ((28, 1), (28, 12))), ((25, 4), ((28, 12),)), ((26, 9), ((1, 1), (1, 12))), ((20, 2), ((1, 1), (1, 12))), ((22, 6), ((1, 1), (1, 12))), ((11, 9), ((1, 12),)), ((26, 1), ((1, 1), (1, 12), (28, 1))), ((26, 8), ((28, 1), (28, 12))), ((20, 7), ((1, 1),)), ((27, 10), ((1, 1), (1, 12), (28, 12))), ((24, 4), ((28, 1),)), ((26, 6), ((1, 1), (1, 12), (28, 1))), ((15, 2), ((1, 12),)), ((22, 12), ((28, 1),)), ((15, 1), ((1, 12),)), ((12, 8), ((1, 12),)), ((15, 10), ((1, 1),)), ((18, 10), ((28, 1), (28, 12)))]",660,75,29,104
661,"((27, 8), ((1, 1), (1, 12), (28, 1)))","((28, 8), ((1, 1), (1, 12), (28, 1)))",West,"[((28, 8), ((1, 1), (1, 12), (28, 1))), ((26, 8), ((1, 1), (1, 12), (28, 1)))]","[((27, 8), ((1, 1), (1, 12), (28, 1))), ((15, 12), ((1, 1), (1, 12))), ((25, 12), ((28, 12),)), ((27, 8), ((1, 1), (1, 12))), ((28, 4), ((28, 1), (28, 12))), ((25, 4), ((28, 12),)), ((26, 9), ((1, 1), (1, 12))), ((20, 2), ((1, 1), (1, 12))), ((22, 6), ((1, 1), (1, 12))), ((11, 9), ((1, 12),)), ((26, 1), ((1, 1), (1, 12), (28, 1))), ((26, 8), ((28, 1), (28, 12))), ((20, 7), ((1, 1),)), ((27, 10), ((1, 1), (1, 12), (28, 12))), ((24, 4), ((28, 1),)), ((26, 6), ((1, 1), (1, 12), (28, 1))), ((15, 2), ((1, 12),)), ((22, 12), ((28, 1),)), ((15, 1), ((1, 12),)), ((12, 8), ((1, 12),)), ((15, 10), ((1, 1),)), ((18, 10), ((28, 1), (28, 12)))]","[((25, 12), ((28, 12),)), ((15, 12), ((1, 1), (1, 12))), ((26, 9), ((1, 1), (1, 12))), ((27, 8), ((1, 1), (1, 12))), ((28, 4), ((28, 1), (28, 12))), ((25, 4), ((28, 12),)), ((27, 10), ((1, 1), (1, 12), (28, 12))), ((20, 2), ((1, 1), (1, 12))), ((22, 6), ((1, 1), (1, 12))), ((11, 9), ((1, 12),)), ((26, 1), ((1, 1), (1, 12), (28, 1))), ((26, 8), ((28, 1), (28, 12))), ((20, 7), ((1, 1),)), ((18, 10), ((28, 1), (28, 12))), ((24, 4), ((28, 1),)), ((26, 6), ((1, 1), (1, 12), (28, 1))), ((15, 2), ((1, 12),)), ((22, 12), ((28, 1),)), ((15, 1), ((1, 12),)), ((12, 8), ((1, 12),)), ((15, 10), ((1, 1),)), ((26, 8), ((1, 1), (1, 12), (28, 1)))]",661,99,5,104
662,"((25, 12), ((28, 12),))","((26, 12), ((28, 12),))",West,"[((26, 12), ((28, 12),)), ((24, 12), ((28, 12),))]","[((25, 12), ((28, 12),)), ((15, 12), ((1, 1), (1, 12))), ((26, 9), ((1, 1), (1, 12))), ((27, 8), ((1, 1), (1, 12))), ((28, 4), ((28, 1), (28, 12))), ((25, 4), ((28, 12),)), ((27, 10), ((1, 1), (1, 12), (28, 12))), ((20, 2), ((1, 1), (1, 12))), ((22, 6), ((1, 1), (1, 12))), ((11, 9), ((1, 12),)), ((26, 1), ((1, 1), (1, 12), (28, 1))), ((26, 8), ((28, 1), (28, 12))), ((20, 7), ((1, 1),)), ((18, 10), ((28, 1), (28, 12))), ((24, 4), ((28, 1),)), ((26, 6), ((1, 1), (1, 12), (28, 1))), ((15, 2), ((1, 12),)), ((22, 12), ((28, 1),)), ((15, 1), ((1, 12),)), ((12, 8), ((1, 12),)), ((15, 10), ((1, 1),)), ((26, 8), ((1, 1), (1, 12), (28, 1)))]","[((15, 12), ((1, 1), (1, 12))), ((28, 4), ((28, 1), (28, 12))), ((26, 9), ((1, 1), (1, 12))), ((27, 8), ((1, 1), (1, 12))), ((11, 9), ((1, 12),)), ((25, 4), ((28, 12),)), ((27, 10), ((1, 1), (1, 12), (28, 12))), ((20, 2), ((1, 1), (1, 12))), ((22, 6), ((1, 1), (1, 12))), ((12, 8), ((1, 12),)), ((26, 1), ((1, 1), (1, 12), (28, 1))), ((26, 8), ((28, 1), (28, 12))), ((20, 7), ((1, 1),)), ((18, 10), ((28, 1), (28, 12))), ((24, 4), ((28, 1),)), ((26, 6), ((1, 1), (1, 12), (28, 1))), ((15, 2), ((1, 12),)), ((22, 12), ((28, 1),)), ((15, 1), ((1, 12),)), ((26, 8), ((1, 1), (1, 12), (28, 1))), ((15, 10), ((1, 1),)), ((24, 12), ((28, 12),))]",662,53,52,105
663,"((15, 12), ((1, 1), (1, 12)))","((16, 12), ((1, 1), (1, 12)))",West,"[((16, 12), ((1, 1), (1, 12))), ((14, 12), ((1, 1), (1, 12)))]","[((15, 12), ((1, 1), (1, 12))), ((28, 4), ((28, 1), (28, 12))), ((26, 9), ((1, 1), (1, 12))), ((27, 8), ((1, 1), (1, 12))), ((11, 9), ((1, 12),)), ((25, 4), ((28, 12),)), ((27, 10), ((1, 1), (1, 12), (28, 12))), ((20, 2), ((1, 1), (1, 12))), ((22, 6), ((1, 1), (1, 12))), ((12, 8), ((1, 12),)), ((26, 1), ((1, 1), (1, 12), (28, 1))), ((26, 8), ((28, 1), (28, 12))), ((20, 7), ((1, 1),)), ((18, 10), ((28, 1), (28, 12))), ((24, 4), ((28, 1),)), ((26, 6), ((1, 1), (1, 12), (28, 1))), ((15, 2), ((1, 12),)), ((22, 12), ((28, 1),)), ((15, 1), ((1, 12),)), ((26, 8), ((1, 1), (1, 12), (28, 1))), ((15, 10), ((1, 1),)), ((24, 12), ((28, 12),))]","[((28, 4), ((28, 1), (28, 12))), ((27, 8), ((1, 1), (1, 12))), ((26, 9), ((1, 1), (1, 12))), ((22, 6), ((1, 1), (1, 12))), ((11, 9), ((1, 12),)), ((25, 4), ((28, 12),)), ((27, 10), ((1, 1), (1, 12), (28, 12))), ((20, 2), ((1, 1), (1, 12))), ((22, 12), ((28, 1),)), ((12, 8), ((1, 12),)), ((26, 1), ((1, 1), (1, 12), (28, 1))), ((26, 8), ((28, 1), (28, 12))), ((20, 7), ((1, 1),)), ((18, 10), ((28, 1), (28, 12))), ((24, 4), ((28, 1),)), ((26, 6), ((1, 1), (1, 12), (28, 1))), ((15, 2), ((1, 12),)), ((24, 12), ((28, 12),)), ((15, 1), ((1, 12),)), ((26, 8), ((1, 1), (1, 12), (28, 1))), ((15, 10), ((1, 1),)), ((14, 12), ((1, 1), (1, 12)))]",663,81,24,105
664,"((28, 4), ((28, 1), (28, 12)))","((28, 3), ((28, 1), (28, 12)))",North,"[((28, 5), ((28, 1), (28, 12))), ((28, 3), ((28, 1), (28, 12)))]","[((28, 4), ((28, 1), (28, 12))), ((27, 8), ((1, 1), (1, 12))), ((26, 9), ((1, 1), (1, 12))), ((22, 6), ((1, 1), (1, 12))), ((11, 9), ((1, 12),)), ((25, 4), ((28, 12),)), ((27, 10), ((1, 1), (1, 12), (28, 12))), ((20, 2), ((1, 1), (1, 12))), ((22, 12), ((28, 1),)), ((12, 8), ((1, 12),)), ((26, 1), ((1, 1), (1, 12), (28, 1))), ((26, 8), ((28, 1), (28, 12))), ((20, 7), ((1, 1),)), ((18, 10), ((28, 1), (28, 12))), ((24, 4), ((28, 1),)), ((26, 6), ((1, 1), (1, 12), (28, 1))), ((15, 2), ((1, 12),)), ((24, 12), ((28, 12),)), ((15, 1), ((1, 12),)), ((26, 8), ((1, 1), (1, 12), (28, 1))), ((15, 10), ((1, 1),)), ((14, 12), ((1, 1), (1, 12)))]","[((26, 9), ((1, 1), (1, 12))), ((27, 8), ((1, 1), (1, 12))), ((25, 4), ((28, 12),)), ((22, 6), ((1, 1), (1, 12))), ((11, 9), ((1, 12),)), ((26, 8), ((28, 1), (28, 12))), ((27, 10), ((1, 1), (1, 12), (28, 12))), ((20, 2), ((1, 1), (1, 12))), ((22, 12), ((28, 1),)), ((12, 8), ((1, 12),)), ((26, 1), ((1, 1), (1, 12), (28, 1))), ((14, 12), ((1, 1), (1, 12))), ((20, 7), ((1, 1),)), ((18, 10), ((28, 1), (28, 12))), ((24, 4), ((28, 1),)), ((26, 6), ((1, 1), (1, 12), (28, 1))), ((15, 2), ((1, 12),)), ((24, 12), ((28, 12),)), ((15, 1), ((1, 12),)), ((26, 8), ((1, 1), (1, 12), (28, 1))), ((15, 10), ((1, 1),)), ((28, 5), ((28, 1), (28, 12)))]",664,64,41,105
665,"((26, 9), ((1, 1), (1, 12)))","((26, 10), ((1, 1), (1, 12)))",South,"[((26, 10), ((1, 1), (1, 12))), ((26, 8), ((1, 1), (1, 12)))]","[((26, 9), ((1, 1), (1, 12))), ((27, 8), ((1, 1), (1, 12))), ((25, 4), ((28, 12),)), ((22, 6), ((1, 1), (1, 12))), ((11, 9), ((1, 12),)), ((26, 8), ((28, 1), (28, 12))), ((27, 10), ((1, 1), (1, 12), (28, 12))), ((20, 2), ((1, 1), (1, 12))), ((22, 12), ((28, 1),)), ((12, 8), ((1, 12),)), ((26, 1), ((1, 1), (1, 12), (28, 1))), ((14, 12), ((1, 1), (1, 12))), ((20, 7), ((1, 1),)), ((18, 10), ((28, 1), (28, 12))), ((24, 4), ((28, 1),)), ((26, 6), ((1, 1), (1, 12), (28, 1))), ((15, 2), ((1, 12),)), ((24, 12), ((28, 12),)), ((15, 1), ((1, 12),)), ((26, 8), ((1, 1), (1, 12), (28, 1))), ((15, 10), ((1, 1),)), ((28, 5), ((28, 1), (28, 12)))]","[((27, 8), ((1, 1), (1, 12))), ((22, 6), ((1, 1), (1, 12))), ((25, 4), ((28, 12),)), ((22, 12), ((28, 1),)), ((11, 9), ((1, 12),)), ((26, 8), ((28, 1), (28, 12))), ((27, 10), ((1, 1), (1, 12), (28, 12))), ((20, 2), ((1, 1), (1, 12))), ((24, 12), ((28, 12),)), ((12, 8), ((1, 12),)), ((26, 1), ((1, 1), (1, 12), (28, 1))), ((14, 12), ((1, 1), (1, 12))), ((20, 7), ((1, 1),)), ((18, 10), ((28, 1), (28, 12))), ((24, 4), ((28, 1),)), ((26, 6), ((1, 1), (1, 12), (28, 1))), ((15, 2), ((1, 12),)), ((28, 5), ((28, 1), (28, 12))), ((15, 1), ((1, 12),)), ((26, 8), ((1, 1), (1, 12), (28, 1))), ((15, 10), ((1, 1),)), ((26, 8), ((1, 1), (1, 12)))]",665,89,16,105
666,"((27, 8), ((1, 1), (1, 12)))","((28, 8), ((1, 1), (1, 12)))",West,"[((28, 8), ((1, 1), (1, 12))), ((26, 8), ((1, 1), (1, 12)))]","[((27, 8), ((1, 1), (1, 12))), ((22, 6), ((1, 1), (1, 12))), ((25, 4), ((28, 12),)), ((22, 12), ((28, 1),)), ((11, 9), ((1, 12),)), ((26, 8), ((28, 1), (28, 12))), ((27, 10), ((1, 1), (1, 12), (28, 12))), ((20, 2), ((1, 1), (1, 12))), ((24, 12), ((28, 12),)), ((12, 8), ((1, 12),)), ((26, 1), ((1, 1), (1, 12), (28, 1))), ((14, 12), ((1, 1), (1, 12))), ((20, 7), ((1, 1),)), ((18, 10), ((28, 1), (28, 12))), ((24, 4), ((28, 1),)), ((26, 6), ((1, 1), (1, 12), (28, 1))), ((15, 2), ((1, 12),)), ((28, 5), ((28, 1), (28, 12))), ((15, 1), ((1, 12),)), ((26, 8), ((1, 1), (1, 12), (28, 1))), ((15, 10), ((1, 1),)), ((26, 8), ((1, 1), (1, 12)))]","[((25, 4), ((28, 12),)), ((22, 6), ((1, 1), (1, 12))), ((27, 10), ((1, 1), (1, 12), (28, 12))), ((22, 12), ((28, 1),)), ((11, 9), ((1, 12),)), ((26, 8), ((28, 1), (28, 12))), ((24, 4), ((28, 1),)), ((20, 2), ((1, 1), (1, 12))), ((24, 12), ((28, 12),)), ((12, 8), ((1, 12),)), ((26, 1), ((1, 1), (1, 12), (28, 1))), ((14, 12), ((1, 1), (1, 12))), ((20, 7), ((1, 1),)), ((18, 10), ((28, 1), (28, 12))), ((26, 8), ((1, 1), (1, 12))), ((26, 6), ((1, 1), (1, 12), (28, 1))), ((15, 2), ((1, 12),)), ((28, 5), ((28, 1), (28, 12))), ((15, 1), ((1, 12),)), ((26, 8), ((1, 1), (1, 12), (28, 1))), ((15, 10), ((1, 1),))]",666,89,16,105
667,"((25, 4), ((28, 12),))","((26, 4), ((28, 12),))",West,"[((26, 4), ((28, 12),)), ((24, 4), ((28, 12),))]","[((25, 4), ((28, 12),)), ((22, 6), ((1, 1), (1, 12))), ((27, 10), ((1, 1), (1, 12), (28, 12))), ((22, 12), ((28, 1),)), ((11, 9), ((1, 12),)), ((26, 8), ((28, 1), (28, 12))), ((24, 4), ((28, 1),)), ((20, 2), ((1, 1), (1, 12))), ((24, 12), ((28, 12),)), ((12, 8), ((1, 12),)), ((26, 1), ((1, 1), (1, 12), (28, 1))), ((14, 12), ((1, 1), (1, 12))), ((20, 7), ((1, 1),)), ((18, 10), ((28, 1), (28, 12))), ((26, 8), ((1, 1), (1, 12))), ((26, 6), ((1, 1), (1, 12), (28, 1))), ((15, 2), ((1, 12),)), ((28, 5), ((28, 1), (28, 12))), ((15, 1), ((1, 12),)), ((26, 8), ((1, 1), (1, 12), (28, 1))), ((15, 10), ((1, 1),))]","[((27, 10), ((1, 1), (1, 12), (28, 12))), ((22, 6), ((1, 1), (1, 12))), ((24, 4), ((28, 1),)), ((22, 12), ((28, 1),)), ((11, 9), ((1, 12),)), ((26, 8), ((28, 1), (28, 12))), ((18, 10), ((28, 1), (28, 12))), ((20, 2), ((1, 1), (1, 12))), ((24, 12), ((28, 12),)), ((12, 8), ((1, 12),)), ((26, 1), ((1, 1), (1, 12), (28, 1))), ((14, 12), ((1, 1), (1, 12))), ((20, 7), ((1, 1),)), ((15, 10), ((1, 1),)), ((26, 8), ((1, 1), (1, 12))), ((26, 6), ((1, 1), (1, 12), (28, 1))), ((15, 2), ((1, 12),)), ((28, 5), ((28, 1), (28, 12))), ((15, 1), ((1, 12),)), ((26, 8), ((1, 1), (1, 12), (28, 1))), ((24, 4), ((28, 12),))]",667,61,44,105
668,"((27, 10), ((1, 1), (1, 12), (28, 12)))","((28, 10), ((1, 1), (1, 12), (28, 12)))",West,"[((28, 10), ((1, 1), (1, 12), (28, 12))), ((26, 10), ((1, 1), (1, 12), (28, 12)))]","[((27, 10), ((1, 1), (1, 12), (28, 12))), ((22, 6), ((1, 1), (1, 12))), ((24, 4), ((28, 1),)), ((22, 12), ((28, 1),)), ((11, 9), ((1, 12),)), ((26, 8), ((28, 1), (28, 12))), ((18, 10), ((28, 1), (28, 12))), ((20, 2), ((1, 1), (1, 12))), ((24, 12), ((28, 12),)), ((12, 8), ((1, 12),)), ((26, 1), ((1, 1), (1, 12), (28, 1))), ((14, 12), ((1, 1), (1, 12))), ((20, 7), ((1, 1),)), ((15, 10), ((1, 1),)), ((26, 8), ((1, 1), (1, 12))), ((26, 6), ((1, 1), (1, 12), (28, 1))), ((15, 2), ((1, 12),)), ((28, 5), ((28, 1), (28, 12))), ((15, 1), ((1, 12),)), ((26, 8), ((1, 1), (1, 12), (28, 1))), ((24, 4), ((28, 12),))]","[((24, 4), ((28, 1),)), ((22, 6), ((1, 1), (1, 12))), ((26, 8), ((28, 1), (28, 12))), ((22, 12), ((28, 1),)), ((11, 9), ((1, 12),)), ((14, 12), ((1, 1), (1, 12))), ((18, 10), ((28, 1), (28, 12))), ((20, 2), ((1, 1), (1, 12))), ((24, 12), ((28, 12),)), ((12, 8), ((1, 12),)), ((26, 1), ((1, 1), (1, 12), (28, 1))), ((24, 4), ((28, 12),)), ((20, 7), ((1, 1),)), ((15, 10), ((1, 1),)), ((26, 8), ((1, 1), (1, 12))), ((26, 6), ((1, 1), (1, 12), (28, 1))), ((15, 2), ((1, 12),)), ((28, 5), ((28, 1), (28, 12))), ((15, 1), ((1, 12),)), ((26, 8), ((1, 1), (1, 12), (28, 1))), ((26, 10), ((1, 1), (1, 12), (28, 12)))]",668,95,10,105
669,"((24, 4), ((28, 1),))","((25, 4), ((28, 1),))",West,"[((24, 5), ((28, 1),)), ((25, 4), ((28, 1),)), ((23, 4), ((28, 1),))]","[((24, 4), ((28, 1),)), ((22, 6), ((1, 1), (1, 12))), ((26, 8), ((28, 1), (28, 12))), ((22, 12), ((28, 1),)), ((11, 9), ((1, 12),)), ((14, 12), ((1, 1), (1, 12))), ((18, 10), ((28, 1), (28, 12))), ((20, 2), ((1, 1), (1, 12))), ((24, 12), ((28, 12),)), ((12, 8), ((1, 12),)), ((26, 1), ((1, 1), (1, 12), (28, 1))), ((24, 4), ((28, 12),)), ((20, 7), ((1, 1),)), ((15, 10), ((1, 1),)), ((26, 8), ((1, 1), (1, 12))), ((26, 6), ((1, 1), (1, 12), (28, 1))), ((15, 2), ((1, 12),)), ((28, 5), ((28, 1), (28, 12))), ((15, 1), ((1, 12),)), ((26, 8), ((1, 1), (1, 12), (28, 1))), ((26, 10), ((1, 1), (1, 12), (28, 12)))]","[((22, 6), ((1, 1), (1, 12))), ((22, 12), ((28, 1),)), ((26, 8), ((28, 1), (28, 12))), ((20, 2), ((1, 1), (1, 12))), ((11, 9), ((1, 12),)), ((14, 12), ((1, 1), (1, 12))), ((18, 10), ((28, 1), (28, 12))), ((26, 6), ((1, 1), (1, 12), (28, 1))), ((24, 12), ((28, 12),)), ((12, 8), ((1, 12),)), ((26, 1), ((1, 1), (1, 12), (28, 1))), ((24, 4), ((28, 12),)), ((20, 7), ((1, 1),)), ((15, 10), ((1, 1),)), ((26, 8), ((1, 1), (1, 12))), ((26, 10), ((1, 1), (1, 12), (28, 12))), ((15, 2), ((1, 12),)), ((28, 5), ((28, 1), (28, 12))), ((15, 1), ((1, 12),)), ((26, 8), ((1, 1), (1, 12), (28, 1))), ((24, 5), ((28, 1),)), ((23, 4), ((28, 1),))]",669,56,50,106
670,"((22, 6), ((1, 1), (1, 12)))","((22, 5), ((1, 1), (1, 12)))",North,"[((22, 5), ((1, 1), (1, 12)))]","[((22, 6), ((1, 1), (1, 12))), ((22, 12), ((28, 1),)), ((26, 8), ((28, 1), (28, 12))), ((20, 2), ((1, 1), (1, 12))), ((11, 9), ((1, 12),)), ((14, 12), ((1, 1), (1, 12))), ((18, 10), ((28, 1), (28, 12))), ((26, 6), ((1, 1), (1, 12), (28, 1))), ((24, 12), ((28, 12),)), ((12, 8), ((1, 12),)), ((26, 1), ((1, 1), (1, 12), (28, 1))), ((24, 4), ((28, 12),)), ((20, 7), ((1, 1),)), ((15, 10), ((1, 1),)), ((26, 8), ((1, 1), (1, 12))), ((26, 10), ((1, 1), (1, 12), (28, 12))), ((15, 2), ((1, 12),)), ((28, 5), ((28, 1), (28, 12))), ((15, 1), ((1, 12),)), ((26, 8), ((1, 1), (1, 12), (28, 1))), ((24, 5), ((28, 1),)), ((23, 4), ((28, 1),))]","[((22, 12), ((28, 1),)), ((11, 9), ((1, 12),)), ((26, 8), ((28, 1), (28, 12))), ((20, 2), ((1, 1), (1, 12))), ((12, 8), ((1, 12),)), ((14, 12), ((1, 1), (1, 12))), ((18, 10), ((28, 1), (28, 12))), ((26, 6), ((1, 1), (1, 12), (28, 1))), ((24, 12), ((28, 12),)), ((26, 8), ((1, 1), (1, 12), (28, 1))), ((26, 1), ((1, 1), (1, 12), (28, 1))), ((24, 4), ((28, 12),)), ((20, 7), ((1, 1),)), ((15, 10), ((1, 1),)), ((26, 8), ((1, 1), (1, 12))), ((26, 10), ((1, 1), (1, 12), (28, 12))), ((15, 2), ((1, 12),)), ((28, 5), ((28, 1), (28, 12))), ((15, 1), ((1, 12),)), ((23, 4), ((28, 1),)), ((24, 5), ((28, 1),))]",670,84,22,106
671,"((22, 12), ((28, 1),))","((23, 12), ((28, 1),))",West,"[((23, 12), ((28, 1),)), ((21, 12), ((28, 1),))]","[((22, 12), ((28, 1),)), ((11, 9), ((1, 12),)), ((26, 8), ((28, 1), (28, 12))), ((20, 2), ((1, 1), (1, 12))), ((12, 8), ((1, 12),)), ((14, 12), ((1, 1), (1, 12))), ((18, 10), ((28, 1), (28, 12))), ((26, 6), ((1, 1), (1, 12), (28, 1))), ((24, 12), ((28, 12),)), ((26, 8), ((1, 1), (1, 12), (28, 1))), ((26, 1), ((1, 1), (1, 12), (28, 1))), ((24, 4), ((28, 12),)), ((20, 7), ((1, 1),)), ((15, 10), ((1, 1),)), ((26, 8), ((1, 1), (1, 12))), ((26, 10), ((1, 1), (1, 12), (28, 12))), ((15, 2), ((1, 12),)), ((28, 5), ((28, 1), (28, 12))), ((15, 1), ((1, 12),)), ((23, 4), ((28, 1),)), ((24, 5), ((28, 1),))]","[((11, 9), ((1, 12),)), ((12, 8), ((1, 12),)), ((26, 8), ((28, 1), (28, 12))), ((20, 2), ((1, 1), (1, 12))), ((26, 1), ((1, 1), (1, 12), (28, 1))), ((14, 12), ((1, 1), (1, 12))), ((18, 10), ((28, 1), (28, 12))), ((26, 6), ((1, 1), (1, 12), (28, 1))), ((24, 12), ((28, 12),)), ((26, 8), ((1, 1), (1, 12), (28, 1))), ((24, 5), ((28, 1),)), ((24, 4), ((28, 12),)), ((20, 7), ((1, 1),)), ((15, 10), ((1, 1),)), ((26, 8), ((1, 1), (1, 12))), ((26, 10), ((1, 1), (1, 12), (28, 12))), ((15, 2), ((1, 12),)), ((28, 5), ((28, 1), (28, 12))), ((15, 1), ((1, 12),)), ((23, 4), ((28, 1),)), ((21, 12), ((28, 1),))]",671,62,44,106
672,"((11, 9), ((1, 12),))","((11, 8), ((1, 12),))",North,"[((11, 10), ((1, 12),)), ((11, 8), ((1, 12),))]","[((11, 9), ((1, 12),)), ((12, 8), ((1, 12),)), ((26, 8), ((28, 1), (28, 12))), ((20, 2), ((1, 1), (1, 12))), ((26, 1), ((1, 1), (1, 12), (28, 1))), ((14, 12), ((1, 1), (1, 12))), ((18, 10), ((28, 1), (28, 12))), ((26, 6), ((1, 1), (1, 12), (28, 1))), ((24, 12), ((28, 12),)), ((26, 8), ((1, 1), (1, 12), (28, 1))), ((24, 5), ((28, 1),)), ((24, 4), ((28, 12),)), ((20, 7), ((1, 1),)), ((15, 10), ((1, 1),)), ((26, 8), ((1, 1), (1, 12))), ((26, 10), ((1, 1), (1, 12), (28, 12))), ((15, 2), ((1, 12),)), ((28, 5), ((28, 1), (28, 12))), ((15, 1), ((1, 12),)), ((23, 4), ((28, 1),)), ((21, 12), ((28, 1),))]","[((12, 8), ((1, 12),)), ((20, 2), ((1, 1), (1, 12))), ((26, 8), ((28, 1), (28, 12))), ((26, 6), ((1, 1), (1, 12), (28, 1))), ((26, 1), ((1, 1), (1, 12), (28, 1))), ((14, 12), ((1, 1), (1, 12))), ((18, 10), ((28, 1), (28, 12))), ((26, 10), ((1, 1), (1, 12), (28, 12))), ((24, 12), ((28, 12),)), ((26, 8), ((1, 1), (1, 12), (28, 1))), ((24, 5), ((28, 1),)), ((24, 4), ((28, 12),)), ((20, 7), ((1, 1),)), ((15, 10), ((1, 1),)), ((26, 8), ((1, 1), (1, 12))), ((21, 12), ((28, 1),)), ((15, 2), ((1, 12),)), ((28, 5), ((28, 1), (28, 12))), ((15, 1), ((1, 12),)), ((23, 4), ((28, 1),)), ((11, 10), ((1, 12),))]",672,50,56,106
673,"((12, 8), ((1, 12),))","((11, 8), ((1, 12),))",East,"[((13, 8), ((1, 12),)), ((11, 8), ((1, 12),))]","[((12, 8), ((1, 12),)), ((20, 2), ((1, 1), (1, 12))), ((26, 8), ((28, 1), (28, 12))), ((26, 6), ((1, 1), (1, 12), (28, 1))), ((26, 1), ((1, 1), (1, 12), (28, 1))), ((14, 12), ((1, 1), (1, 12))), ((18, 10), ((28, 1), (28, 12))), ((26, 10), ((1, 1), (1, 12), (28, 12))), ((24, 12), ((28, 12),)), ((26, 8), ((1, 1), (1, 12), (28, 1))), ((24, 5), ((28, 1),)), ((24, 4), ((28, 12),)), ((20, 7), ((1, 1),)), ((15, 10), ((1, 1),)), ((26, 8), ((1, 1), (1, 12))), ((21, 12), ((28, 1),)), ((15, 2), ((1, 12),)), ((28, 5), ((28, 1), (28, 12))), ((15, 1), ((1, 12),)), ((23, 4), ((28, 1),)), ((11, 10), ((1, 12),))]","[((20, 2), ((1, 1), (1, 12))), ((26, 1), ((1, 1), (1, 12), (28, 1))), ((26, 8), ((28, 1), (28, 12))), ((26, 6), ((1, 1), (1, 12), (28, 1))), ((26, 8), ((1, 1), (1, 12), (28, 1))), ((14, 12), ((1, 1), (1, 12))), ((18, 10), ((28, 1), (28, 12))), ((26, 10), ((1, 1), (1, 12), (28, 12))), ((24, 12), ((28, 12),)), ((23, 4), ((28, 1),)), ((24, 5), ((28, 1),)), ((24, 4), ((28, 12),)), ((20, 7), ((1, 1),)), ((15, 10), ((1, 1),)), ((26, 8), ((1, 1), (1, 12))), ((21, 12), ((28, 1),)), ((15, 2), ((1, 12),)), ((28, 5), ((28, 1), (28, 12))), ((15, 1), ((1, 12),)), ((11, 10), ((1, 12),)), ((13, 8), ((1, 12),))]",673,50,56,106
674,"((20, 2), ((1, 1), (1, 12)))","((21, 2), ((1, 1), (1, 12)))",West,"[((21, 2), ((1, 1), (1, 12)))]","[((20, 2), ((1, 1), (1, 12))), ((26, 1), ((1, 1), (1, 12), (28, 1))), ((26, 8), ((28, 1), (28, 12))), ((26, 6), ((1, 1), (1, 12), (28, 1))), ((26, 8), ((1, 1), (1, 12), (28, 1))), ((14, 12), ((1, 1), (1, 12))), ((18, 10), ((28, 1), (28, 12))), ((26, 10), ((1, 1), (1, 12), (28, 12))), ((24, 12), ((28, 12),)), ((23, 4), ((28, 1),)), ((24, 5), ((28, 1),)), ((24, 4), ((28, 12),)), ((20, 7), ((1, 1),)), ((15, 10), ((1, 1),)), ((26, 8), ((1, 1), (1, 12))), ((21, 12), ((28, 1),)), ((15, 2), ((1, 12),)), ((28, 5), ((28, 1), (28, 12))), ((15, 1), ((1, 12),)), ((11, 10), ((1, 12),)), ((13, 8), ((1, 12),))]","[((26, 8), ((28, 1), (28, 12))), ((26, 1), ((1, 1), (1, 12), (28, 1))), ((18, 10), ((28, 1), (28, 12))), ((26, 6), ((1, 1), (1, 12), (28, 1))), ((26, 8), ((1, 1), (1, 12), (28, 1))), ((14, 12), ((1, 1), (1, 12))), ((26, 8), ((1, 1), (1, 12))), ((26, 10), ((1, 1), (1, 12), (28, 12))), ((24, 12), ((28, 12),)), ((23, 4), ((28, 1),)), ((24, 5), ((28, 1),)), ((24, 4), ((28, 12),)), ((20, 7), ((1, 1),)), ((15, 10), ((1, 1),)), ((13, 8), ((1, 12),)), ((21, 12), ((28, 1),)), ((15, 2), ((1, 12),)), ((28, 5), ((28, 1), (28, 12))), ((15, 1), ((1, 12),)), ((11, 10), ((1, 12),))]",674,86,20,106
675,"((26, 8), ((28, 1), (28, 12)))","((26, 9), ((28, 1), (28, 12)))",South,"[((26, 9), ((28, 1), (28, 12))), ((27, 8), ((28, 1), (28, 12)))]","[((26, 8), ((28, 1), (28, 12))), ((26, 1), ((1, 1), (1, 12), (28, 1))), ((18, 10), ((28, 1), (28, 12))), ((26, 6), ((1, 1), (1, 12), (28, 1))), ((26, 8), ((1, 1), (1, 12), (28, 1))), ((14, 12), ((1, 1), (1, 12))), ((26, 8), ((1, 1), (1, 12))), ((26, 10), ((1, 1), (1, 12), (28, 12))), ((24, 12), ((28, 12),)), ((23, 4), ((28, 1),)), ((24, 5), ((28, 1),)), ((24, 4), ((28, 12),)), ((20, 7), ((1, 1),)), ((15, 10), ((1, 1),)), ((13, 8), ((1, 12),)), ((21, 12), ((28, 1),)), ((15, 2), ((1, 12),)), ((28, 5), ((28, 1), (28, 12))), ((15, 1), ((1, 12),)), ((11, 10), ((1, 12),))]","[((26, 1), ((1, 1), (1, 12), (28, 1))), ((26, 6), ((1, 1), (1, 12), (28, 1))), ((18, 10), ((28, 1), (28, 12))), ((24, 12), ((28, 12),)), ((26, 8), ((1, 1), (1, 12), (28, 1))), ((14, 12), ((1, 1), (1, 12))), ((26, 8), ((1, 1), (1, 12))), ((26, 10), ((1, 1), (1, 12), (28, 12))), ((28, 5), ((28, 1), (28, 12))), ((23, 4), ((28, 1),)), ((24, 5), ((28, 1),)), ((24, 4), ((28, 12),)), ((20, 7), ((1, 1),)), ((15, 10), ((1, 1),)), ((13, 8), ((1, 12),)), ((21, 12), ((28, 1),)), ((15, 2), ((1, 12),)), ((11, 10), ((1, 12),)), ((15, 1), ((1, 12),)), ((27, 8), ((28, 1), (28, 12)))]",675,66,40,106
676,"((26, 1), ((1, 1), (1, 12), (28, 1)))","((27, 1), ((1, 1), (1, 12), (28, 1)))",West,"[((27, 1), ((1, 1), (1, 12), (28, 1))), ((25, 1), ((1, 1), (1, 12), (28, 1)))]","[((26, 1), ((1, 1), (1, 12), (28, 1))), ((26, 6), ((1, 1), (1, 12), (28, 1))), ((18, 10), ((28, 1), (28, 12))), ((24, 12), ((28, 12),)), ((26, 8), ((1, 1), (1, 12), (28, 1))), ((14, 12), ((1, 1), (1, 12))), ((26, 8), ((1, 1), (1, 12))), ((26, 10), ((1, 1), (1, 12), (28, 12))), ((28, 5), ((28, 1), (28, 12))), ((23, 4), ((28, 1),)), ((24, 5), ((28, 1),)), ((24, 4), ((28, 12),)), ((20, 7), ((1, 1),)), ((15, 10), ((1, 1),)), ((13, 8), ((1, 12),)), ((21, 12), ((28, 1),)), ((15, 2), ((1, 12),)), ((11, 10), ((1, 12),)), ((15, 1), ((1, 12),)), ((27, 8), ((28, 1), (28, 12)))]","[((26, 6), ((1, 1), (1, 12), (28, 1))), ((26, 8), ((1, 1), (1, 12), (28, 1))), ((18, 10), ((28, 1), (28, 12))), ((24, 12), ((28, 12),)), ((24, 5), ((28, 1),)), ((14, 12), ((1, 1), (1, 12))), ((26, 8), ((1, 1), (1, 12))), ((26, 10), ((1, 1), (1, 12), (28, 12))), ((28, 5), ((28, 1), (28, 12))), ((23, 4), ((28, 1),)), ((27, 8), ((28, 1), (28, 12))), ((24, 4), ((28, 12),)), ((20, 7), ((1, 1),)), ((15, 10), ((1, 1),)), ((13, 8), ((1, 12),)), ((21, 12), ((28, 1),)), ((15, 2), ((1, 12),)), ((11, 10), ((1, 12),)), ((15, 1), ((1, 12),)), ((25, 1), ((1, 1), (1, 12), (28, 1)))]",676,93,13,106
677,"((26, 6), ((1, 1), (1, 12), (28, 1)))","((27, 6), ((1, 1), (1, 12), (28, 1)))",West,"[((26, 5), ((1, 1), (1, 12), (28, 1))), ((27, 6), ((1, 1), (1, 12), (28, 1)))]","[((26, 6), ((1, 1), (1, 12), (28, 1))), ((26, 8), ((1, 1), (1, 12), (28, 1))), ((18, 10), ((28, 1), (28, 12))), ((24, 12), ((28, 12),)), ((24, 5), ((28, 1),)), ((14, 12), ((1, 1), (1, 12))), ((26, 8), ((1, 1), (1, 12))), ((26, 10), ((1, 1), (1, 12), (28, 12))), ((28, 5), ((28, 1), (28, 12))), ((23, 4), ((28, 1),)), ((27, 8), ((28, 1), (28, 12))), ((24, 4), ((28, 12),)), ((20, 7), ((1, 1),)), ((15, 10), ((1, 1),)), ((13, 8), ((1, 12),)), ((21, 12), ((28, 1),)), ((15, 2), ((1, 12),)), ((11, 10), ((1, 12),)), ((15, 1), ((1, 12),)), ((25, 1), ((1, 1), (1, 12), (28, 1)))]","[((18, 10), ((28, 1), (28, 12))), ((26, 8), ((1, 1), (1, 12), (28, 1))), ((14, 12), ((1, 1), (1, 12))), ((24, 12), ((28, 12),)), ((24, 5), ((28, 1),)), ((24, 4), ((28, 12),)), ((26, 8), ((1, 1), (1, 12))), ((26, 10), ((1, 1), (1, 12), (28, 12))), ((28, 5), ((28, 1), (28, 12))), ((23, 4), ((28, 1),)), ((27, 8), ((28, 1), (28, 12))), ((25, 1), ((1, 1), (1, 12), (28, 1))), ((20, 7), ((1, 1),)), ((15, 10), ((1, 1),)), ((13, 8), ((1, 12),)), ((21, 12), ((28, 1),)), ((15, 2), ((1, 12),)), ((11, 10), ((1, 12),)), ((15, 1), ((1, 12),)), ((26, 5), ((1, 1), (1, 12), (28, 1)))]",677,98,8,106
678,"((18, 10), ((28, 1), (28, 12)))","((18, 11), ((28, 1), (28, 12)))",South,"[((18, 11), ((28, 1), (28, 12))), ((18, 9), ((28, 1), (28, 12))), ((19, 10), ((28, 1), (28, 12)))]","[((18, 10), ((28, 1), (28, 12))), ((26, 8), ((1, 1), (1, 12), (28, 1))), ((14, 12), ((1, 1), (1, 12))), ((24, 12), ((28, 12),)), ((24, 5), ((28, 1),)), ((24, 4), ((28, 12),)), ((26, 8), ((1, 1), (1, 12))), ((26, 10), ((1, 1), (1, 12), (28, 12))), ((28, 5), ((28, 1), (28, 12))), ((23, 4), ((28, 1),)), ((27, 8), ((28, 1), (28, 12))), ((25, 1), ((1, 1), (1, 12), (28, 1))), ((20, 7), ((1, 1),)), ((15, 10), ((1, 1),)), ((13, 8), ((1, 12),)), ((21, 12), ((28, 1),)), ((15, 2), ((1, 12),)), ((11, 10), ((1, 12),)), ((15, 1), ((1, 12),)), ((26, 5), ((1, 1), (1, 12), (28, 1)))]","[((26, 8), ((1, 1), (1, 12), (28, 1))), ((24, 5), ((28, 1),)), ((14, 12), ((1, 1), (1, 12))), ((24, 12), ((28, 12),)), ((23, 4), ((28, 1),)), ((24, 4), ((28, 12),)), ((26, 8), ((1, 1), (1, 12))), ((26, 10), ((1, 1), (1, 12), (28, 12))), ((28, 5), ((28, 1), (28, 12))), ((26, 5), ((1, 1), (1, 12), (28, 1))), ((27, 8), ((28, 1), (28, 12))), ((25, 1), ((1, 1), (1, 12), (28, 1))), ((20, 7), ((1, 1),)), ((15, 10), ((1, 1),)), ((13, 8), ((1, 12),)), ((21, 12), ((28, 1),)), ((15, 2), ((1, 12),)), ((11, 10), ((1, 12),)), ((15, 1), ((1, 12),)), ((18, 9), ((28, 1), (28, 12))), ((19, 10), ((28, 1), (28, 12)))]",678,76,30,106
679,"((26, 8), ((1, 1), (1, 12), (28, 1)))","((27, 8), ((1, 1), (1, 12), (28, 1)))",West,"[((26, 9), ((1, 1), (1, 12), (28, 1))), ((27, 8), ((1, 1), (1, 12), (28, 1)))]","[((26, 8), ((1, 1), (1, 12), (28, 1))), ((24, 5), ((28, 1),)), ((14, 12), ((1, 1), (1, 12))), ((24, 12), ((28, 12),)), ((23, 4), ((28, 1),)), ((24, 4), ((28, 12),)), ((26, 8), ((1, 1), (1, 12))), ((26, 10), ((1, 1), (1, 12), (28, 12))), ((28, 5), ((28, 1), (28, 12))), ((26, 5), ((1, 1), (1, 12), (28, 1))), ((27, 8), ((28, 1), (28, 12))), ((25, 1), ((1, 1), (1, 12), (28, 1))), ((20, 7), ((1, 1),)), ((15, 10), ((1, 1),)), ((13, 8), ((1, 12),)), ((21, 12), ((28, 1),)), ((15, 2), ((1, 12),)), ((11, 10), ((1, 12),)), ((15, 1), ((1, 12),)), ((18, 9), ((28, 1), (28, 12))), ((19, 10), ((28, 1), (28, 12)))]","[((24, 5), ((28, 1),)), ((26, 9), ((1, 1), (1, 12), (28, 1))), ((14, 12), ((1, 1), (1, 12))), ((28, 5), ((28, 1), (28, 12))), ((24, 12), ((28, 12),)), ((24, 4), ((28, 12),)), ((26, 8), ((1, 1), (1, 12))), ((26, 10), ((1, 1), (1, 12), (28, 12))), ((11, 10), ((1, 12),)), ((23, 4), ((28, 1),)), ((27, 8), ((28, 1), (28, 12))), ((25, 1), ((1, 1), (1, 12), (28, 1))), ((20, 7), ((1, 1),)), ((15, 10), ((1, 1),)), ((13, 8), ((1, 12),)), ((21, 12), ((28, 1),)), ((15, 2), ((1, 12),)), ((19, 10), ((28, 1), (28, 12))), ((15, 1), ((1, 12),)), ((18, 9), ((28, 1), (28, 12))), ((26, 5), ((1, 1), (1, 12), (28, 1)))]",679,100,6,106
680,"((24, 5), ((28, 1),))","((24, 4), ((28, 1),))",North,"[((24, 6), ((28, 1),)), ((24, 4), ((28, 1),))]","[((24, 5), ((28, 1),)), ((26, 9), ((1, 1), (1, 12), (28, 1))), ((14, 12), ((1, 1), (1, 12))), ((28, 5), ((28, 1), (28, 12))), ((24, 12), ((28, 12),)), ((24, 4), ((28, 12),)), ((26, 8), ((1, 1), (1, 12))), ((26, 10), ((1, 1), (1, 12), (28, 12))), ((11, 10), ((1, 12),)), ((23, 4), ((28, 1),)), ((27, 8), ((28, 1), (28, 12))), ((25, 1), ((1, 1), (1, 12), (28, 1))), ((20, 7), ((1, 1),)), ((15, 10), ((1, 1),)), ((13, 8), ((1, 12),)), ((21, 12), ((28, 1),)), ((15, 2), ((1, 12),)), ((19, 10), ((28, 1), (28, 12))), ((15, 1), ((1, 12),)), ((18, 9), ((28, 1), (28, 12))), ((26, 5), ((1, 1), (1, 12), (28, 1)))]","[((26, 9), ((1, 1), (1, 12), (28, 1))), ((24, 6), ((28, 1),)), ((14, 12), ((1, 1), (1, 12))), ((28, 5), ((28, 1), (28, 12))), ((24, 12), ((28, 12),)), ((24, 4), ((28, 12),)), ((26, 8), ((1, 1), (1, 12))), ((26, 10), ((1, 1), (1, 12), (28, 12))), ((11, 10), ((1, 12),)), ((23, 4), ((28, 1),)), ((27, 8), ((28, 1), (28, 12))), ((25, 1), ((1, 1), (1, 12), (28, 1))), ((20, 7), ((1, 1),)), ((15, 10), ((1, 1),)), ((13, 8), ((1, 12),)), ((21, 12), ((28, 1),)), ((15, 2), ((1, 12),)), ((19, 10), ((28, 1), (28, 12))), ((15, 1), ((1, 12),)), ((18, 9), ((28, 1), (28, 12))), ((26, 5), ((1, 1), (1, 12), (28, 1)))]",680,57,49,106
681,"((26, 9), ((1, 1), (1, 12), (28, 1)))","((26, 8), ((1, 1), (1, 12), (28, 1)))",North,"[((26, 10), ((1, 1), (1, 12), (28, 1))), ((26, 8), ((1, 1), (1, 12), (28, 1)))]","[((26, 9), ((1, 1), (1, 12), (28, 1))), ((24, 6), ((28, 1),)), ((14, 12), ((1, 1), (1, 12))), ((28, 5), ((28, 1), (28, 12))), ((24, 12), ((28, 12),)), ((24, 4), ((28, 12),)), ((26, 8), ((1, 1), (1, 12))), ((26, 10), ((1, 1), (1, 12), (28, 12))), ((11, 10), ((1, 12),)), ((23, 4), ((28, 1),)), ((27, 8), ((28, 1), (28, 12))), ((25, 1), ((1, 1), (1, 12), (28, 1))), ((20, 7), ((1, 1),)), ((15, 10), ((1, 1),)), ((13, 8), ((1, 12),)), ((21, 12), ((28, 1),)), ((15, 2), ((1, 12),)), ((19, 10), ((28, 1), (28, 12))), ((15, 1), ((1, 12),)), ((18, 9), ((28, 1), (28, 12))), ((26, 5), ((1, 1), (1, 12), (28, 1)))]","[((24, 6), ((28, 1),)), ((26, 10), ((1, 1), (1, 12), (28, 1))), ((14, 12), ((1, 1), (1, 12))), ((28, 5), ((28, 1), (28, 12))), ((24, 12), ((28, 12),)), ((24, 4), ((28, 12),)), ((26, 8), ((1, 1), (1, 12))), ((26, 10), ((1, 1), (1, 12), (28, 12))), ((11, 10), ((1, 12),)), ((23, 4), ((28, 1),)), ((27, 8), ((28, 1), (28, 12))), ((25, 1), ((1, 1), (1, 12), (28, 1))), ((20, 7), ((1, 1),)), ((15, 10), ((1, 1),)), ((13, 8), ((1, 12),)), ((21, 12), ((28, 1),)), ((15, 2), ((1, 12),)), ((19, 10), ((28, 1), (28, 12))), ((15, 1), ((1, 12),)), ((18, 9), ((28, 1), (28, 12))), ((26, 5), ((1, 1), (1, 12), (28, 1)))]",681,101,5,106
682,"((24, 6), ((28, 1),))","((24, 5), ((28, 1),))",North,"[((24, 7), ((28, 1),)), ((24, 5), ((28, 1),))]","[((24, 6), ((28, 1),)), ((26, 10), ((1, 1), (1, 12), (28, 1))), ((14, 12), ((1, 1), (1, 12))), ((28, 5), ((28, 1), (28, 12))), ((24, 12), ((28, 12),)), ((24, 4), ((28, 12),)), ((26, 8), ((1, 1), (1, 12))), ((26, 10), ((1, 1), (1, 12), (28, 12))), ((11, 10), ((1, 12),)), ((23, 4), ((28, 1),)), ((27, 8), ((28, 1), (28, 12))), ((25, 1), ((1, 1), (1, 12), (28, 1))), ((20, 7), ((1, 1),)), ((15, 10), ((1, 1),)), ((13, 8), ((1, 12),)), ((21, 12), ((28, 1),)), ((15, 2), ((1, 12),)), ((19, 10), ((28, 1), (28, 12))), ((15, 1), ((1, 12),)), ((18, 9), ((28, 1), (28, 12))), ((26, 5), ((1, 1), (1, 12), (28, 1)))]","[((26, 10), ((1, 1), (1, 12), (28, 1))), ((24, 7), ((28, 1),)), ((14, 12), ((1, 1), (1, 12))), ((28, 5), ((28, 1), (28, 12))), ((24, 12), ((28, 12),)), ((24, 4), ((28, 12),)), ((26, 8), ((1, 1), (1, 12))), ((26, 10), ((1, 1), (1, 12), (28, 12))), ((11, 10), ((1, 12),)), ((23, 4), ((28, 1),)), ((27, 8), ((28, 1), (28, 12))), ((25, 1), ((1, 1), (1, 12), (28, 1))), ((20, 7), ((1, 1),)), ((15, 10), ((1, 1),)), ((13, 8), ((1, 12),)), ((21, 12), ((28, 1),)), ((15, 2), ((1, 12),)), ((19, 10), ((28, 1), (28, 12))), ((15, 1), ((1, 12),)), ((18, 9), ((28, 1), (28, 12))), ((26, 5), ((1, 1), (1, 12), (28, 1)))]",682,58,48,106
683,"((26, 10), ((1, 1), (1, 12), (28, 1)))","((26, 9), ((1, 1), (1, 12), (28, 1)))",North,"[((26, 11), ((1, 1), (1, 12), (28, 1))), ((26, 9), ((1, 1), (1, 12), (28, 1))), ((27, 10), ((1, 1), (1, 12), (28, 1)))]","[((26, 10), ((1, 1), (1, 12), (28, 1))), ((24, 7), ((28, 1),)), ((14, 12), ((1, 1), (1, 12))), ((28, 5), ((28, 1), (28, 12))), ((24, 12), ((28, 12),)), ((24, 4), ((28, 12),)), ((26, 8), ((1, 1), (1, 12))), ((26, 10), ((1, 1), (1, 12), (28, 12))), ((11, 10), ((1, 12),)), ((23, 4), ((28, 1),)), ((27, 8), ((28, 1), (28, 12))), ((25, 1), ((1, 1), (1, 12), (28, 1))), ((20, 7), ((1, 1),)), ((15, 10), ((1, 1),)), ((13, 8), ((1, 12),)), ((21, 12), ((28, 1),)), ((15, 2), ((1, 12),)), ((19, 10), ((28, 1), (28, 12))), ((15, 1), ((1, 12),)), ((18, 9), ((28, 1), (28, 12))), ((26, 5), ((1, 1), (1, 12), (28, 1)))]","[((24, 7), ((28, 1),)), ((26, 11), ((1, 1), (1, 12), (28, 1))), ((14, 12), ((1, 1), (1, 12))), ((28, 5), ((28, 1), (28, 12))), ((27, 10), ((1, 1), (1, 12), (28, 1))), ((24, 4), ((28, 12),)), ((26, 8), ((1, 1), (1, 12))), ((26, 10), ((1, 1), (1, 12), (28, 12))), ((11, 10), ((1, 12),)), ((23, 4), ((28, 1),)), ((24, 12), ((28, 12),)), ((25, 1), ((1, 1), (1, 12), (28, 1))), ((20, 7), ((1, 1),)), ((15, 10), ((1, 1),)), ((13, 8), ((1, 12),)), ((21, 12), ((28, 1),)), ((15, 2), ((1, 12),)), ((19, 10), ((28, 1), (28, 12))), ((15, 1), ((1, 12),)), ((18, 9), ((28, 1), (28, 12))), ((26, 5), ((1, 1), (1, 12), (28, 1))), ((27, 8), ((28, 1), (28, 12)))]",683,102,4,106
684,"((24, 7), ((28, 1),))","((24, 6), ((28, 1),))",North,"[((24, 8), ((28, 1),)), ((24, 6), ((28, 1),))]","[((24, 7), ((28, 1),)), ((26, 11), ((1, 1), (1, 12), (28, 1))), ((14, 12), ((1, 1), (1, 12))), ((28, 5), ((28, 1), (28, 12))), ((27, 10), ((1, 1), (1, 12), (28, 1))), ((24, 4), ((28, 12),)), ((26, 8), ((1, 1), (1, 12))), ((26, 10), ((1, 1), (1, 12), (28, 12))), ((11, 10), ((1, 12),)), ((23, 4), ((28, 1),)), ((24, 12), ((28, 12),)), ((25, 1), ((1, 1), (1, 12), (28, 1))), ((20, 7), ((1, 1),)), ((15, 10), ((1, 1),)), ((13, 8), ((1, 12),)), ((21, 12), ((28, 1),)), ((15, 2), ((1, 12),)), ((19, 10), ((28, 1), (28, 12))), ((15, 1), ((1, 12),)), ((18, 9), ((28, 1), (28, 12))), ((26, 5), ((1, 1), (1, 12), (28, 1))), ((27, 8), ((28, 1), (28, 12)))]","[((26, 11), ((1, 1), (1, 12), (28, 1))), ((27, 10), ((1, 1), (1, 12), (28, 1))), ((14, 12), ((1, 1), (1, 12))), ((28, 5), ((28, 1), (28, 12))), ((24, 8), ((28, 1),)), ((24, 4), ((28, 12),)), ((26, 8), ((1, 1), (1, 12))), ((26, 10), ((1, 1), (1, 12), (28, 12))), ((11, 10), ((1, 12),)), ((23, 4), ((28, 1),)), ((24, 12), ((28, 12),)), ((25, 1), ((1, 1), (1, 12), (28, 1))), ((20, 7), ((1, 1),)), ((15, 10), ((1, 1),)), ((13, 8), ((1, 12),)), ((21, 12), ((28, 1),)), ((15, 2), ((1, 12),)), ((19, 10), ((28, 1), (28, 12))), ((15, 1), ((1, 12),)), ((18, 9), ((28, 1), (28, 12))), ((26, 5), ((1, 1), (1, 12), (28, 1))), ((27, 8), ((28, 1), (28, 12)))]",684,59,47,106
685,"((26, 11), ((1, 1), (1, 12), (28, 1)))","((26, 10), ((1, 1), (1, 12), (28, 1)))",North,"[((26, 12), ((1, 1), (1, 12), (28, 1))), ((26, 10), ((1, 1), (1, 12), (28, 1)))]","[((26, 11), ((1, 1), (1, 12), (28, 1))), ((27, 10), ((1, 1), (1, 12), (28, 1))), ((14, 12), ((1, 1), (1, 12))), ((28, 5), ((28, 1), (28, 12))), ((24, 8), ((28, 1),)), ((24, 4), ((28, 12),)), ((26, 8), ((1, 1), (1, 12))), ((26, 10), ((1, 1), (1, 12), (28, 12))), ((11, 10), ((1, 12),)), ((23, 4), ((28, 1),)), ((24, 12), ((28, 12),)), ((25, 1), ((1, 1), (1, 12), (28, 1))), ((20, 7), ((1, 1),)), ((15, 10), ((1, 1),)), ((13, 8), ((1, 12),)), ((21, 12), ((28, 1),)), ((15, 2), ((1, 12),)), ((19, 10), ((28, 1), (28, 12))), ((15, 1), ((1, 12),)), ((18, 9), ((28, 1), (28, 12))), ((26, 5), ((1, 1), (1, 12), (28, 1))), ((27, 8), ((28, 1), (28, 12)))]","[((27, 10), ((1, 1), (1, 12), (28, 1))), ((24, 8), ((28, 1),)), ((14, 12), ((1, 1), (1, 12))), ((28, 5), ((28, 1), (28, 12))), ((26, 12), ((1, 1), (1, 12), (28, 1))), ((24, 4), ((28, 12),)), ((26, 8), ((1, 1), (1, 12))), ((26, 10), ((1, 1), (1, 12), (28, 12))), ((11, 10), ((1, 12),)), ((23, 4), ((28, 1),)), ((24, 12), ((28, 12),)), ((25, 1), ((1, 1), (1, 12), (28, 1))), ((20, 7), ((1, 1),)), ((15, 10), ((1, 1),)), ((13, 8), ((1, 12),)), ((21, 12), ((28, 1),)), ((15, 2), ((1, 12),)), ((19, 10), ((28, 1), (28, 12))), ((15, 1), ((1, 12),)), ((18, 9), ((28, 1), (28, 12))), ((26, 5), ((1, 1), (1, 12), (28, 1))), ((27, 8), ((28, 1), (28, 12)))]",685,103,3,106
686,"((27, 10), ((1, 1), (1, 12), (28, 1)))","((26, 10), ((1, 1), (1, 12), (28, 1)))",East,"[((28, 10), ((1, 1), (1, 12), (28, 1))), ((26, 10), ((1, 1), (1, 12), (28, 1)))]","[((27, 10), ((1, 1), (1, 12), (28, 1))), ((24, 8), ((28, 1),)), ((14, 12), ((1, 1), (1, 12))), ((28, 5), ((28, 1), (28, 12))), ((26, 12), ((1, 1), (1, 12), (28, 1))), ((24, 4), ((28, 12),)), ((26, 8), ((1, 1), (1, 12))), ((26, 10), ((1, 1), (1, 12), (28, 12))), ((11, 10), ((1, 12),)), ((23, 4), ((28, 1),)), ((24, 12), ((28, 12),)), ((25, 1), ((1, 1), (1, 12), (28, 1))), ((20, 7), ((1, 1),)), ((15, 10), ((1, 1),)), ((13, 8), ((1, 12),)), ((21, 12), ((28, 1),)), ((15, 2), ((1, 12),)), ((19, 10), ((28, 1), (28, 12))), ((15, 1), ((1, 12),)), ((18, 9), ((28, 1), (28, 12))), ((26, 5), ((1, 1), (1, 12), (28, 1))), ((27, 8), ((28, 1), (28, 12)))]","[((24, 8), ((28, 1),)), ((26, 12), ((1, 1), (1, 12), (28, 1))), ((14, 12), ((1, 1), (1, 12))), ((28, 5), ((28, 1), (28, 12))), ((28, 10), ((1, 1), (1, 12), (28, 1))), ((24, 4), ((28, 12),)), ((26, 8), ((1, 1), (1, 12))), ((26, 10), ((1, 1), (1, 12), (28, 12))), ((11, 10), ((1, 12),)), ((23, 4), ((28, 1),)), ((24, 12), ((28, 12),)), ((25, 1), ((1, 1), (1, 12), (28, 1))), ((20, 7), ((1, 1),)), ((15, 10), ((1, 1),)), ((13, 8), ((1, 12),)), ((21, 12), ((28, 1),)), ((15, 2), ((1, 12),)), ((19, 10), ((28, 1), (28, 12))), ((15, 1), ((1, 12),)), ((18, 9), ((28, 1), (28, 12))), ((26, 5), ((1, 1), (1, 12), (28, 1))), ((27, 8), ((28, 1), (28, 12)))]",686,103,3,106
687,"((24, 8), ((28, 1),))","((24, 7), ((28, 1),))",North,"[((24, 9), ((28, 1),)), ((24, 7), ((28, 1),)), ((23, 8), ((28, 1),))]","[((24, 8), ((28, 1),)), ((26, 12), ((1, 1), (1, 12), (28, 1))), ((14, 12), ((1, 1), (1, 12))), ((28, 5), ((28, 1), (28, 12))), ((28, 10), ((1, 1), (1, 12), (28, 1))), ((24, 4), ((28, 12),)), ((26, 8), ((1, 1), (1, 12))), ((26, 10), ((1, 1), (1, 12), (28, 12))), ((11, 10), ((1, 12),)), ((23, 4), ((28, 1),)), ((24, 12), ((28, 12),)), ((25, 1), ((1, 1), (1, 12), (28, 1))), ((20, 7), ((1, 1),)), ((15, 10), ((1, 1),)), ((13, 8), ((1, 12),)), ((21, 12), ((28, 1),)), ((15, 2), ((1, 12),)), ((19, 10), ((28, 1), (28, 12))), ((15, 1), ((1, 12),)), ((18, 9), ((28, 1), (28, 12))), ((26, 5), ((1, 1), (1, 12), (28, 1))), ((27, 8), ((28, 1), (28, 12)))]","[((26, 12), ((1, 1), (1, 12), (28, 1))), ((28, 10), ((1, 1), (1, 12), (28, 1))), ((14, 12), ((1, 1), (1, 12))), ((28, 5), ((28, 1), (28, 12))), ((24, 9), ((28, 1),)), ((24, 4), ((28, 12),)), ((26, 8), ((1, 1), (1, 12))), ((26, 10), ((1, 1), (1, 12), (28, 12))), ((11, 10), ((1, 12),)), ((23, 4), ((28, 1),)), ((24, 12), ((28, 12),)), ((25, 1), ((1, 1), (1, 12), (28, 1))), ((20, 7), ((1, 1),)), ((15, 10), ((1, 1),)), ((13, 8), ((1, 12),)), ((21, 12), ((28, 1),)), ((15, 2), ((1, 12),)), ((19, 10), ((28, 1), (28, 12))), ((15, 1), ((1, 12),)), ((18, 9), ((28, 1), (28, 12))), ((26, 5), ((1, 1), (1, 12), (28, 1))), ((27, 8), ((28, 1), (28, 12))), ((23, 8), ((28, 1),))]",687,60,46,106
688,"((26, 12), ((1, 1), (1, 12), (28, 1)))","((26, 11), ((1, 1), (1, 12), (28, 1)))",North,"[((26, 11), ((1, 1), (1, 12), (28, 1))), ((25, 12), ((1, 1), (1, 12), (28, 1)))]","[((26, 12), ((1, 1), (1, 12), (28, 1))), ((28, 10), ((1, 1), (1, 12), (28, 1))), ((14, 12), ((1, 1), (1, 12))), ((28, 5), ((28, 1), (28, 12))), ((24, 9), ((28, 1),)), ((24, 4), ((28, 12),)), ((26, 8), ((1, 1), (1, 12))), ((26, 10), ((1, 1), (1, 12), (28, 12))), ((11, 10), ((1, 12),)), ((23, 4), ((28, 1),)), ((24, 12), ((28, 12),)), ((25, 1), ((1, 1), (1, 12), (28, 1))), ((20, 7), ((1, 1),)), ((15, 10), ((1, 1),)), ((13, 8), ((1, 12),)), ((21, 12), ((28, 1),)), ((15, 2), ((1, 12),)), ((19, 10), ((28, 1), (28, 12))), ((15, 1), ((1, 12),)), ((18, 9), ((28, 1), (28, 12))), ((26, 5), ((1, 1), (1, 12), (28, 1))), ((27, 8), ((28, 1), (28, 12))), ((23, 8), ((28, 1),))]","[((28, 10), ((1, 1), (1, 12), (28, 1))), ((24, 9), ((28, 1),)), ((14, 12), ((1, 1), (1, 12))), ((28, 5), ((28, 1), (28, 12))), ((24, 12), ((28, 12),)), ((24, 4), ((28, 12),)), ((26, 8), ((1, 1), (1, 12))), ((26, 10), ((1, 1), (1, 12), (28, 12))), ((11, 10), ((1, 12),)), ((23, 4), ((28, 1),)), ((27, 8), ((28, 1), (28, 12))), ((25, 1), ((1, 1), (1, 12), (28, 1))), ((20, 7), ((1, 1),)), ((15, 10), ((1, 1),)), ((13, 8), ((1, 12),)), ((21, 12), ((28, 1),)), ((15, 2), ((1, 12),)), ((19, 10), ((28, 1), (28, 12))), ((15, 1), ((1, 12),)), ((18, 9), ((28, 1), (28, 12))), ((26, 5), ((1, 1), (1, 12), (28, 1))), ((23, 8), ((28, 1),)), ((25, 12), ((1, 1), (1, 12), (28, 1)))]",688,104,2,106
689,"((28, 10), ((1, 1), (1, 12), (28, 1)))","((27, 10), ((1, 1), (1, 12), (28, 1)))",East,"[((28, 11), ((1, 1), (1, 12), (28, 1))), ((27, 10), ((1, 1), (1, 12), (28, 1)))]","[((28, 10), ((1, 1), (1, 12), (28, 1))), ((24, 9), ((28, 1),)), ((14, 12), ((1, 1), (1, 12))), ((28, 5), ((28, 1), (28, 12))), ((24, 12), ((28, 12),)), ((24, 4), ((28, 12),)), ((26, 8), ((1, 1), (1, 12))), ((26, 10), ((1, 1), (1, 12), (28, 12))), ((11, 10), ((1, 12),)), ((23, 4), ((28, 1),)), ((27, 8), ((28, 1), (28, 12))), ((25, 1), ((1, 1), (1, 12), (28, 1))), ((20, 7), ((1, 1),)), ((15, 10), ((1, 1),)), ((13, 8), ((1, 12),)), ((21, 12), ((28, 1),)), ((15, 2), ((1, 12),)), ((19, 10), ((28, 1), (28, 12))), ((15, 1), ((1, 12),)), ((18, 9), ((28, 1), (28, 12))), ((26, 5), ((1, 1), (1, 12), (28, 1))), ((23, 8), ((28, 1),)), ((25, 12), ((1, 1), (1, 12), (28, 1)))]","[((24, 9), ((28, 1),)), ((28, 11), ((1, 1), (1, 12), (28, 1))), ((14, 12), ((1, 1), (1, 12))), ((28, 5), ((28, 1), (28, 12))), ((24, 12), ((28, 12),)), ((24, 4), ((28, 12),)), ((26, 8), ((1, 1), (1, 12))), ((26, 10), ((1, 1), (1, 12), (28, 12))), ((11, 10), ((1, 12),)), ((26, 5), ((1, 1), (1, 12), (28, 1))), ((23, 4), ((28, 1),)), ((25, 1), ((1, 1), (1, 12), (28, 1))), ((20, 7), ((1, 1),)), ((15, 10), ((1, 1),)), ((13, 8), ((1, 12),)), ((21, 12), ((28, 1),)), ((15, 2), ((1, 12),)), ((19, 10), ((28, 1), (28, 12))), ((15, 1), ((1, 12),)), ((18, 9), ((28, 1), (28, 12))), ((25, 12), ((1, 1), (1, 12), (28, 1))), ((23, 8), ((28, 1),)), ((27, 8), ((28, 1), (28, 12)))]",689,104,2,106
690,"((24, 9), ((28, 1),))","((24, 8), ((28, 1),))",North,"[((24, 10), ((28, 1),)), ((24, 8), ((28, 1),))]","[((24, 9), ((28, 1),)), ((28, 11), ((1, 1), (1, 12), (28, 1))), ((14, 12), ((1, 1), (1, 12))), ((28, 5), ((28, 1), (28, 12))), ((24, 12), ((28, 12),)), ((24, 4), ((28, 12),)), ((26, 8), ((1, 1), (1, 12))), ((26, 10), ((1, 1), (1, 12), (28, 12))), ((11, 10), ((1, 12),)), ((26, 5), ((1, 1), (1, 12), (28, 1))), ((23, 4), ((28, 1),)), ((25, 1), ((1, 1), (1, 12), (28, 1))), ((20, 7), ((1, 1),)), ((15, 10), ((1, 1),)), ((13, 8), ((1, 12),)), ((21, 12), ((28, 1),)), ((15, 2), ((1, 12),)), ((19, 10), ((28, 1), (28, 12))), ((15, 1), ((1, 12),)), ((18, 9), ((28, 1), (28, 12))), ((25, 12), ((1, 1), (1, 12), (28, 1))), ((23, 8), ((28, 1),)), ((27, 8), ((28, 1), (28, 12)))]","[((28, 11), ((1, 1), (1, 12), (28, 1))), ((24, 10), ((28, 1),)), ((14, 12), ((1, 1), (1, 12))), ((28, 5), ((28, 1), (28, 12))), ((24, 12), ((28, 12),)), ((24, 4), ((28, 12),)), ((26, 8), ((1, 1), (1, 12))), ((26, 10), ((1, 1), (1, 12), (28, 12))), ((11, 10), ((1, 12),)), ((26, 5), ((1, 1), (1, 12), (28, 1))), ((23, 4), ((28, 1),)), ((25, 1), ((1, 1), (1, 12), (28, 1))), ((20, 7), ((1, 1),)), ((15, 10), ((1, 1),)), ((13, 8), ((1, 12),)), ((21, 12), ((28, 1),)), ((15, 2), ((1, 12),)), ((19, 10), ((28, 1), (28, 12))), ((15, 1), ((1, 12),)), ((18, 9), ((28, 1), (28, 12))), ((25, 12), ((1, 1), (1, 12), (28, 1))), ((23, 8), ((28, 1),)), ((27, 8), ((28, 1), (28, 12)))]",690,61,45,106
691,"((28, 11), ((1, 1), (1, 12), (28, 1)))","((28, 10), ((1, 1), (1, 12), (28, 1)))",North,"[((28, 12), ((1, 1), (1, 12), (28, 1), (28, 12))), ((28, 10), ((1, 1), (1, 12), (28, 1)))]","[((28, 11), ((1, 1), (1, 12), (28, 1))), ((24, 10), ((28, 1),)), ((14, 12), ((1, 1), (1, 12))), ((28, 5), ((28, 1), (28, 12))), ((24, 12), ((28, 12),)), ((24, 4), ((28, 12),)), ((26, 8), ((1, 1), (1, 12))), ((26, 10), ((1, 1), (1, 12), (28, 12))), ((11, 10), ((1, 12),)), ((26, 5), ((1, 1), (1, 12), (28, 1))), ((23, 4), ((28, 1),)), ((25, 1), ((1, 1), (1, 12), (28, 1))), ((20, 7), ((1, 1),)), ((15, 10), ((1, 1),)), ((13, 8), ((1, 12),)), ((21, 12), ((28, 1),)), ((15, 2), ((1, 12),)), ((19, 10), ((28, 1), (28, 12))), ((15, 1), ((1, 12),)), ((18, 9), ((28, 1), (28, 12))), ((25, 12), ((1, 1), (1, 12), (28, 1))), ((23, 8), ((28, 1),)), ((27, 8), ((28, 1), (28, 12)))]","[((24, 10), ((28, 1),)), ((28, 12), ((1, 1), (1, 12), (28, 1), (28, 12))), ((14, 12), ((1, 1), (1, 12))), ((28, 5), ((28, 1), (28, 12))), ((24, 12), ((28, 12),)), ((24, 4), ((28, 12),)), ((26, 8), ((1, 1), (1, 12))), ((26, 10), ((1, 1), (1, 12), (28, 12))), ((11, 10), ((1, 12),)), ((26, 5), ((1, 1), (1, 12), (28, 1))), ((23, 4), ((28, 1),)), ((25, 1), ((1, 1), (1, 12), (28, 1))), ((20, 7), ((1, 1),)), ((15, 10), ((1, 1),)), ((13, 8), ((1, 12),)), ((21, 12), ((28, 1),)), ((15, 2), ((1, 12),)), ((19, 10), ((28, 1), (28, 12))), ((15, 1), ((1, 12),)), ((18, 9), ((28, 1), (28, 12))), ((25, 12), ((1, 1), (1, 12), (28, 1))), ((23, 8), ((28, 1),)), ((27, 8), ((28, 1), (28, 12)))]",691,105,1,106
692,"((24, 10), ((28, 1),))","((24, 9), ((28, 1),))",North,"[((24, 9), ((28, 1),))]","[((24, 10), ((28, 1),)), ((28, 12), ((1, 1), (1, 12), (28, 1), (28, 12))), ((14, 12), ((1, 1), (1, 12))), ((28, 5), ((28, 1), (28, 12))), ((24, 12), ((28, 12),)), ((24, 4), ((28, 12),)), ((26, 8), ((1, 1), (1, 12))), ((26, 10), ((1, 1), (1, 12), (28, 12))), ((11, 10), ((1, 12),)), ((26, 5), ((1, 1), (1, 12), (28, 1))), ((23, 4), ((28, 1),)), ((25, 1), ((1, 1), (1, 12), (28, 1))), ((20, 7), ((1, 1),)), ((15, 10), ((1, 1),)), ((13, 8), ((1, 12),)), ((21, 12), ((28, 1),)), ((15, 2), ((1, 12),)), ((19, 10), ((28, 1), (28, 12))), ((15, 1), ((1, 12),)), ((18, 9), ((28, 1), (28, 12))), ((25, 12), ((1, 1), (1, 12), (28, 1))), ((23, 8), ((28, 1),)), ((27, 8), ((28, 1), (28, 12)))]","[((28, 12), ((1, 1), (1, 12), (28, 1), (28, 12))), ((24, 12), ((28, 12),)), ((14, 12), ((1, 1), (1, 12))), ((28, 5), ((28, 1), (28, 12))), ((23, 4), ((28, 1),)), ((24, 4), ((28, 12),)), ((26, 8), ((1, 1), (1, 12))), ((26, 10), ((1, 1), (1, 12), (28, 12))), ((11, 10), ((1, 12),)), ((26, 5), ((1, 1), (1, 12), (28, 1))), ((27, 8), ((28, 1), (28, 12))), ((25, 1), ((1, 1), (1, 12), (28, 1))), ((20, 7), ((1, 1),)), ((15, 10), ((1, 1),)), ((13, 8), ((1, 12),)), ((21, 12), ((28, 1),)), ((15, 2), ((1, 12),)), ((19, 10), ((28, 1), (28, 12))), ((15, 1), ((1, 12),)), ((18, 9), ((28, 1), (28, 12))), ((25, 12), ((1, 1), (1, 12), (28, 1))), ((23, 8), ((28, 1),))]",692,62,44,106
693,"((28, 12), ((1, 1), (1, 12), (28, 1), (28, 12)))","((28, 11), ((1, 1), (1, 12), (28, 1)))",North,[],"[((28, 12), ((1, 1), (1, 12), (28, 1), (28, 12))), ((24, 12), ((28, 12),)), ((14, 12), ((1, 1), (1, 12))), ((28, 5), ((28, 1), (28, 12))), ((23, 4), ((28, 1),)), ((24, 4), ((28, 12),)), ((26, 8), ((1, 1), (1, 12))), ((26, 10), ((1, 1), (1, 12), (28, 12))), ((11, 10), ((1, 12),)), ((26, 5), ((1, 1), (1, 12), (28, 1))), ((27, 8), ((28, 1), (28, 12))), ((25, 1), ((1, 1), (1, 12), (28, 1))), ((20, 7), ((1, 1),)), ((15, 10), ((1, 1),)), ((13, 8), ((1, 12),)), ((21, 12), ((28, 1),)), ((15, 2), ((1, 12),)), ((19, 10), ((28, 1), (28, 12))), ((15, 1), ((1, 12),)), ((18, 9), ((28, 1), (28, 12))), ((25, 12), ((1, 1), (1, 12), (28, 1))), ((23, 8), ((28, 1),))]","[((24, 12), ((28, 12),)), ((28, 5), ((28, 1), (28, 12))), ((14, 12), ((1, 1), (1, 12))), ((26, 10), ((1, 1), (1, 12), (28, 12))), ((23, 4), ((28, 1),)), ((24, 4), ((28, 12),)), ((26, 8), ((1, 1), (1, 12))), ((21, 12), ((28, 1),)), ((11, 10), ((1, 12),)), ((26, 5), ((1, 1), (1, 12), (28, 1))), ((27, 8), ((28, 1), (28, 12))), ((25, 1), ((1, 1), (1, 12), (28, 1))), ((20, 7), ((1, 1),)), ((15, 10), ((1, 1),)), ((13, 8), ((1, 12),)), ((23, 8), ((28, 1),)), ((15, 2), ((1, 12),)), ((19, 10), ((28, 1), (28, 12))), ((15, 1), ((1, 12),)), ((18, 9), ((28, 1), (28, 12))), ((25, 12), ((1, 1), (1, 12), (28, 1)))]",693,106,0,106
